name,type,country,city,address,lat,lon,beds,departments,ownership,icu
Mumbai Care Hospital,general hospital,India,Mumbai,"105 Green Park Rd, Mumbai, India",19.055926,72.949814,300,dermatology || nephrology || physiotherapy,public,True
Mumbai Superspeciality Hospital,specialty hospital,India,Mumbai,"430 Church St, Mumbai, India",19.091785,72.822663,75,cardiology || orthopedics || pediatrics || physiotherapy || pulmonology || urology,public,True
Dubai Medical Center,general hospital,UAE,Dubai,"353 Temple Rd, Dubai, UAE",25.134093,55.329388,200,dental || gynecology || psychiatry,trust,True
Hisar Health Institute,specialty hospital,India,Hisar,"47 Church St, Hisar, India",29.182492,75.644994,1000,emergency || gastroenterology || gynecology || hematology || neurosurgery,private,False
Kochi Superspeciality Hospital,specialty hospital,India,Kochi,"700 MG Road, Kochi, India",9.984391,76.221274,75,dental || ent || hematology || neurosurgery || orthopedics || physiotherapy || pulmonology,trust,False
Salem Health Institute,specialty hospital,India,Salem,"235 Maple Ave, Salem, India",11.613645,78.114679,200,emergency || gastroenterology || orthopedics || pediatrics || psychiatry,trust,False
Madurai Multispeciality Hospital,teaching hospital,India,Madurai,"470 Ring Rd, Madurai, India",9.914311,78.086397,250,hematology || nephrology || neurosurgery || pediatrics || psychiatry,private,True
Montreal Multispeciality Hospital #1,general hospital,Canada,Montreal,"113 Ring Rd, Montreal, Canada",45.444219,-73.600657,100,emergency || gastroenterology || nephrology || neurosurgery || oncology || orthopedics || pediatrics || pulmonology,public,False
Paris Care Hospital,general hospital,France,Paris,"301 NH 48, Paris, France",48.849571,2.397828,75,cardiology || pediatrics || psychiatry || pulmonology,private,True
Hisar Superspeciality Hospital #2,specialty hospital,India,Hisar,"553 Hospital Rd, Hisar, India",29.151478,75.736486,25,cardiology || ophthalmology || radiology,public,False
Barcelona Superspeciality Hospital #3,teaching hospital,Spain,Barcelona,"970 MG Road, Barcelona, Spain",41.404607,2.115884,50,emergency || hematology || ophthalmology,public,False
Patna Medical College & Hospital,teaching hospital,India,Patna,"774 Sunrise Blvd, Patna, India",25.665922,85.212101,400,dermatology || gastroenterology || neurosurgery || oncology || ophthalmology || pediatrics || psychiatry || urology,public,True
Jalandhar Superspeciality Hospital,general hospital,India,Jalandhar,"725 Maple Ave, Jalandhar, India",31.294738,75.511828,250,dermatology || emergency || physiotherapy || radiology,private,True
Ludhiana City Infirmary,teaching hospital,India,Ludhiana,"591 College Rd, Ludhiana, India",30.891389,75.796803,150,gynecology || nephrology || ophthalmology || orthopedics,public,True
Guwahati General Hospital,teaching hospital,India,Guwahati,"101 Maple Ave, Guwahati, India",26.070002,91.801691,75,dental || gynecology || neurosurgery || orthopedics || pediatrics || radiology,private,True
Visakhapatnam Medical Center,teaching hospital,India,Visakhapatnam,"564 Station Rd, Visakhapatnam, India",17.712804,83.188374,200,cardiology || dental || emergency,trust,False
Jammu Multispeciality Hospital,general hospital,India,Jammu,"61 Lakeview Ave, Jammu, India",32.734074,74.806577,1000,cardiology || gastroenterology || hematology || orthopedics || pediatrics || psychiatry,private,True
Paris City Infirmary #4,general hospital,France,Paris,"60 Green Park Rd, Paris, France",48.900621,2.42252,500,dental || dermatology || radiology,private,True
Toronto Medical Center,general hospital,Canada,Toronto,"70 Church St, Toronto, Canada",43.668864,-79.3157,50,dermatology || emergency || gynecology || neurosurgery || orthopedics || radiology,private,False
Frankfurt Health Institute,general hospital,Germany,Frankfurt,"688 High St, Frankfurt, Germany",50.062257,8.609336,100,cardiology || emergency || oncology || ophthalmology || psychiatry || radiology,trust,True
Patna City Infirmary,teaching hospital,India,Patna,"901 Church St, Patna, India",25.576288,85.101016,400,oncology || ophthalmology || physiotherapy || psychiatry || pulmonology,trust,False
Tiruchirappalli Care Hospital,general hospital,India,Tiruchirappalli,"900 Ring Rd, Tiruchirappalli, India",10.767581,78.66965,200,ent || gynecology || hematology || pediatrics || physiotherapy,private,True
Aurangabad Care Hospital,general hospital,India,Aurangabad,"930 Maple Ave, Aurangabad, India",19.818748,75.391652,50,dermatology || nephrology || pediatrics,public,False
Patna City Infirmary,specialty hospital,India,Patna,"438 Green Park Rd, Patna, India",25.672002,85.181159,75,emergency || gynecology || hematology,private,False
Lucknow Medical College & Hospital #5,general hospital,India,Lucknow,"921 Maple Ave, Lucknow, India",26.767584,80.996674,300,gastroenterology || gynecology || neurosurgery || orthopedics || urology,private,False
Rome Superspeciality Hospital,teaching hospital,Italy,Rome,"831 Lakeview Ave, Rome, Italy",41.939441,12.539803,50,cardiology || ent || gastroenterology || nephrology || pulmonology || radiology,trust,False
Bareilly Medical Center,general hospital,India,Bareilly,"482 Church St, Bareilly, India",28.344355,79.368939,500,neurosurgery || oncology || psychiatry || urology,public,True
Vadodara Medical Center,general hospital,India,Vadodara,"657 Hospital Rd, Vadodara, India",22.326928,73.154144,50,cardiology || dental || gynecology || hematology || psychiatry || radiology,public,False
Pune Medical College & Hospital,specialty hospital,India,Pune,"447 Hospital Rd, Pune, India",18.490157,73.828729,300,gastroenterology || orthopedics || pediatrics,public,True
Moradabad Superspeciality Hospital,general hospital,India,Moradabad,"681 Park Ave, Moradabad, India",28.860609,78.835254,150,ent || gynecology || oncology || orthopedics || physiotherapy || pulmonology || radiology,private,True
Mangaluru Medical College & Hospital,teaching hospital,India,Mangaluru,"631 High St, Mangaluru, India",12.853235,74.890119,300,cardiology || dental || ent || gynecology || oncology || orthopedics,private,True
Ranchi Multispeciality Hospital,general hospital,India,Ranchi,"813 Lakeview Ave, Ranchi, India",23.353904,85.352955,150,dermatology || emergency || ent || gastroenterology || gynecology || nephrology || oncology || radiology,private,True
Mumbai General Hospital,general hospital,India,Mumbai,"871 MG Road, Mumbai, India",19.079637,72.866107,25,dental || gastroenterology || gynecology || nephrology || ophthalmology || orthopedics,public,False
Shanghai Medical College & Hospital,specialty hospital,China,Shanghai,"713 Hospital Rd, Shanghai, China",31.167663,121.398729,250,dental || dermatology || emergency || ent || gynecology || neurosurgery,private,True
Rio de Janeiro Multispeciality Hospital,specialty hospital,Brazil,Rio de Janeiro,"517 NH 48, Rio de Janeiro, Brazil",-22.936503,-43.171529,750,gastroenterology || gynecology || hematology || ophthalmology || physiotherapy || psychiatry || pulmonology,private,True
Tokyo Care Hospital,specialty hospital,Japan,Tokyo,"241 Temple Rd, Tokyo, Japan",35.636087,139.635961,300,dental || emergency || ent || hematology || radiology,public,True
Manchester Medical College & Hospital,general hospital,United Kingdom,Manchester,"64 Sunrise Blvd, Manchester, United Kingdom",53.437408,-2.310283,100,cardiology || dental || gastroenterology || ophthalmology || physiotherapy || pulmonology,public,True
Beijing Superspeciality Hospital,general hospital,China,Beijing,"498 Oak St, Beijing, China",39.849995,116.476152,400,emergency || gastroenterology || ophthalmology || psychiatry || pulmonology || radiology,trust,True
Sao Paulo Medical Center,general hospital,Brazil,Sao Paulo,"473 Lakeview Ave, Sao Paulo, Brazil",-23.534455,-46.580166,400,gastroenterology || pediatrics || radiology,public,True
Singapore Medical College & Hospital,general hospital,Singapore,Singapore,"20 Green Park Rd, Singapore, Singapore",1.301951,103.882609,200,emergency || neurosurgery || urology,private,True
Berlin General Hospital,general hospital,Germany,Berlin,"485 Station Rd, Berlin, Germany",52.56919,13.468375,100,emergency || nephrology || oncology || orthopedics || pediatrics || psychiatry || urology,trust,False
Vancouver Medical Center,teaching hospital,Canada,Vancouver,"590 Sector 21 Rd, Vancouver, Canada",49.220308,-123.16423,150,emergency || gastroenterology || gynecology || neurosurgery || orthopedics || urology,public,False
Madrid Health Institute,specialty hospital,Spain,Madrid,"71 Hospital Rd, Madrid, Spain",40.467682,-3.646083,25,cardiology || dermatology || nephrology || ophthalmology || orthopedics || physiotherapy || pulmonology || radiology,trust,False
Kanpur Care Hospital,teaching hospital,India,Kanpur,"794 College Rd, Kanpur, India",26.45162,80.318686,75,dermatology || nephrology || neurosurgery || pediatrics || physiotherapy || radiology,public,True
Rio de Janeiro Health Institute #6,teaching hospital,Brazil,Rio de Janeiro,"187 College Rd, Rio de Janeiro, Brazil",-22.967622,-43.198882,750,dental || pediatrics || radiology || urology,trust,True
Delhi Superspeciality Hospital #7,specialty hospital,India,Delhi,"501 Green Park Rd, Delhi, India",28.585612,77.212006,300,cardiology || ophthalmology || physiotherapy || psychiatry,public,True
Brisbane Health Institute,general hospital,Australia,Brisbane,"436 Green Park Rd, Brisbane, Australia",-27.491619,153.100585,1000,hematology || oncology || pediatrics || psychiatry || urology,public,True
Nellore City Infirmary #8,specialty hospital,India,Nellore,"284 Hospital Rd, Nellore, India",14.402885,79.98606,100,dental || emergency || gynecology || oncology || orthopedics || physiotherapy || pulmonology,public,False
Bengaluru General Hospital,specialty hospital,India,Bengaluru,"130 College Rd, Bengaluru, India",12.937174,77.520502,200,cardiology || oncology || ophthalmology,private,True
Melbourne Medical Center,general hospital,Australia,Melbourne,"76 Maple Ave, Melbourne, Australia",-37.813171,144.891337,100,emergency || hematology || neurosurgery || oncology,public,False
Bareilly Superspeciality Hospital,general hospital,India,Bareilly,"931 Main Bazaar Rd, Bareilly, India",28.432323,79.38873,50,dermatology || ent || nephrology || oncology || physiotherapy,trust,True
Paris Care Hospital,general hospital,France,Paris,"178 Green Park Rd, Paris, France",48.854912,2.429904,75,cardiology || nephrology || pulmonology,private,False
Bhopal Care Hospital,specialty hospital,India,Bhopal,"465 MG Road, Bhopal, India",23.287442,77.454459,75,dental || dermatology || gynecology || nephrology || neurosurgery || orthopedics || pediatrics || radiology,public,True
Hyderabad City Infirmary,specialty hospital,India,Hyderabad,"845 High St, Hyderabad, India",17.421515,78.465545,250,gastroenterology || gynecology || hematology || oncology || pediatrics || psychiatry,private,True
Cuttack Medical College & Hospital,specialty hospital,India,Cuttack,"27 MG Road, Cuttack, India",20.483865,85.888524,50,cardiology || dermatology || pediatrics || physiotherapy,private,True
Ranchi Care Hospital #9,specialty hospital,India,Ranchi,"651 College Rd, Ranchi, India",23.397748,85.280925,75,nephrology || ophthalmology || urology,public,False
Abu Dhabi Multispeciality Hospital,teaching hospital,UAE,Abu Dhabi,"834 Green Park Rd, Abu Dhabi, UAE",24.380424,54.391843,250,emergency || psychiatry || radiology,public,True
Shanghai Multispeciality Hospital,general hospital,China,Shanghai,"371 College Rd, Shanghai, China",31.153054,121.475635,75,dermatology || emergency || hematology || neurosurgery || ophthalmology || orthopedics || pediatrics || psychiatry,trust,True
Aurangabad Superspeciality Hospital,general hospital,India,Aurangabad,"15 Green Park Rd, Aurangabad, India",19.899428,75.291199,300,dermatology || emergency || gynecology || neurosurgery || psychiatry || radiology,private,True
Cape Town Medical College & Hospital,teaching hospital,South Africa,Cape Town,"250 Main Bazaar Rd, Cape Town, South Africa",-33.943022,18.493977,50,dermatology || gastroenterology || hematology || nephrology || ophthalmology || orthopedics || physiotherapy,private,False
Bareilly Care Hospital,general hospital,India,Bareilly,"306 College Rd, Bareilly, India",28.341571,79.368556,750,dental || ophthalmology || psychiatry || urology,public,False
Bilaspur Health Institute,teaching hospital,India,Bilaspur,"245 Sector 21 Rd, Bilaspur, India",22.139974,82.100371,250,dermatology || nephrology || ophthalmology || radiology,private,False
Tiruchirappalli City Infirmary,general hospital,India,Tiruchirappalli,"515 Park Ave, Tiruchirappalli, India",10.841256,78.713532,200,ent || gynecology || psychiatry,trust,True
Bhubaneswar City Infirmary #10,specialty hospital,India,Bhubaneswar,"272 Park Ave, Bhubaneswar, India",20.254796,85.759396,500,emergency || ent || gastroenterology || physiotherapy || pulmonology || radiology || urology,trust,True
Nashik Medical Center,specialty hospital,India,Nashik,"295 Church St, Nashik, India",20.061567,73.811096,100,emergency || ent || gynecology || hematology || nephrology || neurosurgery || physiotherapy || urology,trust,True
Melbourne Health Institute,general hospital,Australia,Melbourne,"422 Lakeview Ave, Melbourne, Australia",-37.837726,144.999253,500,emergency || gastroenterology || neurosurgery || pulmonology,private,True
Aurangabad Care Hospital,specialty hospital,India,Aurangabad,"921 Main Bazaar Rd, Aurangabad, India",19.938134,75.38808,250,dental || emergency || physiotherapy || psychiatry || pulmonology,trust,True
Milan Multispeciality Hospital,general hospital,Italy,Milan,"394 College Rd, Milan, Italy",45.397662,9.135861,500,gastroenterology || neurosurgery || urology,private,False
Prayagraj Medical College & Hospital,specialty hospital,India,Prayagraj,"703 Maple Ave, Prayagraj, India",25.452829,81.767772,50,gynecology || neurosurgery || oncology || ophthalmology || psychiatry || radiology || urology,private,False
Paris Medical Center,specialty hospital,France,Paris,"317 Main Bazaar Rd, Paris, France",48.88276,2.27301,75,hematology || physiotherapy || urology,public,True
Toronto City Infirmary,teaching hospital,Canada,Toronto,"375 Hospital Rd, Toronto, Canada",43.660997,-79.352497,250,gastroenterology || hematology || ophthalmology || pediatrics || physiotherapy || pulmonology || urology,trust,False
Chennai City Infirmary,general hospital,India,Chennai,"693 Sector 21 Rd, Chennai, India",13.038583,80.304649,75,cardiology || dermatology || emergency || gastroenterology || hematology || pediatrics || urology,private,False
Rio de Janeiro Health Institute #11,general hospital,Brazil,Rio de Janeiro,"26 Green Park Rd, Rio de Janeiro, Brazil",-22.934736,-43.133461,250,emergency || neurosurgery || oncology || psychiatry || radiology,private,True
Melbourne Medical Center #12,teaching hospital,Australia,Melbourne,"139 Sector 21 Rd, Melbourne, Australia",-37.757724,144.988318,200,dental || hematology || nephrology || orthopedics || psychiatry || urology,private,False
Jabalpur Care Hospital #13,general hospital,India,Jabalpur,"455 Main Bazaar Rd, Jabalpur, India",23.116488,79.965235,75,ent || gynecology || physiotherapy || urology,public,True
Beijing Medical Center,specialty hospital,China,Beijing,"612 Oak St, Beijing, China",39.863238,116.483082,150,hematology || neurosurgery || radiology,private,True
Johannesburg Superspeciality Hospital,general hospital,South Africa,Johannesburg,"793 Ring Rd, Johannesburg, South Africa",-26.141373,28.068282,400,cardiology || dental || ent || gastroenterology || hematology || ophthalmology || pediatrics,public,True
Delhi Health Institute,general hospital,India,Delhi,"332 Oak St, Delhi, India",28.614322,77.221305,150,dermatology || hematology || nephrology || pediatrics,private,False
Aligarh Health Institute,general hospital,India,Aligarh,"516 Church St, Aligarh, India",27.848639,78.123592,100,cardiology || dermatology || ent || nephrology || oncology || psychiatry || radiology,trust,False
Pune Multispeciality Hospital,general hospital,India,Pune,"921 MG Road, Pune, India",18.444291,73.879976,75,emergency || hematology || oncology || pediatrics || physiotherapy,private,False
Rajkot Care Hospital,specialty hospital,India,Rajkot,"102 Station Rd, Rajkot, India",22.374373,70.874829,750,dental || gynecology || nephrology || ophthalmology || orthopedics || physiotherapy || psychiatry || pulmonology,private,True
Abu Dhabi Health Institute,general hospital,UAE,Abu Dhabi,"157 College Rd, Abu Dhabi, UAE",24.433125,54.299773,750,dental || emergency || physiotherapy,private,True
Jaipur General Hospital,specialty hospital,India,Jaipur,"338 Station Rd, Jaipur, India",26.900909,75.861965,1000,dermatology || hematology || nephrology || oncology || ophthalmology || urology,public,True
Tiruchirappalli Multispeciality Hospital,general hospital,India,Tiruchirappalli,"866 Green Park Rd, Tiruchirappalli, India",10.846982,78.671812,100,gynecology || nephrology || neurosurgery || ophthalmology || pediatrics,private,False
Salem General Hospital,specialty hospital,India,Salem,"711 Temple Rd, Salem, India",11.720482,78.116708,75,oncology || pediatrics || pulmonology,trust,True
Lucknow Medical College & Hospital #14,specialty hospital,India,Lucknow,"996 Oak St, Lucknow, India",26.855788,81.015985,300,ent || gastroenterology || orthopedics,private,True
Guntur Health Institute,specialty hospital,India,Guntur,"87 Maple Ave, Guntur, India",16.31791,80.372048,250,dermatology || emergency || pediatrics || pulmonology,private,True
Mangaluru Care Hospital,general hospital,India,Mangaluru,"354 NH 48, Mangaluru, India",12.992509,74.798413,200,ent || oncology || ophthalmology,private,True
Rajkot General Hospital #15,general hospital,India,Rajkot,"217 Ring Rd, Rajkot, India",22.36428,70.840723,300,cardiology || gynecology || neurosurgery || oncology || radiology,private,True
Vijayawada Superspeciality Hospital,specialty hospital,India,Vijayawada,"826 Hill Rd, Vijayawada, India",16.538597,80.625519,100,dermatology || gastroenterology || nephrology,public,False
Rio de Janeiro Medical College & Hospital,general hospital,Brazil,Rio de Janeiro,"118 Sector 21 Rd, Rio de Janeiro, Brazil",-22.857302,-43.123282,500,psychiatry || pulmonology || radiology,private,False
Panipat Medical Center,specialty hospital,India,Panipat,"537 MG Road, Panipat, India",29.457018,76.965315,150,dental || emergency || gastroenterology || neurosurgery || oncology || radiology,public,False
Nagpur Health Institute,teaching hospital,India,Nagpur,"661 Ring Rd, Nagpur, India",21.193527,79.112194,300,gynecology || hematology || orthopedics || pediatrics,public,True
London Multispeciality Hospital,specialty hospital,United Kingdom,London,"594 Main Bazaar Rd, London, United Kingdom",51.554727,-0.065399,100,dental || dermatology || gastroenterology || hematology || neurosurgery || physiotherapy || psychiatry || radiology,private,False
Kochi Medical Center,general hospital,India,Kochi,"59 Hill Rd, Kochi, India",9.911293,76.202337,200,emergency || ent || gastroenterology || neurosurgery || physiotherapy,private,False
Houston Superspeciality Hospital,general hospital,United States,Houston,"155 Maple Ave, Houston, United States",29.686151,-95.375304,200,cardiology || emergency || gynecology || physiotherapy || pulmonology || radiology,private,False
Nashik City Infirmary,teaching hospital,India,Nashik,"397 NH 48, Nashik, India",19.963347,73.804333,25,dental || dermatology || emergency || physiotherapy || radiology,private,False
Panipat City Infirmary,specialty hospital,India,Panipat,"145 Hill Rd, Panipat, India",29.316876,77.015116,100,emergency || gastroenterology || hematology || oncology || pediatrics,public,False
Paris Medical College & Hospital,general hospital,France,Paris,"317 Lakeview Ave, Paris, France",48.79693,2.355759,300,neurosurgery || ophthalmology || orthopedics || radiology,trust,True
Bareilly Medical Center,general hospital,India,Bareilly,"757 Hospital Rd, Bareilly, India",28.321531,79.450062,50,gastroenterology || hematology || radiology,public,True
Sao Paulo Multispeciality Hospital #16,general hospital,Brazil,Sao Paulo,"737 Church St, Sao Paulo, Brazil",-23.627531,-46.634583,200,ent || gastroenterology || hematology || neurosurgery || oncology || psychiatry,private,False
Salem Multispeciality Hospital,general hospital,India,Salem,"392 Hospital Rd, Salem, India",11.686289,78.182175,1000,cardiology || hematology || nephrology || ophthalmology || orthopedics || physiotherapy || pulmonology,private,False
Pune Medical Center,specialty hospital,India,Pune,"280 Main Bazaar Rd, Pune, India",18.523008,73.828373,400,dental || emergency || hematology || nephrology || neurosurgery || ophthalmology || pulmonology,trust,True
Thiruvananthapuram Superspeciality Hospital,general hospital,India,Thiruvananthapuram,"230 Oak St, Thiruvananthapuram, India",8.487433,76.926835,50,cardiology || ent || gynecology || hematology || radiology,public,False
Montreal Multispeciality Hospital,general hospital,Canada,Montreal,"82 Oak St, Montreal, Canada",45.425956,-73.493376,400,dermatology || ent || hematology || nephrology || orthopedics,private,True
Visakhapatnam Medical College & Hospital,specialty hospital,India,Visakhapatnam,"65 Station Rd, Visakhapatnam, India",17.718156,83.203932,75,cardiology || dental || emergency || ent || neurosurgery || urology,public,True
Udaipur Medical College & Hospital #17,specialty hospital,India,Udaipur,"537 Hill Rd, Udaipur, India",24.53043,73.672539,200,dental || ent || physiotherapy,private,True
Bhubaneswar Multispeciality Hospital #18,general hospital,India,Bhubaneswar,"383 Temple Rd, Bhubaneswar, India",20.330435,85.850132,100,cardiology || dental || emergency || gastroenterology || gynecology || ophthalmology || radiology || urology,public,False
Toronto Health Institute,specialty hospital,Canada,Toronto,"180 Main Bazaar Rd, Toronto, Canada",43.725978,-79.345136,200,cardiology || emergency || gastroenterology || hematology || neurosurgery || ophthalmology || pulmonology || urology,public,True
Bengaluru Health Institute,general hospital,India,Bengaluru,"835 Green Park Rd, Bengaluru, India",12.989475,77.581736,75,dermatology || nephrology || oncology || orthopedics || pediatrics || pulmonology,private,False
Ahmedabad Health Institute,general hospital,India,Ahmedabad,"451 Sector 21 Rd, Ahmedabad, India",22.999456,72.612655,25,dental || ophthalmology || psychiatry || pulmonology || urology,private,False
Varanasi Medical Center,teaching hospital,India,Varanasi,"185 Green Park Rd, Varanasi, India",25.256172,82.90126,25,emergency || gynecology || ophthalmology || physiotherapy || radiology,public,False
Montreal Multispeciality Hospital,general hospital,Canada,Montreal,"891 Hill Rd, Montreal, Canada",45.558774,-73.534815,150,dermatology || emergency || nephrology || orthopedics || pediatrics || psychiatry || radiology,public,False
Los Angeles Multispeciality Hospital #19,general hospital,United States,Los Angeles,"798 Hill Rd, Los Angeles, United States",33.987853,-118.245041,150,dermatology || gastroenterology || hematology || psychiatry || pulmonology,public,False
Amritsar Health Institute,specialty hospital,India,Amritsar,"256 Station Rd, Amritsar, India",31.581712,74.861716,150,ent || ophthalmology || pulmonology,public,False
Patna Multispeciality Hospital,specialty hospital,India,Patna,"711 College Rd, Patna, India",25.612636,85.159215,25,emergency || gynecology || hematology || psychiatry,public,False
Barcelona Health Institute,general hospital,Spain,Barcelona,"298 High St, Barcelona, Spain",41.367338,2.188738,150,ent || neurosurgery || pulmonology || urology,public,True
Bareilly Multispeciality Hospital #20,specialty hospital,India,Bareilly,"378 Main Bazaar Rd, Bareilly, India",28.424038,79.455791,75,dental || emergency || hematology || nephrology || oncology || orthopedics || urology,private,True
Udaipur Medical Center #21,general hospital,India,Udaipur,"76 Main Bazaar Rd, Udaipur, India",24.516691,73.735287,25,emergency || ent || gastroenterology || hematology || pulmonology || urology,private,False
Ahmedabad City Infirmary,general hospital,India,Ahmedabad,"958 Church St, Ahmedabad, India",23.036224,72.641837,200,emergency || ent || gynecology || oncology || pediatrics,private,True
Noida Medical Center,general hospital,India,Noida,"965 Ring Rd, Noida, India",28.517607,77.413926,150,cardiology || dermatology || emergency || radiology,public,False
Madurai Superspeciality Hospital,general hospital,India,Madurai,"655 Oak St, Madurai, India",9.932499,78.190434,100,dental || gastroenterology || gynecology || oncology || ophthalmology || physiotherapy,private,True
Warangal General Hospital #22,general hospital,India,Warangal,"476 Sunrise Blvd, Warangal, India",18.04269,79.658956,75,dental || hematology || orthopedics || radiology || urology,public,True
Agra Superspeciality Hospital,general hospital,India,Agra,"254 Ring Rd, Agra, India",27.107798,77.944224,25,dermatology || gastroenterology || oncology,trust,False
Tehran Health Institute,specialty hospital,Iran,Tehran,"195 Lakeview Ave, Tehran, Iran",35.624311,51.418281,50,cardiology || ent || neurosurgery || oncology || ophthalmology || psychiatry,public,False
Visakhapatnam Superspeciality Hospital,general hospital,India,Visakhapatnam,"289 College Rd, Visakhapatnam, India",17.657836,83.27368,25,cardiology || emergency || gynecology || hematology || oncology || ophthalmology || orthopedics,private,False
Mysuru General Hospital,general hospital,India,Mysuru,"567 High St, Mysuru, India",12.346115,76.604497,50,ent || gastroenterology || psychiatry,private,False
Paris City Infirmary,general hospital,France,Paris,"814 Park Ave, Paris, France",48.888078,2.372831,500,cardiology || gastroenterology || hematology || nephrology || orthopedics || pediatrics || urology,public,True
Cape Town City Infirmary,general hospital,South Africa,Cape Town,"336 Park Ave, Cape Town, South Africa",-33.887289,18.472657,100,gastroenterology || oncology || ophthalmology || radiology,private,True
Abu Dhabi Medical Center,specialty hospital,UAE,Abu Dhabi,"816 Oak St, Abu Dhabi, UAE",24.40229,54.417398,400,dermatology || emergency || ent || neurosurgery || oncology || ophthalmology || pediatrics,private,True
Singapore Superspeciality Hospital #23,teaching hospital,Singapore,Singapore,"113 Sunrise Blvd, Singapore, Singapore",1.430581,103.805819,100,nephrology || psychiatry || radiology,public,False
Aligarh Multispeciality Hospital,specialty hospital,India,Aligarh,"64 Ring Rd, Aligarh, India",27.941626,78.062529,750,dental || ophthalmology || orthopedics || pediatrics || physiotherapy || pulmonology || radiology,trust,True
Ludhiana Health Institute,teaching hospital,India,Ludhiana,"698 Temple Rd, Ludhiana, India",30.958311,75.845916,300,gynecology || hematology || neurosurgery || ophthalmology || orthopedics || pediatrics || physiotherapy,trust,False
Rome Multispeciality Hospital,general hospital,Italy,Rome,"957 Temple Rd, Rome, Italy",41.943527,12.4329,750,dental || ent || gastroenterology || gynecology || nephrology,public,False
Bengaluru Care Hospital,general hospital,India,Bengaluru,"947 Main Bazaar Rd, Bengaluru, India",12.97244,77.646833,100,ent || hematology || nephrology || ophthalmology || orthopedics || pediatrics || physiotherapy || psychiatry,private,True
Jodhpur Superspeciality Hospital,specialty hospital,India,Jodhpur,"544 Church St, Jodhpur, India",26.302184,73.006572,25,dental || dermatology || gynecology || nephrology || neurosurgery || physiotherapy || pulmonology || urology,private,True
Tehran Medical College & Hospital,teaching hospital,Iran,Tehran,"488 College Rd, Tehran, Iran",35.754061,51.323606,100,cardiology || dental || dermatology || ent || gastroenterology || oncology || orthopedics || radiology,private,True
Shanghai City Infirmary,specialty hospital,China,Shanghai,"957 Maple Ave, Shanghai, China",31.30241,121.545797,200,cardiology || dermatology || hematology || oncology || ophthalmology || pulmonology,private,True
Melbourne Multispeciality Hospital,general hospital,Australia,Melbourne,"517 Main Bazaar Rd, Melbourne, Australia",-37.792506,144.954851,100,gynecology || orthopedics || pulmonology || radiology || urology,private,True
Nellore Health Institute,specialty hospital,India,Nellore,"776 Sunrise Blvd, Nellore, India",14.415186,80.014103,300,ent || gastroenterology || nephrology || radiology,public,True
Jaipur Multispeciality Hospital,general hospital,India,Jaipur,"268 Sector 21 Rd, Jaipur, India",26.959053,75.833639,50,oncology || pediatrics || psychiatry || radiology,private,False
Thiruvananthapuram Superspeciality Hospital #24,general hospital,India,Thiruvananthapuram,"315 Lakeview Ave, Thiruvananthapuram, India",8.523207,76.865809,200,dental || ent || gynecology || oncology || ophthalmology || pulmonology,public,False
Guwahati Health Institute,general hospital,India,Guwahati,"483 Green Park Rd, Guwahati, India",26.135145,91.798233,100,dermatology || emergency || neurosurgery || orthopedics || pediatrics || psychiatry || pulmonology || urology,trust,True
Shiraz Superspeciality Hospital,general hospital,Iran,Shiraz,"336 Hospital Rd, Shiraz, Iran",29.530531,52.526579,300,emergency || gynecology || ophthalmology || orthopedics || pediatrics || psychiatry,private,True
Mangaluru Multispeciality Hospital,specialty hospital,India,Mangaluru,"689 High St, Mangaluru, India",12.933015,74.79218,50,cardiology || dermatology || gastroenterology || gynecology || oncology || pediatrics || physiotherapy || urology,public,False
Hyderabad Medical Center,general hospital,India,Hyderabad,"294 NH 48, Hyderabad, India",17.417155,78.418342,400,gastroenterology || hematology || nephrology || urology,private,False
Kolkata City Infirmary,general hospital,India,Kolkata,"183 Green Park Rd, Kolkata, India",22.605599,88.296916,50,cardiology || ent || gastroenterology || hematology || neurosurgery || ophthalmology,trust,False
Singapore Superspeciality Hospital,general hospital,Singapore,Singapore,"283 Sunrise Blvd, Singapore, Singapore",1.429962,103.799683,100,cardiology || dental || dermatology || gastroenterology || gynecology || nephrology || physiotherapy || psychiatry,private,True
Shanghai Superspeciality Hospital,general hospital,China,Shanghai,"240 Green Park Rd, Shanghai, China",31.280448,121.54526,1200,dermatology || ent || hematology || oncology,public,False
Udaipur Health Institute,teaching hospital,India,Udaipur,"677 Hospital Rd, Udaipur, India",24.625941,73.692702,50,dermatology || nephrology || oncology || pediatrics,private,False
Montreal Medical College & Hospital,general hospital,Canada,Montreal,"353 Sector 21 Rd, Montreal, Canada",45.546244,-73.558055,150,dental || emergency || hematology || nephrology || ophthalmology || orthopedics || radiology,private,True
Brisbane City Infirmary,teaching hospital,Australia,Brisbane,"576 NH 48, Brisbane, Australia",-27.404783,152.962892,150,dental || ent || gastroenterology || gynecology || hematology || physiotherapy,public,False
Beijing Medical Center,specialty hospital,China,Beijing,"53 Temple Rd, Beijing, China",39.826017,116.402386,50,dermatology || emergency || ent || gynecology || neurosurgery || orthopedics,trust,False
Los Angeles Superspeciality Hospital,general hospital,United States,Los Angeles,"773 College Rd, Los Angeles, United States",33.991211,-118.304896,250,gastroenterology || neurosurgery || orthopedics || radiology,private,True
Kochi Care Hospital,general hospital,India,Kochi,"510 Main Bazaar Rd, Kochi, India",9.970567,76.280639,1000,ophthalmology || orthopedics || radiology,public,True
Bhopal City Infirmary #25,specialty hospital,India,Bhopal,"599 NH 48, Bhopal, India",23.239879,77.378314,500,dental || hematology || neurosurgery || orthopedics || radiology,private,True
Jabalpur Health Institute,specialty hospital,India,Jabalpur,"990 College Rd, Jabalpur, India",23.137275,80.060516,25,dental || hematology || pediatrics || physiotherapy || pulmonology || urology,private,False
Madurai General Hospital,specialty hospital,India,Madurai,"77 Maple Ave, Madurai, India",10.000381,78.046706,500,hematology || nephrology || neurosurgery,public,True
Guwahati Health Institute #26,specialty hospital,India,Guwahati,"957 College Rd, Guwahati, India",26.148932,91.815074,50,cardiology || dental || ent || nephrology || ophthalmology || pediatrics || psychiatry || urology,public,False
Rohtak Medical College & Hospital,teaching hospital,India,Rohtak,"110 Station Rd, Rohtak, India",28.904117,76.681688,200,hematology || nephrology || neurosurgery || orthopedics || pediatrics || physiotherapy || pulmonology,private,True
Tokyo Superspeciality Hospital,specialty hospital,Japan,Tokyo,"83 Maple Ave, Tokyo, Japan",35.696904,139.68162,150,dental || gastroenterology || physiotherapy,private,True
Surat Medical Center,general hospital,India,Surat,"804 Park Ave, Surat, India",21.190609,72.84459,750,dermatology || ent || gynecology || nephrology || neurosurgery || physiotherapy || urology,trust,True
Chennai Care Hospital,specialty hospital,India,Chennai,"34 Lakeview Ave, Chennai, India",13.009971,80.235654,1000,cardiology || gastroenterology || hematology || orthopedics || psychiatry,public,True
Hisar Medical College & Hospital,general hospital,India,Hisar,"394 Ring Rd, Hisar, India",29.211642,75.714605,250,dermatology || emergency || ent || gynecology || ophthalmology || orthopedics || psychiatry || urology,public,False
Singapore General Hospital,specialty hospital,Singapore,Singapore,"462 College Rd, Singapore, Singapore",1.316481,103.769899,150,dental || gastroenterology || nephrology || urology,public,False
Aligarh Care Hospital,specialty hospital,India,Aligarh,"85 Temple Rd, Aligarh, India",27.873936,78.101385,50,gastroenterology || hematology || physiotherapy || radiology,public,True
Osaka Care Hospital #27,general hospital,Japan,Osaka,"442 Main Bazaar Rd, Osaka, Japan",34.769603,135.580094,300,cardiology || dental || dermatology || ent || gynecology || nephrology || pulmonology,private,True
Beijing General Hospital,general hospital,China,Beijing,"87 Green Park Rd, Beijing, China",39.909975,116.376924,400,ent || gastroenterology || physiotherapy || pulmonology,public,True
Lucknow Medical Center #28,general hospital,India,Lucknow,"307 College Rd, Lucknow, India",26.876257,80.892219,750,neurosurgery || pediatrics || urology,private,True
Guwahati Medical Center #29,general hospital,India,Guwahati,"406 Park Ave, Guwahati, India",26.196106,91.808168,300,dental || gastroenterology || nephrology || ophthalmology || orthopedics || psychiatry || radiology,trust,True
Jabalpur Superspeciality Hospital,general hospital,India,Jabalpur,"408 Park Ave, Jabalpur, India",23.199646,79.973319,750,gastroenterology || hematology || neurosurgery || ophthalmology || radiology,private,True
Udaipur Superspeciality Hospital,general hospital,India,Udaipur,"699 Green Park Rd, Udaipur, India",24.64397,73.639735,25,orthopedics || physiotherapy || psychiatry,private,False
Panipat Medical College & Hospital,general hospital,India,Panipat,"311 Church St, Panipat, India",29.371134,77.013189,1200,emergency || gastroenterology || hematology || nephrology || neurosurgery,trust,True
Srinagar Medical College & Hospital,specialty hospital,India,Srinagar,"369 Green Park Rd, Srinagar, India",34.027767,74.812361,100,emergency || gynecology || neurosurgery || oncology || physiotherapy || radiology || urology,public,False
Singapore Medical College & Hospital #30,general hospital,Singapore,Singapore,"228 Hospital Rd, Singapore, Singapore",1.427286,103.874539,400,dental || ent || neurosurgery || orthopedics || physiotherapy || psychiatry || pulmonology || radiology,private,True
Mumbai Multispeciality Hospital #31,general hospital,India,Mumbai,"985 MG Road, Mumbai, India",19.070991,72.864071,100,hematology || oncology || urology,public,False
Kochi Multispeciality Hospital #32,specialty hospital,India,Kochi,"464 Park Ave, Kochi, India",9.86022,76.325656,400,dermatology || gynecology || oncology,public,True
Moradabad City Infirmary,specialty hospital,India,Moradabad,"529 Lakeview Ave, Moradabad, India",28.918555,78.852762,200,gastroenterology || gynecology || nephrology || orthopedics || psychiatry || pulmonology || radiology,private,True
Singapore Superspeciality Hospital,general hospital,Singapore,Singapore,"5 Sunrise Blvd, Singapore, Singapore",1.395138,103.890963,500,emergency || gynecology || pediatrics || pulmonology,public,True
Tiruchirappalli Multispeciality Hospital,specialty hospital,India,Tiruchirappalli,"612 Sector 21 Rd, Tiruchirappalli, India",10.750076,78.696787,50,ent || gastroenterology || gynecology || nephrology || neurosurgery || oncology || urology,public,False
Shiraz Medical Center,general hospital,Iran,Shiraz,"245 High St, Shiraz, Iran",29.664448,52.600688,75,hematology || pulmonology || urology,private,True
Chandigarh Medical College & Hospital #33,specialty hospital,India,Chandigarh,"711 Lakeview Ave, Chandigarh, India",30.760772,76.798301,100,emergency || hematology || neurosurgery || oncology || ophthalmology || physiotherapy || pulmonology,private,False
Tokyo Superspeciality Hospital,teaching hospital,Japan,Tokyo,"518 College Rd, Tokyo, Japan",35.614369,139.677752,200,dermatology || emergency || nephrology || ophthalmology || physiotherapy || psychiatry,private,False
Bengaluru Care Hospital,general hospital,India,Bengaluru,"800 Main Bazaar Rd, Bengaluru, India",13.015171,77.597826,500,dental || dermatology || ent || gynecology || hematology || oncology || ophthalmology,private,False
Rohtak General Hospital,general hospital,India,Rohtak,"224 NH 48, Rohtak, India",28.903805,76.61635,500,dermatology || neurosurgery || oncology,private,True
Tokyo Superspeciality Hospital,specialty hospital,Japan,Tokyo,"706 Hill Rd, Tokyo, Japan",35.660757,139.591742,25,cardiology || gastroenterology || gynecology || hematology || nephrology || orthopedics || physiotherapy || pulmonology,private,False
Surat Health Institute,general hospital,India,Surat,"587 Temple Rd, Surat, India",21.211022,72.85035,300,dental || dermatology || ent || gynecology || hematology || nephrology || radiology,public,False
Vijayawada Health Institute,specialty hospital,India,Vijayawada,"693 Sector 21 Rd, Vijayawada, India",16.460274,80.589819,25,dermatology || gastroenterology || hematology || nephrology || neurosurgery || pediatrics,private,False
Srinagar Care Hospital,teaching hospital,India,Srinagar,"466 College Rd, Srinagar, India",34.059794,74.811687,150,cardiology || emergency || physiotherapy || psychiatry || radiology,private,True
Ludhiana Medical College & Hospital,general hospital,India,Ludhiana,"217 College Rd, Ludhiana, India",30.890961,75.921942,100,dental || hematology || oncology || physiotherapy || radiology,trust,False
Madrid General Hospital #34,specialty hospital,Spain,Madrid,"471 Oak St, Madrid, Spain",40.419038,-3.658416,150,dental || psychiatry || pulmonology,public,False
Warangal City Infirmary,general hospital,India,Warangal,"896 Temple Rd, Warangal, India",17.988434,79.652078,750,emergency || pediatrics || urology,public,False
Mysuru Care Hospital,specialty hospital,India,Mysuru,"440 MG Road, Mysuru, India",12.239332,76.707654,150,cardiology || dermatology || emergency || gynecology || oncology || ophthalmology || orthopedics || physiotherapy,private,True
Coimbatore Medical Center,general hospital,India,Coimbatore,"136 College Rd, Coimbatore, India",10.978119,76.949262,1200,emergency || gastroenterology || neurosurgery,private,True
Cuttack Care Hospital #35,specialty hospital,India,Cuttack,"772 Ring Rd, Cuttack, India",20.461319,85.8554,250,cardiology || dental || emergency || ent || hematology || neurosurgery || oncology || radiology,public,True
Isfahan Multispeciality Hospital,general hospital,Iran,Isfahan,"103 Ring Rd, Isfahan, Iran",32.613023,51.600138,50,gastroenterology || physiotherapy || urology,trust,False
Vadodara Medical Center,specialty hospital,India,Vadodara,"739 High St, Vadodara, India",22.247687,73.125504,50,cardiology || ent || hematology || oncology || ophthalmology || orthopedics || radiology || urology,public,False
Osaka Medical Center,specialty hospital,Japan,Osaka,"73 Hospital Rd, Osaka, Japan",34.71624,135.451401,100,hematology || radiology || urology,public,False
Ludhiana City Infirmary,teaching hospital,India,Ludhiana,"789 MG Road, Ludhiana, India",30.964451,75.853111,250,cardiology || emergency || physiotherapy,public,True
Bareilly Medical College & Hospital,specialty hospital,India,Bareilly,"514 NH 48, Bareilly, India",28.314571,79.381166,25,dermatology || emergency || ent || gastroenterology || hematology || pediatrics,public,False
Montreal Health Institute,specialty hospital,Canada,Montreal,"855 MG Road, Montreal, Canada",45.44893,-73.602826,75,dental || dermatology || ent || nephrology || neurosurgery,trust,True
Hyderabad Care Hospital,specialty hospital,India,Hyderabad,"180 Station Rd, Hyderabad, India",17.319192,78.426002,150,cardiology || hematology || pulmonology,private,True
Rohtak Care Hospital #36,general hospital,India,Rohtak,"800 Temple Rd, Rohtak, India",28.848513,76.584883,150,cardiology || dermatology || gynecology || hematology || nephrology || pediatrics || psychiatry || radiology,private,False
Guwahati Health Institute #37,teaching hospital,India,Guwahati,"171 Hill Rd, Guwahati, India",26.174963,91.66249,400,dental || gynecology || neurosurgery || pediatrics,private,True
Los Angeles General Hospital,general hospital,United States,Los Angeles,"154 Lakeview Ave, Los Angeles, United States",34.072664,-118.310619,500,dental || nephrology || neurosurgery,public,True
Sydney Health Institute #38,specialty hospital,Australia,Sydney,"54 Lakeview Ave, Sydney, Australia",-33.80146,151.139072,100,dermatology || emergency || ent || gastroenterology,trust,False
Melbourne Medical Center,general hospital,Australia,Melbourne,"206 High St, Melbourne, Australia",-37.764608,145.002822,75,dental || gastroenterology || neurosurgery || oncology || physiotherapy || psychiatry || urology,private,False
Bareilly Superspeciality Hospital #39,teaching hospital,India,Bareilly,"25 Church St, Bareilly, India",28.320496,79.409676,150,cardiology || dental || ent || gastroenterology || orthopedics || radiology || urology,private,False
Amritsar Superspeciality Hospital,teaching hospital,India,Amritsar,"996 Ring Rd, Amritsar, India",31.652921,74.851326,150,dermatology || emergency || nephrology || neurosurgery || orthopedics || pediatrics || physiotherapy || psychiatry,private,True
Birmingham Medical Center,specialty hospital,United Kingdom,Birmingham,"404 MG Road, Birmingham, United Kingdom",52.525795,-1.964531,75,dermatology || ent || gynecology || hematology || nephrology || ophthalmology || physiotherapy,trust,False
Hisar Health Institute,general hospital,India,Hisar,"77 Sunrise Blvd, Hisar, India",29.183336,75.784933,200,dental || gynecology || hematology || physiotherapy,public,True
Ludhiana Health Institute,general hospital,India,Ludhiana,"316 Main Bazaar Rd, Ludhiana, India",30.906103,75.794425,150,emergency || gynecology || nephrology || oncology || pulmonology,private,False
Panipat Health Institute #40,specialty hospital,India,Panipat,"992 Hill Rd, Panipat, India",29.396119,76.922295,75,dermatology || emergency || ent || nephrology || oncology || pediatrics,public,True
Nellore Superspeciality Hospital #41,general hospital,India,Nellore,"813 Ring Rd, Nellore, India",14.422965,79.909711,100,cardiology || dermatology || neurosurgery,public,False
Aurangabad Medical Center,general hospital,India,Aurangabad,"833 MG Road, Aurangabad, India",19.830032,75.3157,50,emergency || orthopedics || psychiatry,private,True
Barcelona Medical Center #42,general hospital,Spain,Barcelona,"173 NH 48, Barcelona, Spain",41.449884,2.183575,250,cardiology || emergency || gastroenterology || ophthalmology || orthopedics || physiotherapy || pulmonology || radiology,public,True
Cuttack City Infirmary #43,specialty hospital,India,Cuttack,"252 High St, Cuttack, India",20.508767,85.882551,50,dental || dermatology || ent || hematology || nephrology || ophthalmology,public,False
Moradabad Superspeciality Hospital,specialty hospital,India,Moradabad,"814 Oak St, Moradabad, India",28.844537,78.787195,300,dental || oncology || ophthalmology || physiotherapy || psychiatry || urology,private,True
Agra Superspeciality Hospital #44,specialty hospital,India,Agra,"288 Maple Ave, Agra, India",27.165766,77.948513,100,dermatology || ent || gynecology || neurosurgery || pulmonology || urology,private,True
Shiraz General Hospital,teaching hospital,Iran,Shiraz,"590 Sector 21 Rd, Shiraz, Iran",29.569893,52.607047,200,gastroenterology || neurosurgery || physiotherapy || pulmonology || radiology,private,True
Vijayawada Health Institute,specialty hospital,India,Vijayawada,"577 Sunrise Blvd, Vijayawada, India",16.483175,80.725842,200,cardiology || dental || dermatology || oncology || ophthalmology || pulmonology,public,True
Dehradun General Hospital,specialty hospital,India,Dehradun,"826 Ring Rd, Dehradun, India",30.274456,77.968485,75,cardiology || dermatology || emergency || pulmonology || radiology,private,False
Beijing Medical Center,teaching hospital,China,Beijing,"406 Station Rd, Beijing, China",39.863553,116.353109,75,hematology || oncology || pulmonology || radiology || urology,trust,False
Paris City Infirmary,specialty hospital,France,Paris,"911 Hill Rd, Paris, France",48.822215,2.29994,500,gastroenterology || oncology || physiotherapy || pulmonology,private,True
Delhi Medical College & Hospital,specialty hospital,India,Delhi,"582 Maple Ave, Delhi, India",28.546737,77.212922,150,gynecology || neurosurgery || ophthalmology || radiology,public,False
Prayagraj Health Institute #45,teaching hospital,India,Prayagraj,"91 Park Ave, Prayagraj, India",25.512981,81.784226,150,cardiology || dermatology || neurosurgery || orthopedics || pediatrics || urology,public,False
Houston Multispeciality Hospital,teaching hospital,United States,Houston,"906 NH 48, Houston, United States",29.835515,-95.311319,400,gastroenterology || gynecology || nephrology || neurosurgery || physiotherapy || urology,private,True
Berlin Multispeciality Hospital #46,specialty hospital,Germany,Berlin,"302 Oak St, Berlin, Germany",52.481264,13.352342,250,emergency || ent || gynecology || pediatrics || radiology,trust,True
Jabalpur Medical Center,teaching hospital,India,Jabalpur,"915 College Rd, Jabalpur, India",23.2502,79.995482,200,cardiology || dental || dermatology || emergency || ent || nephrology || physiotherapy || pulmonology,public,True
Milan Care Hospital,general hospital,Italy,Milan,"403 Green Park Rd, Milan, Italy",45.428997,9.233119,75,cardiology || dental || dermatology || hematology || orthopedics || urology,public,False
Nagpur Medical Center #47,general hospital,India,Nagpur,"299 MG Road, Nagpur, India",21.117589,79.07627,150,gastroenterology || gynecology || neurosurgery || oncology || ophthalmology || radiology,public,False
Thiruvananthapuram Medical College & Hospital,general hospital,India,Thiruvananthapuram,"270 Main Bazaar Rd, Thiruvananthapuram, India",8.482886,76.874974,250,dermatology || emergency || gastroenterology || neurosurgery || pediatrics || physiotherapy,private,True
Barcelona Superspeciality Hospital,specialty hospital,Spain,Barcelona,"839 Hospital Rd, Barcelona, Spain",41.353581,2.181598,75,dental || dermatology || hematology || neurosurgery || ophthalmology || physiotherapy,public,False
Udaipur City Infirmary #48,specialty hospital,India,Udaipur,"178 Lakeview Ave, Udaipur, India",24.582382,73.717714,50,dermatology || hematology || nephrology || orthopedics,public,False
Rohtak City Infirmary,general hospital,India,Rohtak,"933 MG Road, Rohtak, India",28.869357,76.548106,50,dental || gastroenterology || physiotherapy,private,False
Durg General Hospital,specialty hospital,India,Durg,"536 NH 48, Durg, India",21.268794,81.256477,400,dental || hematology || nephrology,private,True
London Medical Center,teaching hospital,United Kingdom,London,"902 Hill Rd, London, United Kingdom",51.468143,-0.09876,300,cardiology || emergency || ent || gastroenterology || ophthalmology || pediatrics,public,True
Warangal Medical College & Hospital #49,teaching hospital,India,Warangal,"340 Church St, Warangal, India",17.984202,79.589552,150,ophthalmology || pediatrics || urology,public,False
Vadodara Multispeciality Hospital,specialty hospital,India,Vadodara,"996 Church St, Vadodara, India",22.283019,73.249925,400,oncology || pediatrics || psychiatry || radiology,private,True
Ranchi Superspeciality Hospital,general hospital,India,Ranchi,"497 Hospital Rd, Ranchi, India",23.418504,85.249488,300,dermatology || emergency || ent || hematology || pulmonology,private,True
Johannesburg City Infirmary #50,specialty hospital,South Africa,Johannesburg,"858 Maple Ave, Johannesburg, South Africa",-26.133966,27.996297,50,dermatology || physiotherapy || psychiatry || urology,private,False
Cape Town Medical Center,general hospital,South Africa,Cape Town,"501 Main Bazaar Rd, Cape Town, South Africa",-33.886321,18.436016,500,dental || ent || ophthalmology || urology,public,False
Rome Care Hospital #51,general hospital,Italy,Rome,"875 Sunrise Blvd, Rome, Italy",41.845164,12.543643,75,nephrology || neurosurgery || orthopedics || pediatrics,private,False
Paris Multispeciality Hospital,specialty hospital,France,Paris,"616 Oak St, Paris, France",48.802785,2.298483,400,nephrology || oncology || pediatrics || physiotherapy,trust,False
Indore Multispeciality Hospital,general hospital,India,Indore,"639 Sector 21 Rd, Indore, India",22.746032,75.86139,100,cardiology || ent || gynecology || oncology || pediatrics || radiology || urology,private,True
Chennai Health Institute,specialty hospital,India,Chennai,"883 Temple Rd, Chennai, India",13.143052,80.253491,400,hematology || neurosurgery || oncology || orthopedics || psychiatry,public,False
Singapore City Infirmary,specialty hospital,Singapore,Singapore,"303 Temple Rd, Singapore, Singapore",1.342362,103.800111,150,dermatology || gastroenterology || orthopedics || physiotherapy || pulmonology || urology,private,False
Dehradun Health Institute,specialty hospital,India,Dehradun,"861 Green Park Rd, Dehradun, India",30.28472,78.071818,150,gynecology || hematology || oncology || ophthalmology,private,False
Durg City Infirmary,teaching hospital,India,Durg,"671 MG Road, Durg, India",21.147554,81.348832,100,nephrology || neurosurgery || oncology || urology,private,True
Gurugram Multispeciality Hospital,general hospital,India,Gurugram,"888 MG Road, Gurugram, India",28.466468,77.091636,250,ent || gastroenterology || gynecology || hematology || orthopedics || pediatrics,private,False
Nagpur Health Institute,specialty hospital,India,Nagpur,"929 Main Bazaar Rd, Nagpur, India",21.084504,79.158573,250,emergency || ophthalmology || pulmonology || radiology,public,False
Hyderabad General Hospital,general hospital,India,Hyderabad,"793 Lakeview Ave, Hyderabad, India",17.358585,78.428984,400,emergency || hematology || oncology || ophthalmology || orthopedics || pulmonology || radiology,private,True
Delhi General Hospital,specialty hospital,India,Delhi,"973 Oak St, Delhi, India",28.633112,77.214354,500,cardiology || ent || orthopedics || physiotherapy || radiology,private,True
Sydney Medical Center,specialty hospital,Australia,Sydney,"172 MG Road, Sydney, Australia",-33.822624,151.153568,100,oncology || physiotherapy || psychiatry,private,False
Cuttack City Infirmary,teaching hospital,India,Cuttack,"368 Sunrise Blvd, Cuttack, India",20.422258,85.921831,25,cardiology || ent || gastroenterology || neurosurgery,private,True
Sao Paulo Medical Center,specialty hospital,Brazil,Sao Paulo,"39 Sector 21 Rd, Sao Paulo, Brazil",-23.544618,-46.597607,500,cardiology || dental || dermatology || ent || ophthalmology || pediatrics || psychiatry || radiology,public,True
Ahmedabad Care Hospital,general hospital,India,Ahmedabad,"712 Oak St, Ahmedabad, India",22.997233,72.622801,50,ent || gynecology || nephrology || oncology || pediatrics,private,True
Birmingham Medical Center,specialty hospital,United Kingdom,Birmingham,"510 Sunrise Blvd, Birmingham, United Kingdom",52.541632,-1.950002,150,ent || ophthalmology || orthopedics || pediatrics || physiotherapy || pulmonology || urology,public,True
Indore Multispeciality Hospital,general hospital,India,Indore,"688 MG Road, Indore, India",22.767167,75.801687,75,hematology || ophthalmology || physiotherapy,trust,False
Guntur Medical Center,specialty hospital,India,Guntur,"468 High St, Guntur, India",16.34226,80.471706,250,dermatology || gynecology || nephrology || psychiatry || pulmonology,public,True
Abu Dhabi Medical Center #52,specialty hospital,UAE,Abu Dhabi,"47 Oak St, Abu Dhabi, UAE",24.484932,54.384136,75,psychiatry || pulmonology || radiology || urology,trust,True
Abu Dhabi City Infirmary #53,general hospital,UAE,Abu Dhabi,"468 Temple Rd, Abu Dhabi, UAE",24.429211,54.326356,750,emergency || gynecology || nephrology || ophthalmology || pulmonology || urology,private,False
Manchester Multispeciality Hospital,specialty hospital,United Kingdom,Manchester,"186 Sector 21 Rd, Manchester, United Kingdom",53.494143,-2.258464,150,cardiology || dermatology || ent || hematology || ophthalmology,trust,True
Madurai Health Institute #54,teaching hospital,India,Madurai,"538 Church St, Madurai, India",9.996765,78.064336,200,dental || ent || gynecology || ophthalmology || orthopedics || physiotherapy || radiology || urology,private,True
Lucknow General Hospital #55,teaching hospital,India,Lucknow,"518 College Rd, Lucknow, India",26.847642,80.964033,25,emergency || gynecology || ophthalmology || physiotherapy || pulmonology || radiology,trust,True
Madurai Medical College & Hospital,general hospital,India,Madurai,"471 Main Bazaar Rd, Madurai, India",9.98474,78.188939,200,dermatology || emergency || neurosurgery || ophthalmology || physiotherapy || psychiatry || pulmonology,private,True
Bengaluru General Hospital,specialty hospital,India,Bengaluru,"987 High St, Bengaluru, India",13.003064,77.6622,300,cardiology || dental || nephrology || orthopedics || psychiatry || pulmonology || radiology,private,False
Aligarh Multispeciality Hospital,general hospital,India,Aligarh,"464 Station Rd, Aligarh, India",27.841806,78.100206,200,cardiology || neurosurgery || radiology,public,True
Cape Town Medical Center #56,general hospital,South Africa,Cape Town,"144 NH 48, Cape Town, South Africa",-33.937039,18.461931,750,dental || orthopedics || pediatrics,public,False
Rohtak Superspeciality Hospital,general hospital,India,Rohtak,"425 Maple Ave, Rohtak, India",28.963591,76.598734,50,emergency || ent || gynecology || oncology || pediatrics || physiotherapy || psychiatry || radiology,trust,True
Cape Town Multispeciality Hospital,specialty hospital,South Africa,Cape Town,"933 Lakeview Ave, Cape Town, South Africa",-33.847325,18.478324,50,gastroenterology || gynecology || hematology || oncology || orthopedics || physiotherapy || pulmonology || radiology,trust,False
Prayagraj Superspeciality Hospital,teaching hospital,India,Prayagraj,"994 High St, Prayagraj, India",25.503135,81.905483,200,ent || hematology || nephrology || oncology || physiotherapy || urology,private,True
Johannesburg Superspeciality Hospital,specialty hospital,South Africa,Johannesburg,"704 Hill Rd, Johannesburg, South Africa",-26.189496,28.03114,50,dental || dermatology || ent || gastroenterology || hematology || pulmonology || radiology || urology,private,False
Milan Care Hospital,general hospital,Italy,Milan,"14 Hospital Rd, Milan, Italy",45.437832,9.238457,25,cardiology || gastroenterology || hematology,public,True
Bareilly City Infirmary,specialty hospital,India,Bareilly,"150 Maple Ave, Bareilly, India",28.34036,79.414107,200,dermatology || ent || nephrology || neurosurgery || oncology || orthopedics || physiotherapy || urology,trust,True
Milan Superspeciality Hospital,specialty hospital,Italy,Milan,"713 High St, Milan, Italy",45.531377,9.165415,100,dental || dermatology || ent || gastroenterology || nephrology || pediatrics || pulmonology || radiology,public,False
Bhubaneswar Multispeciality Hospital,teaching hospital,India,Bhubaneswar,"722 Hill Rd, Bhubaneswar, India",20.3341,85.816855,75,dental || emergency || neurosurgery || oncology || orthopedics || physiotherapy || radiology,public,False
Manchester General Hospital,specialty hospital,United Kingdom,Manchester,"134 Lakeview Ave, Manchester, United Kingdom",53.47319,-2.300063,75,cardiology || dental || emergency || pediatrics || psychiatry || radiology || urology,public,True
Bilaspur Care Hospital,specialty hospital,India,Bilaspur,"367 MG Road, Bilaspur, India",22.079339,82.126128,750,dermatology || ent || gastroenterology || neurosurgery || pediatrics || psychiatry || pulmonology || radiology,public,True
Kochi Superspeciality Hospital,specialty hospital,India,Kochi,"340 Hill Rd, Kochi, India",9.909183,76.280194,250,cardiology || dermatology || ent || ophthalmology || orthopedics,private,True
Sao Paulo General Hospital,general hospital,Brazil,Sao Paulo,"938 Station Rd, Sao Paulo, Brazil",-23.633705,-46.613434,75,cardiology || dental || oncology || pediatrics || physiotherapy || psychiatry,private,True
Osaka General Hospital,specialty hospital,Japan,Osaka,"329 Hospital Rd, Osaka, Japan",34.767471,135.446086,150,cardiology || gynecology || pulmonology,private,True
Indore Medical College & Hospital,general hospital,India,Indore,"849 NH 48, Indore, India",22.653256,75.9372,150,cardiology || dermatology || emergency || ent || hematology || psychiatry || pulmonology || urology,public,True
Chennai Superspeciality Hospital,general hospital,India,Chennai,"462 Sector 21 Rd, Chennai, India",13.097962,80.201432,300,cardiology || dental || gastroenterology || gynecology || pediatrics || radiology,private,True
Sao Paulo Medical Center,general hospital,Brazil,Sao Paulo,"297 High St, Sao Paulo, Brazil",-23.602215,-46.575911,75,emergency || gastroenterology || nephrology || oncology || orthopedics || psychiatry || radiology,public,True
Nellore Medical College & Hospital,specialty hospital,India,Nellore,"303 Ring Rd, Nellore, India",14.39311,79.912348,150,cardiology || dental || gynecology || hematology || urology,public,False
Jabalpur Medical Center,specialty hospital,India,Jabalpur,"926 Hill Rd, Jabalpur, India",23.191875,79.916913,400,ent || hematology || nephrology || pulmonology,public,True
Ahmedabad City Infirmary,specialty hospital,India,Ahmedabad,"56 Green Park Rd, Ahmedabad, India",23.015026,72.575302,150,dental || dermatology || emergency || hematology || oncology || physiotherapy,public,False
Dubai Superspeciality Hospital #57,specialty hospital,UAE,Dubai,"922 Sunrise Blvd, Dubai, UAE",25.188922,55.280342,75,oncology || ophthalmology || psychiatry || radiology || urology,private,False
Agra Medical College & Hospital #58,general hospital,India,Agra,"805 Church St, Agra, India",27.125809,78.065986,750,ent || hematology || nephrology || neurosurgery || pediatrics || pulmonology || radiology || urology,private,True
Jalandhar Medical Center #59,specialty hospital,India,Jalandhar,"862 Temple Rd, Jalandhar, India",31.305729,75.539519,250,dental || emergency || orthopedics || pediatrics,private,False
Paris Medical College & Hospital,general hospital,France,Paris,"38 Green Park Rd, Paris, France",48.841997,2.276262,75,dental || hematology || ophthalmology || physiotherapy || pulmonology,public,False
Panipat Care Hospital #60,general hospital,India,Panipat,"93 Sector 21 Rd, Panipat, India",29.425456,76.988928,25,cardiology || ent || gastroenterology || neurosurgery || pulmonology,private,False
Jabalpur City Infirmary,general hospital,India,Jabalpur,"368 Maple Ave, Jabalpur, India",23.137016,79.943372,250,emergency || neurosurgery || ophthalmology || pediatrics,public,True
Durg Health Institute,teaching hospital,India,Durg,"903 Maple Ave, Durg, India",21.113554,81.221557,400,ent || gynecology || radiology,private,True
Sao Paulo Medical College & Hospital,general hospital,Brazil,Sao Paulo,"670 MG Road, Sao Paulo, Brazil",-23.607233,-46.615161,75,dental || gastroenterology || nephrology || neurosurgery || pediatrics || psychiatry || pulmonology,private,True
Srinagar City Infirmary,general hospital,India,Srinagar,"527 Temple Rd, Srinagar, India",34.019611,74.756208,300,dental || hematology || pulmonology || urology,private,False
Singapore Medical Center,general hospital,Singapore,Singapore,"216 Lakeview Ave, Singapore, Singapore",1.409011,103.872635,150,cardiology || dermatology || emergency || nephrology || neurosurgery || oncology || physiotherapy || psychiatry,public,False
Toronto City Infirmary,general hospital,Canada,Toronto,"982 Sector 21 Rd, Toronto, Canada",43.680094,-79.430403,100,cardiology || emergency || ent || gynecology || neurosurgery || oncology || physiotherapy,trust,False
Hisar Medical College & Hospital,specialty hospital,India,Hisar,"841 Lakeview Ave, Hisar, India",29.212614,75.64378,50,ent || neurosurgery || oncology || pediatrics || psychiatry || pulmonology || radiology,private,True
Pune General Hospital,teaching hospital,India,Pune,"517 NH 48, Pune, India",18.473662,73.780945,75,dermatology || gynecology || ophthalmology || pulmonology,trust,False
Manchester City Infirmary,general hospital,United Kingdom,Manchester,"2 NH 48, Manchester, United Kingdom",53.494087,-2.255172,500,dermatology || gastroenterology || gynecology || nephrology || neurosurgery || physiotherapy || urology,private,True
Nellore Medical Center,general hospital,India,Nellore,"785 Church St, Nellore, India",14.493391,79.961191,75,dental || nephrology || oncology,public,True
Phoenix Medical Center,general hospital,United States,Phoenix,"211 Park Ave, Phoenix, United States",33.429151,-112.059553,75,gynecology || hematology || nephrology || oncology || radiology || urology,public,False
Thiruvananthapuram Care Hospital,general hospital,India,Thiruvananthapuram,"209 NH 48, Thiruvananthapuram, India",8.543964,76.922106,200,dental || neurosurgery || ophthalmology || pediatrics || psychiatry || pulmonology || urology,public,True
Vijayawada Medical College & Hospital,teaching hospital,India,Vijayawada,"676 Station Rd, Vijayawada, India",16.49598,80.615115,750,ent || gynecology || neurosurgery || ophthalmology || orthopedics || pediatrics || psychiatry || pulmonology,private,True
Los Angeles Medical College & Hospital,general hospital,United States,Los Angeles,"94 Ring Rd, Los Angeles, United States",34.094377,-118.301282,500,dental || emergency || gynecology || nephrology || pediatrics || pulmonology,public,True
Mysuru Care Hospital,specialty hospital,India,Mysuru,"969 Lakeview Ave, Mysuru, India",12.293789,76.702528,400,cardiology || gastroenterology || nephrology || ophthalmology || orthopedics || pediatrics || psychiatry || radiology,public,True
Amritsar Superspeciality Hospital,specialty hospital,India,Amritsar,"369 Church St, Amritsar, India",31.622034,74.795895,75,cardiology || dental || emergency || gastroenterology || orthopedics || pediatrics || pulmonology || radiology,public,False
Nellore Medical Center,general hospital,India,Nellore,"744 Green Park Rd, Nellore, India",14.449261,80.007857,75,gynecology || neurosurgery || oncology || ophthalmology || pediatrics || physiotherapy || urology,trust,False
Mangaluru Medical Center,general hospital,India,Mangaluru,"349 Station Rd, Mangaluru, India",12.856397,74.909589,1200,dental || neurosurgery || oncology || orthopedics || pediatrics || physiotherapy || psychiatry,private,False
Osaka General Hospital,general hospital,Japan,Osaka,"392 Church St, Osaka, Japan",34.69781,135.449769,100,cardiology || nephrology || neurosurgery || ophthalmology || pediatrics || psychiatry || radiology || urology,private,True
Salem Health Institute #61,teaching hospital,India,Salem,"488 Park Ave, Salem, India",11.587243,78.212288,50,neurosurgery || orthopedics || pediatrics || physiotherapy || pulmonology,private,True
Patna Superspeciality Hospital,specialty hospital,India,Patna,"857 Hill Rd, Patna, India",25.606343,85.101449,200,emergency || gynecology || ophthalmology || physiotherapy,private,False
Bengaluru Multispeciality Hospital,general hospital,India,Bengaluru,"920 Temple Rd, Bengaluru, India",12.995827,77.647359,75,ent || gastroenterology || gynecology || ophthalmology || pediatrics || pulmonology,private,True
Tokyo Health Institute,specialty hospital,Japan,Tokyo,"179 Main Bazaar Rd, Tokyo, Japan",35.597959,139.592202,750,ent || psychiatry || radiology,private,True
Jodhpur Medical Center,specialty hospital,India,Jodhpur,"266 Lakeview Ave, Jodhpur, India",26.298722,73.039886,200,nephrology || neurosurgery || oncology || ophthalmology || pediatrics || physiotherapy || pulmonology,public,True
Meerut Health Institute,general hospital,India,Meerut,"462 Lakeview Ave, Meerut, India",29.010906,77.654459,750,ent || gastroenterology || gynecology || hematology || neurosurgery || ophthalmology || pediatrics,private,True
Gwalior City Infirmary,general hospital,India,Gwalior,"432 College Rd, Gwalior, India",26.205303,78.164102,200,dental || ent || ophthalmology || radiology,public,True
Mysuru Medical Center,general hospital,India,Mysuru,"834 Temple Rd, Mysuru, India",12.223315,76.586005,300,dental || gynecology || pediatrics || psychiatry || pulmonology || radiology,private,False
Mumbai Medical College & Hospital #62,teaching hospital,India,Mumbai,"987 Sunrise Blvd, Mumbai, India",19.009248,72.894204,75,dental || ent || oncology || physiotherapy || psychiatry || pulmonology || radiology,private,False
Kolkata Medical College & Hospital,general hospital,India,Kolkata,"980 Ring Rd, Kolkata, India",22.554887,88.330091,100,emergency || gastroenterology || nephrology || radiology,public,True
Madurai Care Hospital,specialty hospital,India,Madurai,"405 Temple Rd, Madurai, India",9.960247,78.087339,200,dental || emergency || ent || nephrology || psychiatry || urology,trust,True
Patna Medical Center,general hospital,India,Patna,"98 MG Road, Patna, India",25.590268,85.163787,750,cardiology || dental || dermatology || gastroenterology || ophthalmology || pediatrics,trust,True
Kolkata Medical College & Hospital,general hospital,India,Kolkata,"291 Main Bazaar Rd, Kolkata, India",22.609812,88.31829,25,cardiology || ent || hematology || ophthalmology || physiotherapy || psychiatry || pulmonology || radiology,trust,False
Prayagraj Care Hospital,general hospital,India,Prayagraj,"972 Green Park Rd, Prayagraj, India",25.397762,81.861512,50,nephrology || oncology || physiotherapy || psychiatry,trust,False
Kolkata Multispeciality Hospital,general hospital,India,Kolkata,"160 High St, Kolkata, India",22.572019,88.379395,100,cardiology || ent || hematology,public,True
Bilaspur Multispeciality Hospital,general hospital,India,Bilaspur,"10 NH 48, Bilaspur, India",22.122946,82.076156,50,cardiology || neurosurgery || ophthalmology || orthopedics || urology,trust,False
Vijayawada Medical College & Hospital,general hospital,India,Vijayawada,"82 NH 48, Vijayawada, India",16.54271,80.647279,250,dental || ent || hematology || neurosurgery || oncology || pediatrics || radiology || urology,private,False
Gurugram Medical Center,specialty hospital,India,Gurugram,"279 College Rd, Gurugram, India",28.449072,76.986024,400,cardiology || dermatology || hematology || radiology,trust,True
Melbourne City Infirmary,specialty hospital,Australia,Melbourne,"239 MG Road, Melbourne, Australia",-37.765693,144.994251,100,cardiology || ophthalmology || orthopedics || radiology,private,False
Thiruvananthapuram Multispeciality Hospital,general hospital,India,Thiruvananthapuram,"83 Ring Rd, Thiruvananthapuram, India",8.538537,76.914356,50,emergency || gastroenterology || pediatrics,private,True
Melbourne General Hospital #63,specialty hospital,Australia,Melbourne,"255 Sector 21 Rd, Melbourne, Australia",-37.74683,144.904991,1000,dermatology || gastroenterology || neurosurgery || orthopedics || psychiatry || urology,public,True
Chandigarh Care Hospital,general hospital,India,Chandigarh,"746 Maple Ave, Chandigarh, India",30.724661,76.729021,200,dental || ent || gynecology || hematology || neurosurgery || pediatrics || physiotherapy || radiology,public,True
London Medical College & Hospital,general hospital,United Kingdom,London,"283 Station Rd, London, United Kingdom",51.567071,-0.090644,400,cardiology || dermatology || neurosurgery || oncology || ophthalmology || urology,public,False
Jammu Medical Center,general hospital,India,Jammu,"993 Maple Ave, Jammu, India",32.752005,74.887764,500,gynecology || hematology || urology,public,True
Barcelona Multispeciality Hospital,general hospital,Spain,Barcelona,"387 Hill Rd, Barcelona, Spain",41.347347,2.166908,75,dental || dermatology || hematology || neurosurgery || ophthalmology || pediatrics || physiotherapy || urology,private,True
Ludhiana Health Institute,general hospital,India,Ludhiana,"889 Green Park Rd, Ludhiana, India",30.978992,75.928326,25,emergency || ent || hematology || psychiatry,public,False
Delhi Medical College & Hospital,teaching hospital,India,Delhi,"635 Hill Rd, Delhi, India",28.646792,77.27704,75,dental || emergency || gastroenterology || gynecology || neurosurgery || pediatrics || radiology,private,False
Agra Medical College & Hospital,general hospital,India,Agra,"536 MG Road, Agra, India",27.187571,78.074578,25,dermatology || hematology || pulmonology,public,False
Udaipur Medical College & Hospital,general hospital,India,Udaipur,"719 Temple Rd, Udaipur, India",24.616987,73.680076,750,emergency || neurosurgery || urology,public,False
Tehran Multispeciality Hospital,general hospital,Iran,Tehran,"572 NH 48, Tehran, Iran",35.764569,51.460083,150,dermatology || ent || pediatrics || physiotherapy || urology,public,True
Johannesburg Medical Center,general hospital,South Africa,Johannesburg,"195 Sunrise Blvd, Johannesburg, South Africa",-26.146173,28.102428,100,gastroenterology || gynecology || nephrology || neurosurgery || oncology || pulmonology || radiology,public,True
Tehran City Infirmary,general hospital,Iran,Tehran,"517 Park Ave, Tehran, Iran",35.741826,51.314921,200,dental || ent || nephrology || pediatrics || physiotherapy || psychiatry || pulmonology || urology,private,True
Rohtak Health Institute,specialty hospital,India,Rohtak,"220 Sector 21 Rd, Rohtak, India",28.852301,76.545891,50,cardiology || dental || ent || orthopedics || pediatrics || psychiatry || urology,public,False
Jaipur Care Hospital #64,teaching hospital,India,Jaipur,"220 Park Ave, Jaipur, India",26.943806,75.76168,300,dental || ent || pediatrics,private,False
Bengaluru Multispeciality Hospital,general hospital,India,Bengaluru,"376 Church St, Bengaluru, India",12.902057,77.565046,200,emergency || gastroenterology || oncology || pediatrics,private,True
Agra Multispeciality Hospital #65,specialty hospital,India,Agra,"707 Station Rd, Agra, India",27.223216,77.9791,250,cardiology || dermatology || emergency || ent || gastroenterology || oncology || psychiatry,public,False
Bilaspur Medical Center,general hospital,India,Bilaspur,"669 Oak St, Bilaspur, India",22.141356,82.157638,75,dental || dermatology || emergency || ent || gastroenterology || oncology || pediatrics || pulmonology,public,False
Salem Medical College & Hospital,specialty hospital,India,Salem,"590 Hospital Rd, Salem, India",11.588204,78.205216,25,nephrology || neurosurgery || oncology,private,True
Dehradun General Hospital,general hospital,India,Dehradun,"409 Hospital Rd, Dehradun, India",30.376452,78.03683,750,ent || hematology || neurosurgery || ophthalmology || orthopedics || physiotherapy,private,True
Nellore Superspeciality Hospital,general hospital,India,Nellore,"441 Park Ave, Nellore, India",14.490405,80.066169,100,emergency || ent || gynecology || nephrology || ophthalmology || orthopedics || physiotherapy || pulmonology,public,False
Noida City Infirmary,specialty hospital,India,Noida,"823 Main Bazaar Rd, Noida, India",28.57825,77.375309,150,dermatology || gynecology || hematology || neurosurgery || psychiatry || pulmonology || radiology,public,False
Nellore General Hospital,specialty hospital,India,Nellore,"152 High St, Nellore, India",14.463001,80.046288,1200,gynecology || oncology || radiology,private,True
Ludhiana Superspeciality Hospital,general hospital,India,Ludhiana,"265 Green Park Rd, Ludhiana, India",30.943889,75.84412,150,cardiology || dermatology || emergency || gastroenterology || hematology || physiotherapy,public,True
Sydney Multispeciality Hospital,general hospital,Australia,Sydney,"398 Temple Rd, Sydney, Australia",-33.830787,151.167504,50,cardiology || dental || gynecology || nephrology || oncology || orthopedics || radiology || urology,trust,False
Isfahan Multispeciality Hospital,general hospital,Iran,Isfahan,"191 Sunrise Blvd, Isfahan, Iran",32.63134,51.633958,100,cardiology || dental || dermatology || gynecology || hematology || pediatrics || psychiatry,public,True
Kochi Health Institute,general hospital,India,Kochi,"514 Temple Rd, Kochi, India",9.888577,76.194035,25,cardiology || gastroenterology || pediatrics,trust,False
Coimbatore Medical College & Hospital,general hospital,India,Coimbatore,"392 Hospital Rd, Coimbatore, India",11.094836,76.944244,100,hematology || nephrology || neurosurgery || oncology || ophthalmology || orthopedics || physiotherapy || pulmonology,private,True
Sao Paulo City Infirmary,specialty hospital,Brazil,Sao Paulo,"537 Ring Rd, Sao Paulo, Brazil",-23.527056,-46.684679,750,emergency || hematology || pediatrics || psychiatry || pulmonology || radiology,trust,True
Cuttack City Infirmary,specialty hospital,India,Cuttack,"902 NH 48, Cuttack, India",20.508315,85.817106,150,gastroenterology || gynecology || hematology || oncology || pediatrics || psychiatry,public,True
Rio de Janeiro Superspeciality Hospital,general hospital,Brazil,Rio de Janeiro,"27 Hill Rd, Rio de Janeiro, Brazil",-22.846141,-43.101743,150,ent || hematology || ophthalmology,private,True
Kanpur Medical College & Hospital,general hospital,India,Kanpur,"198 Church St, Kanpur, India",26.468046,80.278625,1200,cardiology || nephrology || pediatrics,trust,True
Berlin Medical Center #66,teaching hospital,Germany,Berlin,"450 College Rd, Berlin, Germany",52.477067,13.475837,250,cardiology || gastroenterology || nephrology || neurosurgery || oncology || orthopedics || psychiatry || radiology,private,True
Nashik General Hospital,general hospital,India,Nashik,"847 Maple Ave, Nashik, India",20.014738,73.79183,75,dental || dermatology || ent || gastroenterology,private,False
Hyderabad Superspeciality Hospital,general hospital,India,Hyderabad,"312 High St, Hyderabad, India",17.333244,78.441978,75,dermatology || nephrology || oncology || pediatrics || pulmonology || urology,trust,True
Kolkata Medical Center #67,specialty hospital,India,Kolkata,"916 Green Park Rd, Kolkata, India",22.617334,88.33992,50,gastroenterology || nephrology || psychiatry || radiology,public,False
Tehran Multispeciality Hospital #68,general hospital,Iran,Tehran,"665 Lakeview Ave, Tehran, Iran",35.764256,51.450406,750,dermatology || emergency || gynecology || pediatrics || physiotherapy || psychiatry || pulmonology || radiology,private,True
Sao Paulo Medical College & Hospital,general hospital,Brazil,Sao Paulo,"175 Park Ave, Sao Paulo, Brazil",-23.476615,-46.691777,150,cardiology || dental || gastroenterology || hematology || physiotherapy || pulmonology || urology,private,True
Osaka City Infirmary #69,general hospital,Japan,Osaka,"208 Oak St, Osaka, Japan",34.735018,135.533663,75,cardiology || nephrology || neurosurgery || ophthalmology || pediatrics || physiotherapy || psychiatry,private,False
Indore Multispeciality Hospital,general hospital,India,Indore,"616 Oak St, Indore, India",22.770133,75.81361,75,dental || dermatology || orthopedics || pediatrics,public,True
Lucknow General Hospital,specialty hospital,India,Lucknow,"306 Park Ave, Lucknow, India",26.852616,80.96107,200,dermatology || gynecology || nephrology,trust,True
Tiruchirappalli City Infirmary,specialty hospital,India,Tiruchirappalli,"369 Maple Ave, Tiruchirappalli, India",10.725138,78.765094,75,oncology || radiology || urology,trust,False
Shanghai Care Hospital,general hospital,China,Shanghai,"881 Temple Rd, Shanghai, China",31.171122,121.5359,1000,ent || nephrology || orthopedics || physiotherapy || urology,public,True
Prayagraj Medical Center,specialty hospital,India,Prayagraj,"957 High St, Prayagraj, India",25.49374,81.895823,250,emergency || ent || pediatrics || psychiatry || radiology || urology,private,True
Osaka City Infirmary,general hospital,Japan,Osaka,"298 Sunrise Blvd, Osaka, Japan",34.701837,135.436218,150,cardiology || gynecology || psychiatry,private,True
Barcelona Medical College & Hospital #70,general hospital,Spain,Barcelona,"826 Sunrise Blvd, Barcelona, Spain",41.36703,2.130161,300,oncology || orthopedics || pediatrics,private,True
Agra General Hospital #71,general hospital,India,Agra,"406 Oak St, Agra, India",27.17604,77.941067,75,dental || ophthalmology || orthopedics || radiology,trust,False
Dehradun City Infirmary,teaching hospital,India,Dehradun,"550 Park Ave, Dehradun, India",30.345821,77.964381,500,dermatology || ent || nephrology || oncology || ophthalmology || urology,private,True
Udaipur Health Institute,teaching hospital,India,Udaipur,"363 MG Road, Udaipur, India",24.584623,73.709394,200,cardiology || gastroenterology || pediatrics || radiology,private,False
Chandigarh City Infirmary,teaching hospital,India,Chandigarh,"770 High St, Chandigarh, India",30.785249,76.755049,250,dental || dermatology || gynecology || nephrology || neurosurgery || pediatrics || pulmonology || radiology,private,False
Noida City Infirmary #72,specialty hospital,India,Noida,"797 Sunrise Blvd, Noida, India",28.546017,77.353725,500,cardiology || ent || psychiatry,private,False
Coimbatore Multispeciality Hospital,general hospital,India,Coimbatore,"795 Park Ave, Coimbatore, India",11.064388,76.981152,500,ent || gynecology || hematology || orthopedics,private,True
Johannesburg General Hospital,general hospital,South Africa,Johannesburg,"869 MG Road, Johannesburg, South Africa",-26.145333,28.080638,400,cardiology || dermatology || gynecology || oncology || psychiatry,private,True
Dubai Superspeciality Hospital,general hospital,UAE,Dubai,"792 Main Bazaar Rd, Dubai, UAE",25.236395,55.299623,250,cardiology || dermatology || ent || gynecology || hematology || oncology || pediatrics || pulmonology,private,True
Jalandhar Health Institute,teaching hospital,India,Jalandhar,"824 High St, Jalandhar, India",31.366435,75.521577,500,dental || emergency || neurosurgery || oncology || ophthalmology || pediatrics || pulmonology,private,True
Salem General Hospital #73,general hospital,India,Salem,"437 Sector 21 Rd, Salem, India",11.723795,78.07068,400,oncology || physiotherapy || psychiatry || urology,public,True
Madrid Multispeciality Hospital,general hospital,Spain,Madrid,"822 Main Bazaar Rd, Madrid, Spain",40.357419,-3.730181,300,oncology || physiotherapy || psychiatry,private,False
Raipur Care Hospital,general hospital,India,Raipur,"717 Park Ave, Raipur, India",21.197122,81.680475,400,cardiology || emergency || neurosurgery || ophthalmology || psychiatry,public,True
Melbourne City Infirmary,general hospital,Australia,Melbourne,"732 Station Rd, Melbourne, Australia",-37.812405,144.884122,100,dental || emergency || oncology || orthopedics || psychiatry,private,True
Surat Multispeciality Hospital,general hospital,India,Surat,"834 NH 48, Surat, India",21.188908,72.90809,250,dental || neurosurgery || physiotherapy || psychiatry || pulmonology || radiology,public,False
Jammu Medical Center,general hospital,India,Jammu,"569 Station Rd, Jammu, India",32.688169,74.878441,200,dental || dermatology || emergency || gastroenterology || oncology || pulmonology,private,True
Abu Dhabi General Hospital #74,specialty hospital,UAE,Abu Dhabi,"909 Oak St, Abu Dhabi, UAE",24.498675,54.314417,300,gastroenterology || hematology || oncology || psychiatry,private,True
Cuttack Health Institute,specialty hospital,India,Cuttack,"696 High St, Cuttack, India",20.469103,85.956879,100,cardiology || dental || emergency || gastroenterology || nephrology || urology,trust,True
New York Health Institute #75,general hospital,United States,New York,"32 Church St, New York, United States",40.73402,-73.936876,50,dental || gastroenterology || orthopedics || physiotherapy || psychiatry || radiology,private,True
Jaipur Superspeciality Hospital,specialty hospital,India,Jaipur,"369 NH 48, Jaipur, India",26.982357,75.817362,50,cardiology || dental || hematology || oncology,public,True
Osaka City Infirmary #76,specialty hospital,Japan,Osaka,"426 Main Bazaar Rd, Osaka, Japan",34.661854,135.535608,50,nephrology || neurosurgery || ophthalmology || orthopedics || pediatrics || physiotherapy || psychiatry || pulmonology,public,True
Udaipur Multispeciality Hospital,general hospital,India,Udaipur,"514 Temple Rd, Udaipur, India",24.598547,73.687841,250,dental || dermatology || ent || neurosurgery || oncology || urology,private,True
Warangal Medical Center #77,specialty hospital,India,Warangal,"880 Temple Rd, Warangal, India",17.896219,79.653546,1000,dental || emergency || ent || gynecology || neurosurgery || physiotherapy,private,True
Paris General Hospital,general hospital,France,Paris,"12 College Rd, Paris, France",48.93162,2.392144,50,ent || gastroenterology || nephrology || ophthalmology || pulmonology || radiology,public,True
Rio de Janeiro Care Hospital #78,general hospital,Brazil,Rio de Janeiro,"174 Maple Ave, Rio de Janeiro, Brazil",-22.865478,-43.248966,25,cardiology || dermatology || emergency || oncology || ophthalmology || pediatrics || physiotherapy || psychiatry,trust,False
Vadodara Care Hospital,general hospital,India,Vadodara,"115 Lakeview Ave, Vadodara, India",22.278978,73.179383,400,ent || gastroenterology || hematology || physiotherapy || psychiatry || pulmonology || urology,public,True
Bengaluru Health Institute,teaching hospital,India,Bengaluru,"610 Ring Rd, Bengaluru, India",13.000927,77.585944,100,gastroenterology || nephrology || neurosurgery || psychiatry || radiology || urology,public,False
Chicago Medical Center #79,general hospital,United States,Chicago,"488 High St, Chicago, United States",41.95764,-87.641611,150,dental || ent || gastroenterology || hematology || neurosurgery || physiotherapy,public,False
Bilaspur Multispeciality Hospital,general hospital,India,Bilaspur,"543 Maple Ave, Bilaspur, India",22.02578,82.18627,300,dental || nephrology || urology,private,True
Vadodara Care Hospital,general hospital,India,Vadodara,"599 Sector 21 Rd, Vadodara, India",22.262523,73.114381,250,ent || neurosurgery || ophthalmology || orthopedics || radiology || urology,trust,True
Delhi Medical Center #80,general hospital,India,Delhi,"107 Main Bazaar Rd, Delhi, India",28.638622,77.172722,1000,cardiology || neurosurgery || oncology || orthopedics || pediatrics,public,True
Paris Medical Center,general hospital,France,Paris,"877 Ring Rd, Paris, France",48.800769,2.341374,750,dental || gynecology || hematology || physiotherapy || psychiatry || pulmonology,private,False
Bilaspur Care Hospital,specialty hospital,India,Bilaspur,"684 Park Ave, Bilaspur, India",22.066756,82.161264,150,dermatology || emergency || orthopedics || pediatrics || pulmonology,public,False
Rohtak Care Hospital #81,general hospital,India,Rohtak,"951 Sunrise Blvd, Rohtak, India",28.859374,76.684036,150,emergency || gastroenterology || gynecology || ophthalmology || pediatrics || physiotherapy || pulmonology,private,False
Ranchi Care Hospital #82,general hospital,India,Ranchi,"586 Temple Rd, Ranchi, India",23.407156,85.266393,75,cardiology || dental || hematology || ophthalmology || physiotherapy || psychiatry,private,True
Isfahan General Hospital,teaching hospital,Iran,Isfahan,"503 College Rd, Isfahan, Iran",32.579581,51.692267,100,cardiology || emergency || gastroenterology || neurosurgery || orthopedics || urology,private,True
Bilaspur Health Institute,general hospital,India,Bilaspur,"57 MG Road, Bilaspur, India",22.137897,82.134814,1000,dental || emergency || gastroenterology || psychiatry || radiology,private,True
Bengaluru Medical College & Hospital,general hospital,India,Bengaluru,"400 Station Rd, Bengaluru, India",12.921284,77.65358,400,cardiology || emergency || ent || gynecology || ophthalmology || physiotherapy || psychiatry || urology,public,True
Jammu Medical College & Hospital #83,general hospital,India,Jammu,"316 College Rd, Jammu, India",32.769947,74.912165,300,cardiology || dental || dermatology || gastroenterology || psychiatry || pulmonology || radiology,private,True
Madurai Multispeciality Hospital,teaching hospital,India,Madurai,"550 Ring Rd, Madurai, India",9.945395,78.060799,25,dental || dermatology || emergency || ent || neurosurgery || physiotherapy || radiology || urology,public,False
Visakhapatnam City Infirmary #84,specialty hospital,India,Visakhapatnam,"927 High St, Visakhapatnam, India",17.754136,83.237164,400,emergency || psychiatry || pulmonology,private,True
Moradabad Superspeciality Hospital #85,general hospital,India,Moradabad,"346 Sector 21 Rd, Moradabad, India",28.835644,78.712069,50,dental || gynecology || hematology || nephrology || radiology,trust,True
Kanpur Health Institute #86,general hospital,India,Kanpur,"776 NH 48, Kanpur, India",26.47959,80.320749,75,dental || psychiatry || pulmonology || urology,public,False
Bareilly Medical College & Hospital,general hospital,India,Bareilly,"499 MG Road, Bareilly, India",28.365655,79.360673,200,cardiology || emergency || pulmonology,private,True
Warangal Multispeciality Hospital,general hospital,India,Warangal,"656 Temple Rd, Warangal, India",17.931939,79.641709,100,cardiology || nephrology || neurosurgery || oncology || psychiatry || pulmonology || urology,private,False
Kolkata Care Hospital,general hospital,India,Kolkata,"242 Sunrise Blvd, Kolkata, India",22.565435,88.285759,50,ent || gynecology || urology,trust,False
Guwahati Superspeciality Hospital,general hospital,India,Guwahati,"816 Ring Rd, Guwahati, India",26.127299,91.73299,200,cardiology || ent || nephrology || ophthalmology || physiotherapy || psychiatry || pulmonology || radiology,public,True
Nashik Multispeciality Hospital #87,specialty hospital,India,Nashik,"948 Green Park Rd, Nashik, India",19.964166,73.820997,500,cardiology || gynecology || ophthalmology || pulmonology,public,True
Jodhpur Health Institute,specialty hospital,India,Jodhpur,"920 Park Ave, Jodhpur, India",26.283676,72.950639,150,gynecology || neurosurgery || physiotherapy || radiology,public,True
Raipur Superspeciality Hospital #88,specialty hospital,India,Raipur,"56 NH 48, Raipur, India",21.188189,81.588327,1200,gastroenterology || orthopedics || psychiatry || pulmonology,public,True
Kochi Care Hospital,general hospital,India,Kochi,"709 Maple Ave, Kochi, India",9.873999,76.267122,250,ent || gynecology || hematology || orthopedics || psychiatry,public,True
Sao Paulo City Infirmary,specialty hospital,Brazil,Sao Paulo,"236 MG Road, Sao Paulo, Brazil",-23.523406,-46.630056,25,dental || ent || nephrology || neurosurgery || ophthalmology || orthopedics,public,False
Berlin Health Institute,general hospital,Germany,Berlin,"950 Ring Rd, Berlin, Germany",52.492234,13.407834,50,cardiology || dermatology || ent || gastroenterology || nephrology || neurosurgery || urology,private,False
Moradabad Medical Center,general hospital,India,Moradabad,"572 Oak St, Moradabad, India",28.8147,78.698612,50,dermatology || ent || gynecology || hematology || nephrology || orthopedics || radiology || urology,public,False
Guwahati General Hospital,general hospital,India,Guwahati,"142 Sector 21 Rd, Guwahati, India",26.128008,91.677435,200,cardiology || emergency || psychiatry || urology,public,True
Gurugram Medical College & Hospital,specialty hospital,India,Gurugram,"628 Green Park Rd, Gurugram, India",28.489814,77.074694,75,dermatology || emergency || ent || orthopedics || pediatrics || pulmonology || radiology,trust,True
Nashik General Hospital,general hospital,India,Nashik,"573 MG Road, Nashik, India",19.944297,73.726531,250,dermatology || ent || hematology || neurosurgery || orthopedics || pediatrics || radiology,private,False
Gwalior Superspeciality Hospital,specialty hospital,India,Gwalior,"329 Hill Rd, Gwalior, India",26.251336,78.107854,750,dermatology || ent || nephrology || ophthalmology || pediatrics,public,True
Hisar Medical Center,general hospital,India,Hisar,"846 Green Park Rd, Hisar, India",29.077515,75.728307,300,emergency || orthopedics || physiotherapy || psychiatry || urology,trust,True
Kanpur Care Hospital,general hospital,India,Kanpur,"169 Temple Rd, Kanpur, India",26.509255,80.366154,400,hematology || ophthalmology || physiotherapy,trust,True
Gurugram Medical College & Hospital,general hospital,India,Gurugram,"136 College Rd, Gurugram, India",28.433812,77.076972,50,cardiology || gynecology || nephrology || oncology || psychiatry,public,False
Jabalpur Health Institute,general hospital,India,Jabalpur,"662 Park Ave, Jabalpur, India",23.244671,79.994015,400,dental || ent || hematology || oncology || physiotherapy || psychiatry,public,False
Patna Superspeciality Hospital,teaching hospital,India,Patna,"789 Maple Ave, Patna, India",25.586471,85.160572,200,oncology || psychiatry || pulmonology || urology,private,True
Kanpur City Infirmary,specialty hospital,India,Kanpur,"683 Ring Rd, Kanpur, India",26.486954,80.264961,50,dermatology || gynecology || neurosurgery || radiology,private,False
Indore General Hospital,teaching hospital,India,Indore,"152 Hill Rd, Indore, India",22.679137,75.803227,500,cardiology || dental || gynecology || oncology || psychiatry || pulmonology,private,True
Guwahati Health Institute #89,teaching hospital,India,Guwahati,"560 Hospital Rd, Guwahati, India",26.099574,91.812338,100,gastroenterology || hematology || oncology || ophthalmology || physiotherapy,private,False
Warangal Medical Center,teaching hospital,India,Warangal,"143 Green Park Rd, Warangal, India",17.918039,79.640452,250,cardiology || gastroenterology || oncology,private,True
Agra General Hospital,general hospital,India,Agra,"540 Church St, Agra, India",27.176411,78.016958,300,cardiology || emergency || orthopedics || psychiatry || radiology,private,True
Nagpur Multispeciality Hospital,specialty hospital,India,Nagpur,"967 Maple Ave, Nagpur, India",21.102353,79.167613,1000,cardiology || gastroenterology || hematology || nephrology || orthopedics || psychiatry || pulmonology || urology,public,True
Shanghai Superspeciality Hospital,general hospital,China,Shanghai,"426 Main Bazaar Rd, Shanghai, China",31.254452,121.425627,250,dental || ent || hematology || nephrology || pulmonology,private,True
Dehradun Health Institute #90,teaching hospital,India,Dehradun,"775 Sector 21 Rd, Dehradun, India",30.248052,77.957104,75,cardiology || nephrology || pediatrics,private,False
Madrid Superspeciality Hospital #91,general hospital,Spain,Madrid,"568 College Rd, Madrid, Spain",40.41082,-3.644876,300,oncology || ophthalmology || physiotherapy,private,True
Delhi City Infirmary,teaching hospital,India,Delhi,"855 College Rd, Delhi, India",28.652733,77.197079,100,nephrology || oncology || pulmonology,private,False
Ahmedabad Care Hospital,teaching hospital,India,Ahmedabad,"614 Hill Rd, Ahmedabad, India",23.001866,72.649424,25,dental || dermatology || nephrology || ophthalmology || pediatrics || physiotherapy || urology,public,False
Patna City Infirmary,general hospital,India,Patna,"473 Ring Rd, Patna, India",25.652825,85.150188,150,dermatology || orthopedics || pediatrics || pulmonology || urology,private,False
Gurugram Medical Center,specialty hospital,India,Gurugram,"188 Station Rd, Gurugram, India",28.495541,77.024467,500,dental || ent || nephrology || ophthalmology || psychiatry || pulmonology || radiology,private,True
Dubai Health Institute,general hospital,UAE,Dubai,"531 High St, Dubai, UAE",25.268912,55.258275,100,dermatology || nephrology || ophthalmology || pulmonology || radiology,public,False
Madrid Medical College & Hospital,general hospital,Spain,Madrid,"839 Ring Rd, Madrid, Spain",40.431576,-3.637822,75,oncology || ophthalmology || urology,private,True
Rajkot Health Institute #92,general hospital,India,Rajkot,"763 Station Rd, Rajkot, India",22.323575,70.82325,300,hematology || neurosurgery || oncology || physiotherapy,public,True
Warangal Medical Center #93,specialty hospital,India,Warangal,"776 NH 48, Warangal, India",17.909951,79.628632,750,dermatology || gynecology || orthopedics,private,True
Ahmedabad Care Hospital #94,general hospital,India,Ahmedabad,"11 Station Rd, Ahmedabad, India",22.971249,72.529407,1000,orthopedics || physiotherapy || pulmonology,private,True
Nellore Care Hospital,general hospital,India,Nellore,"165 Hospital Rd, Nellore, India",14.391556,80.043202,150,cardiology || emergency || ent || gastroenterology || gynecology || nephrology || neurosurgery || oncology,private,False
Montreal General Hospital,general hospital,Canada,Montreal,"220 Hospital Rd, Montreal, Canada",45.461457,-73.50808,150,dermatology || emergency || ent || ophthalmology || psychiatry || pulmonology || radiology || urology,trust,True
Mangaluru Medical Center,general hospital,India,Mangaluru,"478 Station Rd, Mangaluru, India",12.916471,74.833477,200,cardiology || ent || hematology || oncology || ophthalmology || pediatrics || urology,public,True
Guwahati Care Hospital,specialty hospital,India,Guwahati,"232 Green Park Rd, Guwahati, India",26.090664,91.718773,1000,dental || emergency || nephrology || oncology || orthopedics || psychiatry,private,False
Delhi Multispeciality Hospital,general hospital,India,Delhi,"536 MG Road, Delhi, India",28.575201,77.234078,100,dental || gastroenterology || hematology,private,False
Tehran Medical Center,general hospital,Iran,Tehran,"206 Sector 21 Rd, Tehran, Iran",35.732956,51.32994,1000,nephrology || neurosurgery || ophthalmology,public,True
Vadodara Medical College & Hospital,specialty hospital,India,Vadodara,"973 Sector 21 Rd, Vadodara, India",22.299806,73.138968,50,dermatology || ent || hematology || ophthalmology || pediatrics || psychiatry,public,False
Jaipur General Hospital #95,general hospital,India,Jaipur,"70 College Rd, Jaipur, India",26.859561,75.790464,100,cardiology || emergency || ent || gastroenterology || hematology || oncology || pulmonology || radiology,public,True
Barcelona Multispeciality Hospital,specialty hospital,Spain,Barcelona,"503 Hospital Rd, Barcelona, Spain",41.440021,2.157542,75,cardiology || dental || dermatology || orthopedics || radiology,trust,True
Panipat Medical College & Hospital,general hospital,India,Panipat,"182 Green Park Rd, Panipat, India",29.409643,76.996584,75,emergency || hematology || nephrology || oncology || ophthalmology || orthopedics || pulmonology || urology,private,True
Paris Multispeciality Hospital,general hospital,France,Paris,"58 Sector 21 Rd, Paris, France",48.803419,2.278067,300,gastroenterology || oncology || ophthalmology || pulmonology || urology,public,True
Thiruvananthapuram Health Institute,specialty hospital,India,Thiruvananthapuram,"784 Park Ave, Thiruvananthapuram, India",8.550309,76.932541,500,ent || gynecology || nephrology || orthopedics || pulmonology || urology,public,True
Noida Medical Center,general hospital,India,Noida,"313 Station Rd, Noida, India",28.584407,77.404657,500,cardiology || dermatology || neurosurgery || pulmonology || radiology,private,True
Mangaluru Care Hospital #96,general hospital,India,Mangaluru,"23 Park Ave, Mangaluru, India",12.867035,74.793907,75,dental || gastroenterology || gynecology || neurosurgery || physiotherapy || radiology,public,False
Srinagar Health Institute #97,general hospital,India,Srinagar,"993 NH 48, Srinagar, India",34.012834,74.802287,750,emergency || oncology || ophthalmology || orthopedics,public,True
Moradabad Superspeciality Hospital,teaching hospital,India,Moradabad,"735 Station Rd, Moradabad, India",28.764895,78.712838,150,emergency || gynecology || ophthalmology || orthopedics || pediatrics || pulmonology || radiology,private,False
Moradabad Care Hospital,general hospital,India,Moradabad,"205 NH 48, Moradabad, India",28.90802,78.743885,150,cardiology || dental || ent || pediatrics || psychiatry || pulmonology,private,False
Jammu Superspeciality Hospital,specialty hospital,India,Jammu,"961 Main Bazaar Rd, Jammu, India",32.653252,74.800735,1200,dental || dermatology || nephrology || orthopedics || pulmonology,private,True
Barcelona Medical College & Hospital,teaching hospital,Spain,Barcelona,"934 MG Road, Barcelona, Spain",41.461819,2.08939,1000,emergency || hematology || nephrology || oncology || orthopedics || pediatrics || psychiatry || radiology,private,True
Nagpur General Hospital,specialty hospital,India,Nagpur,"476 College Rd, Nagpur, India",21.168059,79.147067,150,dermatology || emergency || hematology || nephrology || orthopedics || physiotherapy || psychiatry,public,False
Jalandhar City Infirmary,general hospital,India,Jalandhar,"740 College Rd, Jalandhar, India",31.328495,75.574415,250,dermatology || emergency || radiology,private,False
Singapore Medical Center,specialty hospital,Singapore,Singapore,"863 Ring Rd, Singapore, Singapore",1.294444,103.744596,100,ent || gynecology || pediatrics || physiotherapy,private,True
Aligarh Health Institute,specialty hospital,India,Aligarh,"400 Church St, Aligarh, India",27.930149,78.040297,250,dental || ent || gynecology || hematology || orthopedics || pulmonology,private,True
Jammu Health Institute,general hospital,India,Jammu,"559 NH 48, Jammu, India",32.801786,74.792024,250,hematology || neurosurgery || ophthalmology || pediatrics || physiotherapy || urology,public,True
Raipur General Hospital,specialty hospital,India,Raipur,"964 Maple Ave, Raipur, India",21.2424,81.688503,75,gastroenterology || neurosurgery || oncology || pediatrics || psychiatry || pulmonology || radiology || urology,public,False
Singapore Medical College & Hospital,teaching hospital,Singapore,Singapore,"309 MG Road, Singapore, Singapore",1.38292,103.873898,750,oncology || orthopedics || psychiatry || pulmonology,private,False
Singapore Care Hospital,specialty hospital,Singapore,Singapore,"964 College Rd, Singapore, Singapore",1.38142,103.819348,250,emergency || ent || gynecology || nephrology || physiotherapy || radiology,private,True
Rajkot Health Institute,general hospital,India,Rajkot,"54 Lakeview Ave, Rajkot, India",22.362925,70.813498,25,cardiology || dental || gastroenterology || gynecology || hematology || psychiatry || pulmonology || radiology,private,True
Vijayawada City Infirmary,specialty hospital,India,Vijayawada,"812 Park Ave, Vijayawada, India",16.575152,80.678324,250,hematology || oncology || ophthalmology || pediatrics || pulmonology || radiology,private,False
Mangaluru Health Institute #98,teaching hospital,India,Mangaluru,"968 Church St, Mangaluru, India",12.868608,74.881422,150,cardiology || dental || neurosurgery,trust,False
Warangal City Infirmary #99,specialty hospital,India,Warangal,"615 Temple Rd, Warangal, India",17.993097,79.531155,250,emergency || gynecology || pulmonology || urology,public,True
Isfahan Multispeciality Hospital #100,specialty hospital,Iran,Isfahan,"196 Temple Rd, Isfahan, Iran",32.734506,51.595714,1000,gastroenterology || hematology || nephrology || ophthalmology || physiotherapy,public,True
Rome Medical College & Hospital #101,specialty hospital,Italy,Rome,"30 High St, Rome, Italy",41.887905,12.555721,400,neurosurgery || oncology || physiotherapy || psychiatry || urology,private,True
Jaipur Health Institute,general hospital,India,Jaipur,"218 Sector 21 Rd, Jaipur, India",26.923123,75.825452,500,cardiology || dental || emergency || gynecology || nephrology || pediatrics || physiotherapy || pulmonology,trust,True
Rajkot General Hospital #102,general hospital,India,Rajkot,"391 High St, Rajkot, India",22.288562,70.774525,250,dental || dermatology || emergency || hematology || pulmonology || urology,private,False
Toronto Health Institute,general hospital,Canada,Toronto,"267 Station Rd, Toronto, Canada",43.702455,-79.341234,400,dermatology || hematology || ophthalmology || pediatrics || urology,public,True
Brisbane Care Hospital,general hospital,Australia,Brisbane,"169 Park Ave, Brisbane, Australia",-27.480107,153.075953,50,cardiology || dermatology || emergency || ent || gynecology || hematology || ophthalmology || psychiatry,public,False
Guwahati Medical College & Hospital #103,teaching hospital,India,Guwahati,"507 Maple Ave, Guwahati, India",26.151618,91.657121,100,dental || dermatology || neurosurgery || ophthalmology || psychiatry || urology,private,False
Kolkata Superspeciality Hospital,general hospital,India,Kolkata,"173 Hospital Rd, Kolkata, India",22.551234,88.347288,300,cardiology || dental || orthopedics || physiotherapy || pulmonology,trust,True
Pune Health Institute #104,specialty hospital,India,Pune,"697 Station Rd, Pune, India",18.502569,73.848491,75,cardiology || dermatology || gynecology || hematology || radiology || urology,private,False
Aurangabad Care Hospital,general hospital,India,Aurangabad,"994 Maple Ave, Aurangabad, India",19.85592,75.299663,50,cardiology || dental || gastroenterology || hematology || nephrology || orthopedics || psychiatry || radiology,public,False
Cape Town Medical Center,general hospital,South Africa,Cape Town,"989 Sector 21 Rd, Cape Town, South Africa",-33.908348,18.451014,250,cardiology || orthopedics || pulmonology,public,True
Gwalior City Infirmary #105,general hospital,India,Gwalior,"443 High St, Gwalior, India",26.212459,78.163566,500,dental || ent || gastroenterology || gynecology || hematology || neurosurgery || pediatrics || urology,trust,True
Varanasi Medical Center,specialty hospital,India,Varanasi,"629 Lakeview Ave, Varanasi, India",25.320653,82.970569,25,dermatology || emergency || nephrology || neurosurgery || ophthalmology || radiology,public,False
Jammu Medical Center,general hospital,India,Jammu,"929 College Rd, Jammu, India",32.7012,74.837831,150,hematology || neurosurgery || oncology || pediatrics || physiotherapy,private,False
Durg General Hospital,general hospital,India,Durg,"423 Station Rd, Durg, India",21.203228,81.290276,200,dental || dermatology || oncology || pediatrics || physiotherapy || urology,private,True
Tokyo City Infirmary,general hospital,Japan,Tokyo,"427 High St, Tokyo, Japan",35.718581,139.700378,300,dental || pediatrics || physiotherapy || psychiatry || pulmonology,trust,False
Kanpur Medical Center,specialty hospital,India,Kanpur,"893 Station Rd, Kanpur, India",26.522784,80.254817,75,cardiology || dental || dermatology || ent || gastroenterology || physiotherapy,public,True
Beijing Care Hospital,teaching hospital,China,Beijing,"370 Sector 21 Rd, Beijing, China",39.82541,116.430996,500,cardiology || dental || emergency || gynecology || hematology,public,True
Shanghai Superspeciality Hospital,general hospital,China,Shanghai,"248 NH 48, Shanghai, China",31.189357,121.542026,50,dental || emergency || ent || gastroenterology || nephrology || neurosurgery || oncology || orthopedics,private,True
Milan Multispeciality Hospital,teaching hospital,Italy,Milan,"600 Church St, Milan, Italy",45.53371,9.16626,50,dermatology || gastroenterology || oncology || radiology,public,False
Singapore Care Hospital #106,general hospital,Singapore,Singapore,"526 College Rd, Singapore, Singapore",1.349839,103.780884,100,cardiology || dermatology || ent || nephrology,private,False
Madurai Medical College & Hospital,general hospital,India,Madurai,"638 Hill Rd, Madurai, India",9.894366,78.168284,200,cardiology || gynecology || nephrology || oncology || pulmonology || urology,private,True
Jodhpur Health Institute,teaching hospital,India,Jodhpur,"733 Main Bazaar Rd, Jodhpur, India",26.208709,73.041953,300,gastroenterology || nephrology || oncology || urology,private,False
Sao Paulo Care Hospital,general hospital,Brazil,Sao Paulo,"495 Ring Rd, Sao Paulo, Brazil",-23.59218,-46.653432,50,gynecology || ophthalmology || orthopedics || pulmonology,private,False
Visakhapatnam Superspeciality Hospital,teaching hospital,India,Visakhapatnam,"368 Temple Rd, Visakhapatnam, India",17.635784,83.247479,75,dermatology || ent || gastroenterology || physiotherapy || pulmonology,public,True
Ahmedabad Superspeciality Hospital,teaching hospital,India,Ahmedabad,"804 Hill Rd, Ahmedabad, India",23.026526,72.604847,50,dental || hematology || pediatrics,trust,False
Pune General Hospital,general hospital,India,Pune,"469 Station Rd, Pune, India",18.53117,73.81775,1000,dental || dermatology || gynecology,private,True
Indore Health Institute #107,general hospital,India,Indore,"453 Hospital Rd, Indore, India",22.716967,75.906659,200,emergency || gynecology || hematology || nephrology || radiology || urology,public,True
Madrid Superspeciality Hospital,general hospital,Spain,Madrid,"294 Hospital Rd, Madrid, Spain",40.343746,-3.682496,1000,emergency || nephrology || pediatrics || urology,public,True
Meerut Medical College & Hospital,general hospital,India,Meerut,"440 NH 48, Meerut, India",29.000758,77.75747,500,cardiology || emergency || ent || neurosurgery || psychiatry || urology,private,True
Chennai Medical Center,general hospital,India,Chennai,"791 Lakeview Ave, Chennai, India",13.039193,80.224627,250,dermatology || gastroenterology || hematology || oncology || physiotherapy || psychiatry,public,True
Paris Medical College & Hospital,specialty hospital,France,Paris,"567 High St, Paris, France",48.842365,2.406578,750,cardiology || emergency || oncology || ophthalmology || pediatrics || psychiatry || radiology || urology,private,True
Ludhiana Multispeciality Hospital,teaching hospital,India,Ludhiana,"801 Sector 21 Rd, Ludhiana, India",30.877512,75.815176,400,dermatology || emergency || oncology || radiology,public,True
Cape Town Superspeciality Hospital #108,specialty hospital,South Africa,Cape Town,"534 Park Ave, Cape Town, South Africa",-33.960931,18.475718,150,cardiology || dental || gastroenterology || gynecology || hematology || nephrology || pediatrics || pulmonology,private,False
Hyderabad Health Institute,general hospital,India,Hyderabad,"127 Maple Ave, Hyderabad, India",17.411808,78.421986,250,cardiology || gynecology || neurosurgery || oncology || physiotherapy || psychiatry || pulmonology || urology,trust,True
Paris Health Institute,specialty hospital,France,Paris,"835 Ring Rd, Paris, France",48.848883,2.366057,75,ent || gastroenterology || gynecology || neurosurgery || oncology || ophthalmology || pediatrics || pulmonology,private,True
Vijayawada Medical College & Hospital,general hospital,India,Vijayawada,"64 NH 48, Vijayawada, India",16.5441,80.706048,75,emergency || ophthalmology || orthopedics || psychiatry,public,False
Amritsar Medical College & Hospital,specialty hospital,India,Amritsar,"652 NH 48, Amritsar, India",31.569314,74.796082,250,emergency || hematology || nephrology || ophthalmology || pediatrics || pulmonology,private,True
Johannesburg Superspeciality Hospital,general hospital,South Africa,Johannesburg,"161 Green Park Rd, Johannesburg, South Africa",-26.186965,28.054772,75,ent || gynecology || nephrology || physiotherapy || pulmonology,private,True
Thiruvananthapuram Care Hospital,general hospital,India,Thiruvananthapuram,"498 Oak St, Thiruvananthapuram, India",8.506645,76.951716,150,dermatology || hematology || nephrology || oncology,trust,True
Tokyo Medical Center,general hospital,Japan,Tokyo,"46 NH 48, Tokyo, Japan",35.754246,139.59213,300,gastroenterology || oncology || orthopedics || physiotherapy || psychiatry || radiology,private,True
Meerut City Infirmary,general hospital,India,Meerut,"461 Main Bazaar Rd, Meerut, India",28.969191,77.694912,300,emergency || gastroenterology || nephrology || radiology,public,True
Gwalior Multispeciality Hospital,specialty hospital,India,Gwalior,"887 Lakeview Ave, Gwalior, India",26.24909,78.261401,50,cardiology || dental || emergency || ent || gynecology || nephrology || oncology || pediatrics,private,False
Meerut Multispeciality Hospital,general hospital,India,Meerut,"675 Green Park Rd, Meerut, India",28.921158,77.742294,200,cardiology || neurosurgery || orthopedics || pediatrics,private,False
Kolkata Health Institute,general hospital,India,Kolkata,"883 Oak St, Kolkata, India",22.536466,88.296607,50,cardiology || ent || nephrology || physiotherapy || pulmonology,private,False
Prayagraj Medical Center,general hospital,India,Prayagraj,"188 Temple Rd, Prayagraj, India",25.498871,81.796999,100,hematology || nephrology || oncology,private,True
Toronto General Hospital,general hospital,Canada,Toronto,"146 NH 48, Toronto, Canada",43.609465,-79.406401,50,dermatology || ent || gastroenterology || gynecology || pediatrics,public,False
Srinagar Medical College & Hospital,general hospital,India,Srinagar,"326 Main Bazaar Rd, Srinagar, India",34.08675,74.728118,400,cardiology || emergency || gynecology || nephrology || ophthalmology || orthopedics || radiology,trust,True
Jodhpur Medical Center,specialty hospital,India,Jodhpur,"805 Ring Rd, Jodhpur, India",26.196294,73.030702,500,dental || emergency || nephrology || physiotherapy || psychiatry,private,True
Dubai Superspeciality Hospital,general hospital,UAE,Dubai,"934 Green Park Rd, Dubai, UAE",25.22894,55.276073,100,cardiology || dermatology || emergency || oncology || psychiatry || radiology,public,False
Rajkot Care Hospital,general hospital,India,Rajkot,"360 Sunrise Blvd, Rajkot, India",22.27718,70.829318,1200,dental || dermatology || ent || oncology || pediatrics || pulmonology || urology,public,True
Shanghai Care Hospital,general hospital,China,Shanghai,"517 Park Ave, Shanghai, China",31.256294,121.482945,300,dental || gastroenterology || gynecology || pediatrics || physiotherapy || psychiatry || pulmonology || radiology,public,False
Durg City Infirmary,general hospital,India,Durg,"488 Oak St, Durg, India",21.184833,81.214523,200,nephrology || ophthalmology || pulmonology,private,True
Paris General Hospital,specialty hospital,France,Paris,"456 Station Rd, Paris, France",48.92982,2.300248,300,gastroenterology || nephrology || physiotherapy || pulmonology || urology,private,True
Guwahati Health Institute,general hospital,India,Guwahati,"227 Oak St, Guwahati, India",26.096649,91.741932,50,emergency || gastroenterology || oncology || orthopedics || urology,private,True
Thiruvananthapuram General Hospital,teaching hospital,India,Thiruvananthapuram,"724 Sunrise Blvd, Thiruvananthapuram, India",8.516159,76.977586,100,gastroenterology || gynecology || orthopedics,trust,False
Jalandhar Superspeciality Hospital,specialty hospital,India,Jalandhar,"699 Lakeview Ave, Jalandhar, India",31.352386,75.623472,750,emergency || hematology || physiotherapy,public,False
Shiraz Care Hospital #109,specialty hospital,Iran,Shiraz,"994 Green Park Rd, Shiraz, Iran",29.549343,52.567591,75,cardiology || dental || nephrology || orthopedics || pediatrics || psychiatry || radiology,trust,True
Singapore Care Hospital #110,general hospital,Singapore,Singapore,"508 Hill Rd, Singapore, Singapore",1.430897,103.88812,200,dermatology || neurosurgery || ophthalmology || orthopedics || pediatrics || physiotherapy || psychiatry,private,True
Kolkata General Hospital,general hospital,India,Kolkata,"707 NH 48, Kolkata, India",22.627325,88.367253,250,neurosurgery || orthopedics || pulmonology,public,True
Mumbai Multispeciality Hospital,general hospital,India,Mumbai,"817 Park Ave, Mumbai, India",19.01026,72.918543,50,gynecology || neurosurgery || ophthalmology || physiotherapy || pulmonology,private,False
Visakhapatnam Medical Center,specialty hospital,India,Visakhapatnam,"783 Station Rd, Visakhapatnam, India",17.738971,83.263624,300,cardiology || dermatology || emergency || gynecology || orthopedics || physiotherapy || psychiatry || pulmonology,trust,True
Houston General Hospital,specialty hospital,United States,Houston,"68 Station Rd, Houston, United States",29.686186,-95.401299,75,dental || dermatology || ent || nephrology || oncology || orthopedics || physiotherapy || psychiatry,private,True
Madrid Multispeciality Hospital,specialty hospital,Spain,Madrid,"902 Station Rd, Madrid, Spain",40.394422,-3.769777,750,cardiology || ent || oncology || psychiatry || radiology,public,True
Chennai Superspeciality Hospital,general hospital,India,Chennai,"522 Temple Rd, Chennai, India",13.091308,80.239584,150,gynecology || nephrology || ophthalmology || psychiatry || pulmonology,public,True
Jodhpur Medical College & Hospital,specialty hospital,India,Jodhpur,"367 High St, Jodhpur, India",26.230452,73.040395,200,dental || ent || hematology || oncology || ophthalmology || physiotherapy || pulmonology,public,False
Tiruchirappalli City Infirmary #111,general hospital,India,Tiruchirappalli,"856 Green Park Rd, Tiruchirappalli, India",10.857603,78.704214,1200,nephrology || orthopedics || urology,trust,True
Chennai Health Institute #112,general hospital,India,Chennai,"709 Main Bazaar Rd, Chennai, India",13.138928,80.224062,750,dermatology || emergency || nephrology || oncology || physiotherapy || pulmonology || radiology,private,False
Bhopal General Hospital,specialty hospital,India,Bhopal,"478 Sunrise Blvd, Bhopal, India",23.198519,77.463392,100,gastroenterology || ophthalmology || orthopedics || radiology,private,False
Delhi Medical Center,specialty hospital,India,Delhi,"146 High St, Delhi, India",28.674376,77.267889,400,cardiology || dermatology || gynecology || orthopedics || psychiatry || urology,public,True
Kanpur Health Institute,general hospital,India,Kanpur,"201 Oak St, Kanpur, India",26.496305,80.300649,50,cardiology || gynecology || hematology || pediatrics,public,False
Bilaspur Superspeciality Hospital,general hospital,India,Bilaspur,"829 Hill Rd, Bilaspur, India",22.064077,82.086864,300,dental || dermatology || emergency || ent || gynecology || nephrology || ophthalmology || pulmonology,public,True
Rajkot Medical College & Hospital,general hospital,India,Rajkot,"48 Sunrise Blvd, Rajkot, India",22.279276,70.878298,250,cardiology || ent || gastroenterology || hematology || neurosurgery || oncology || radiology,public,True
Jodhpur Multispeciality Hospital,general hospital,India,Jodhpur,"482 MG Road, Jodhpur, India",26.290497,72.965504,500,ent || gastroenterology || physiotherapy || urology,private,True
Thiruvananthapuram Multispeciality Hospital,general hospital,India,Thiruvananthapuram,"275 Sector 21 Rd, Thiruvananthapuram, India",8.591741,76.93453,200,dermatology || gynecology || nephrology || neurosurgery || ophthalmology || orthopedics || physiotherapy || psychiatry,public,True
Sao Paulo Health Institute,general hospital,Brazil,Sao Paulo,"770 MG Road, Sao Paulo, Brazil",-23.51343,-46.691626,150,ent || neurosurgery || oncology || psychiatry || urology,public,False
Ranchi Multispeciality Hospital,general hospital,India,Ranchi,"510 Park Ave, Ranchi, India",23.327886,85.25302,100,cardiology || gastroenterology || gynecology || psychiatry || pulmonology,public,True
Brisbane Medical Center,teaching hospital,Australia,Brisbane,"101 Station Rd, Brisbane, Australia",-27.538892,152.94923,50,dermatology || orthopedics || urology,public,False
Nellore Care Hospital #113,specialty hospital,India,Nellore,"142 Green Park Rd, Nellore, India",14.516698,79.994425,1000,cardiology || dental || gastroenterology || oncology || urology,trust,False
Madrid Multispeciality Hospital,teaching hospital,Spain,Madrid,"975 Ring Rd, Madrid, Spain",40.406,-3.733909,150,gynecology || neurosurgery || ophthalmology || orthopedics || pediatrics || physiotherapy,private,False
Rohtak Multispeciality Hospital,general hospital,India,Rohtak,"867 Sunrise Blvd, Rohtak, India",28.885822,76.543506,250,ent || nephrology || orthopedics || pediatrics || physiotherapy || psychiatry,public,True
Brisbane General Hospital,specialty hospital,Australia,Brisbane,"364 Park Ave, Brisbane, Australia",-27.515234,153.044234,250,gastroenterology || nephrology || oncology || physiotherapy,public,True
Tehran City Infirmary,teaching hospital,Iran,Tehran,"582 Sector 21 Rd, Tehran, Iran",35.633524,51.318816,400,dental || emergency || gastroenterology || gynecology || neurosurgery || orthopedics,public,True
Raipur Care Hospital #114,general hospital,India,Raipur,"567 Lakeview Ave, Raipur, India",21.244968,81.558906,1200,cardiology || ophthalmology || pulmonology,public,False
Indore Superspeciality Hospital,general hospital,India,Indore,"466 Maple Ave, Indore, India",22.648845,75.888906,1200,cardiology || ent || nephrology || pulmonology || radiology,trust,True
Montreal Medical College & Hospital,general hospital,Canada,Montreal,"979 Sunrise Blvd, Montreal, Canada",45.460169,-73.62464,50,nephrology || oncology || ophthalmology || orthopedics,public,False
Nagpur Multispeciality Hospital,general hospital,India,Nagpur,"147 Main Bazaar Rd, Nagpur, India",21.114324,79.024367,300,ent || gastroenterology || neurosurgery,public,True
Guwahati General Hospital,general hospital,India,Guwahati,"903 Main Bazaar Rd, Guwahati, India",26.074467,91.737708,1200,gastroenterology || gynecology || nephrology || oncology || pulmonology,public,True
Chandigarh City Infirmary,general hospital,India,Chandigarh,"716 Maple Ave, Chandigarh, India",30.783535,76.797835,100,emergency || oncology || pediatrics || pulmonology,private,False
Jammu Medical College & Hospital,specialty hospital,India,Jammu,"378 MG Road, Jammu, India",32.746423,74.861327,150,ent || nephrology || radiology,private,True
Guwahati General Hospital #115,specialty hospital,India,Guwahati,"768 Main Bazaar Rd, Guwahati, India",26.085414,91.798057,150,cardiology || dental || gastroenterology || orthopedics || psychiatry || radiology,public,False
Tiruchirappalli Multispeciality Hospital,general hospital,India,Tiruchirappalli,"562 Church St, Tiruchirappalli, India",10.74164,78.683541,150,cardiology || emergency || hematology || nephrology || ophthalmology || pediatrics || physiotherapy || psychiatry,private,True
Nellore Medical College & Hospital #116,specialty hospital,India,Nellore,"12 Temple Rd, Nellore, India",14.495006,80.023878,300,orthopedics || psychiatry || pulmonology || urology,private,False
Ranchi General Hospital,specialty hospital,India,Ranchi,"657 Station Rd, Ranchi, India",23.265865,85.296185,150,cardiology || dermatology || gastroenterology || oncology || ophthalmology || psychiatry,public,True
Durg Superspeciality Hospital #117,general hospital,India,Durg,"29 Oak St, Durg, India",21.113471,81.24647,300,emergency || gastroenterology || gynecology || neurosurgery || orthopedics,private,True
Houston Medical Center,general hospital,United States,Houston,"642 Sunrise Blvd, Houston, United States",29.702338,-95.36415,75,dental || dermatology || gastroenterology || gynecology || nephrology || ophthalmology || orthopedics,public,True
Madurai Health Institute #118,general hospital,India,Madurai,"226 MG Road, Madurai, India",9.847139,78.078392,1000,dermatology || emergency || gynecology || hematology || orthopedics || pediatrics || psychiatry || urology,private,True
Rome Care Hospital,specialty hospital,Italy,Rome,"647 Sector 21 Rd, Rome, Italy",41.951046,12.569932,150,dental || dermatology || hematology || nephrology || neurosurgery || ophthalmology || pulmonology || radiology,public,False
Chandigarh Superspeciality Hospital,specialty hospital,India,Chandigarh,"14 Church St, Chandigarh, India",30.670858,76.787074,150,gynecology || neurosurgery || oncology,private,False
Hyderabad City Infirmary,general hospital,India,Hyderabad,"156 Sector 21 Rd, Hyderabad, India",17.440097,78.422393,150,dermatology || neurosurgery || psychiatry || radiology,public,True
Phoenix Medical College & Hospital,general hospital,United States,Phoenix,"25 Church St, Phoenix, United States",33.392408,-112.102052,300,cardiology || dental || gynecology || neurosurgery || orthopedics || pediatrics || physiotherapy || radiology,private,True
Bhubaneswar Medical College & Hospital,general hospital,India,Bhubaneswar,"645 Oak St, Bhubaneswar, India",20.292263,85.804642,150,emergency || ophthalmology || orthopedics,public,False
Toronto City Infirmary,specialty hospital,Canada,Toronto,"955 Sunrise Blvd, Toronto, Canada",43.646711,-79.337597,500,emergency || ent || nephrology || psychiatry,public,True
Kanpur Superspeciality Hospital,specialty hospital,India,Kanpur,"991 Sunrise Blvd, Kanpur, India",26.522754,80.377805,100,emergency || gastroenterology || ophthalmology || orthopedics || urology,public,True
Nellore Medical College & Hospital,specialty hospital,India,Nellore,"813 College Rd, Nellore, India",14.472702,79.976516,75,emergency || gastroenterology || nephrology,private,False
Lucknow City Infirmary,general hospital,India,Lucknow,"465 High St, Lucknow, India",26.901239,80.872348,750,dental || emergency || ent || ophthalmology || radiology || urology,private,True
Delhi Health Institute,teaching hospital,India,Delhi,"963 Sector 21 Rd, Delhi, India",28.607736,77.230952,250,dermatology || ent || gastroenterology || oncology || ophthalmology || orthopedics || radiology || urology,trust,False
Bilaspur City Infirmary #119,general hospital,India,Bilaspur,"262 Hill Rd, Bilaspur, India",22.142819,82.160967,250,dental || dermatology || gastroenterology || ophthalmology || orthopedics || psychiatry || urology,public,True
Dubai City Infirmary,general hospital,UAE,Dubai,"698 Ring Rd, Dubai, UAE",25.135464,55.273745,75,cardiology || gastroenterology || gynecology || neurosurgery || pulmonology,public,False
Vijayawada Medical Center,general hospital,India,Vijayawada,"434 Lakeview Ave, Vijayawada, India",16.544189,80.649956,250,dental || ent || gastroenterology || hematology || oncology || pediatrics,private,False
Shanghai Medical Center,specialty hospital,China,Shanghai,"353 Ring Rd, Shanghai, China",31.157068,121.407267,300,cardiology || emergency || gastroenterology || oncology || orthopedics,private,True
Warangal Medical College & Hospital,specialty hospital,India,Warangal,"751 NH 48, Warangal, India",17.900433,79.525501,25,hematology || physiotherapy || pulmonology || urology,public,True
Tokyo City Infirmary,specialty hospital,Japan,Tokyo,"829 Sunrise Blvd, Tokyo, Japan",35.74924,139.688301,100,dermatology || gynecology || nephrology || psychiatry || pulmonology,public,True
Coimbatore General Hospital,general hospital,India,Coimbatore,"689 Station Rd, Coimbatore, India",10.984246,76.931753,400,cardiology || dermatology || pediatrics,private,False
Indore General Hospital,general hospital,India,Indore,"986 Temple Rd, Indore, India",22.745419,75.807331,75,dental || nephrology || ophthalmology || physiotherapy || pulmonology || radiology,trust,False
Abu Dhabi Medical College & Hospital,teaching hospital,UAE,Abu Dhabi,"895 Park Ave, Abu Dhabi, UAE",24.389643,54.402948,300,cardiology || gastroenterology || psychiatry,private,False
Rajkot Medical Center,general hospital,India,Rajkot,"717 Church St, Rajkot, India",22.266307,70.725551,50,ent || nephrology || ophthalmology || psychiatry || radiology,public,False
Beijing General Hospital,teaching hospital,China,Beijing,"993 Park Ave, Beijing, China",39.979058,116.374671,300,dermatology || ent || gastroenterology || neurosurgery || oncology || ophthalmology || psychiatry || urology,public,False
Tokyo Medical College & Hospital,general hospital,Japan,Tokyo,"147 Hospital Rd, Tokyo, Japan",35.696146,139.63141,75,dental || dermatology || ent || gastroenterology || hematology || ophthalmology || physiotherapy,private,False
Tokyo Multispeciality Hospital,general hospital,Japan,Tokyo,"554 Church St, Tokyo, Japan",35.615622,139.668702,400,emergency || gynecology || orthopedics || pulmonology,private,True
Bilaspur Health Institute,specialty hospital,India,Bilaspur,"226 Temple Rd, Bilaspur, India",22.102625,82.143948,25,dermatology || gastroenterology || gynecology || hematology || ophthalmology || physiotherapy || pulmonology || urology,trust,False
Sao Paulo Health Institute,specialty hospital,Brazil,Sao Paulo,"754 Sector 21 Rd, Sao Paulo, Brazil",-23.480842,-46.591806,100,dental || dermatology || ent || hematology || nephrology || neurosurgery || physiotherapy || psychiatry,public,True
Nagpur Medical Center,general hospital,India,Nagpur,"321 Sector 21 Rd, Nagpur, India",21.222595,79.104501,200,cardiology || dermatology || nephrology || oncology || ophthalmology || orthopedics || psychiatry,public,True
Madrid Superspeciality Hospital #120,general hospital,Spain,Madrid,"873 Main Bazaar Rd, Madrid, Spain",40.456492,-3.653917,250,hematology || neurosurgery || oncology || ophthalmology || radiology,private,True
Tiruchirappalli General Hospital,general hospital,India,Tiruchirappalli,"706 Station Rd, Tiruchirappalli, India",10.730995,78.678823,750,dental || hematology || ophthalmology || orthopedics || physiotherapy,private,True
Dubai Superspeciality Hospital,teaching hospital,UAE,Dubai,"231 Maple Ave, Dubai, UAE",25.160738,55.250347,150,gastroenterology || oncology || ophthalmology || pulmonology,trust,False
Salem Multispeciality Hospital,specialty hospital,India,Salem,"401 MG Road, Salem, India",11.654605,78.16407,750,dermatology || emergency || gastroenterology || oncology || orthopedics || physiotherapy || pulmonology,private,True
Beijing Multispeciality Hospital,specialty hospital,China,Beijing,"453 College Rd, Beijing, China",39.862711,116.34684,75,dental || ent || hematology || orthopedics || urology,private,True
Birmingham City Infirmary,teaching hospital,United Kingdom,Birmingham,"696 Lakeview Ave, Birmingham, United Kingdom",52.548108,-1.86707,100,gynecology || ophthalmology || urology,public,True
Paris Medical College & Hospital,specialty hospital,France,Paris,"414 Church St, Paris, France",48.907152,2.410019,500,gastroenterology || gynecology || neurosurgery,private,True
Paris Medical Center,teaching hospital,France,Paris,"666 Sector 21 Rd, Paris, France",48.923628,2.312559,300,cardiology || dermatology || gynecology || psychiatry || urology,public,True
Johannesburg General Hospital,teaching hospital,South Africa,Johannesburg,"492 Temple Rd, Johannesburg, South Africa",-26.210414,28.10202,300,gastroenterology || gynecology || hematology || ophthalmology || orthopedics || pulmonology || radiology || urology,private,True
Durg City Infirmary,specialty hospital,India,Durg,"404 Green Park Rd, Durg, India",21.234632,81.309886,75,dental || emergency || ent || gastroenterology || gynecology || ophthalmology || psychiatry,trust,False
Rajkot City Infirmary #121,general hospital,India,Rajkot,"322 Station Rd, Rajkot, India",22.311104,70.879747,750,hematology || orthopedics || pulmonology,public,True
London Care Hospital,general hospital,United Kingdom,London,"434 Oak St, London, United Kingdom",51.434308,-0.18143,50,dermatology || ent || oncology || physiotherapy,private,False
Warangal Health Institute,teaching hospital,India,Warangal,"361 Green Park Rd, Warangal, India",18.005057,79.644946,75,cardiology || dental || dermatology || emergency || gynecology || neurosurgery || orthopedics,public,False
Sao Paulo Health Institute,specialty hospital,Brazil,Sao Paulo,"433 MG Road, Sao Paulo, Brazil",-23.554864,-46.585088,300,dermatology || gastroenterology || neurosurgery || orthopedics || pediatrics || physiotherapy || pulmonology,trust,True
Montreal Superspeciality Hospital #122,specialty hospital,Canada,Montreal,"649 Sunrise Blvd, Montreal, Canada",45.508658,-73.552944,150,dental || emergency || ent || nephrology || ophthalmology || orthopedics || pulmonology || urology,public,False
Vadodara Medical Center,specialty hospital,India,Vadodara,"417 MG Road, Vadodara, India",22.274808,73.191604,250,emergency || pediatrics || physiotherapy || radiology || urology,trust,True
Chandigarh Superspeciality Hospital,general hospital,India,Chandigarh,"948 Station Rd, Chandigarh, India",30.793032,76.801207,300,ent || gynecology || oncology || ophthalmology,private,True
Cape Town Medical Center,general hospital,South Africa,Cape Town,"970 Sector 21 Rd, Cape Town, South Africa",-33.979289,18.417949,25,dental || gastroenterology || ophthalmology || urology,private,False
Rome City Infirmary #123,specialty hospital,Italy,Rome,"274 Maple Ave, Rome, Italy",41.862269,12.532634,1200,dental || emergency || ent || nephrology || neurosurgery || psychiatry || pulmonology || urology,private,True
Jabalpur Superspeciality Hospital,teaching hospital,India,Jabalpur,"971 High St, Jabalpur, India",23.117368,79.970639,400,dental || emergency || ent || gynecology || radiology || urology,trust,True
Nellore Care Hospital,general hospital,India,Nellore,"896 Oak St, Nellore, India",14.395246,79.995314,300,ent || hematology || ophthalmology || pediatrics || physiotherapy || radiology,trust,False
Singapore Superspeciality Hospital,specialty hospital,Singapore,Singapore,"732 NH 48, Singapore, Singapore",1.370658,103.769884,100,dental || dermatology || emergency || ent || neurosurgery || oncology || radiology || urology,trust,False
Toronto Health Institute,general hospital,Canada,Toronto,"976 Maple Ave, Toronto, Canada",43.698607,-79.374524,25,dermatology || ent || gastroenterology || ophthalmology || pulmonology || urology,trust,True
Aligarh Medical Center,general hospital,India,Aligarh,"272 Sunrise Blvd, Aligarh, India",27.939159,78.01365,300,gastroenterology || orthopedics || physiotherapy,trust,False
Johannesburg Multispeciality Hospital,specialty hospital,South Africa,Johannesburg,"59 Hill Rd, Johannesburg, South Africa",-26.251703,28.120592,100,oncology || psychiatry || radiology,public,True
Vancouver Health Institute #124,general hospital,Canada,Vancouver,"203 MG Road, Vancouver, Canada",49.255009,-123.176878,100,cardiology || ent || gynecology || hematology || nephrology || neurosurgery || psychiatry,public,False
Mysuru Health Institute,general hospital,India,Mysuru,"187 Green Park Rd, Mysuru, India",12.356064,76.718813,100,dental || emergency || gynecology || psychiatry || pulmonology,public,True
Bhubaneswar Superspeciality Hospital #125,general hospital,India,Bhubaneswar,"137 Sector 21 Rd, Bhubaneswar, India",20.287878,85.860031,500,dermatology || neurosurgery || orthopedics || physiotherapy || pulmonology || radiology,trust,True
Jammu City Infirmary,specialty hospital,India,Jammu,"903 Sector 21 Rd, Jammu, India",32.741487,74.839644,150,cardiology || emergency || ent || gastroenterology || gynecology || hematology || physiotherapy,public,False
Berlin Health Institute,specialty hospital,Germany,Berlin,"9 NH 48, Berlin, Germany",52.551299,13.325515,250,emergency || gastroenterology || oncology || ophthalmology || orthopedics || physiotherapy,public,True
Visakhapatnam Care Hospital,teaching hospital,India,Visakhapatnam,"718 Church St, Visakhapatnam, India",17.663679,83.265572,50,gynecology || nephrology || oncology || ophthalmology || orthopedics || pediatrics || psychiatry || urology,public,False
Aurangabad City Infirmary,general hospital,India,Aurangabad,"40 Temple Rd, Aurangabad, India",19.890312,75.340256,250,cardiology || hematology || nephrology || orthopedics,public,True
Noida Superspeciality Hospital,general hospital,India,Noida,"63 Hospital Rd, Noida, India",28.465877,77.403797,200,dermatology || gynecology || hematology || oncology || pediatrics || pulmonology,trust,True
Raipur General Hospital #126,general hospital,India,Raipur,"677 Park Ave, Raipur, India",21.261106,81.646158,250,gynecology || oncology || ophthalmology || pediatrics,private,True
Coimbatore Care Hospital #127,specialty hospital,India,Coimbatore,"700 Green Park Rd, Coimbatore, India",11.065598,76.918971,400,dental || ent || radiology || urology,public,True
Kolkata Medical Center #128,specialty hospital,India,Kolkata,"124 Maple Ave, Kolkata, India",22.572321,88.296229,50,dermatology || gynecology || oncology || orthopedics || pediatrics || physiotherapy || psychiatry,public,False
Frankfurt City Infirmary #129,general hospital,Germany,Frankfurt,"564 Temple Rd, Frankfurt, Germany",50.084378,8.727684,300,dermatology || ent || gynecology || orthopedics || physiotherapy || psychiatry || urology,private,True
Madrid City Infirmary,specialty hospital,Spain,Madrid,"133 High St, Madrid, Spain",40.462978,-3.701037,150,dermatology || orthopedics || physiotherapy,private,True
Shanghai City Infirmary,general hospital,China,Shanghai,"576 Sector 21 Rd, Shanghai, China",31.173992,121.446211,150,cardiology || emergency || oncology || orthopedics || pediatrics || pulmonology,public,False
Barcelona Care Hospital,general hospital,Spain,Barcelona,"726 Temple Rd, Barcelona, Spain",41.321576,2.123898,200,dermatology || gynecology || hematology || neurosurgery || pediatrics || physiotherapy || pulmonology,public,True
Tehran Care Hospital,general hospital,Iran,Tehran,"255 Sunrise Blvd, Tehran, Iran",35.726906,51.468736,750,cardiology || dermatology || ent || gynecology || ophthalmology || pulmonology || urology,trust,True
Raipur Care Hospital,general hospital,India,Raipur,"836 Oak St, Raipur, India",21.27421,81.617,250,cardiology || dental || neurosurgery || pediatrics || pulmonology,private,False
Madrid Medical College & Hospital,general hospital,Spain,Madrid,"642 Green Park Rd, Madrid, Spain",40.462504,-3.764866,150,neurosurgery || pediatrics || psychiatry || radiology,public,False
Singapore Multispeciality Hospital,specialty hospital,Singapore,Singapore,"378 Ring Rd, Singapore, Singapore",1.406468,103.801213,200,emergency || nephrology || ophthalmology || physiotherapy || psychiatry || pulmonology,trust,True
Guntur City Infirmary,general hospital,India,Guntur,"167 Lakeview Ave, Guntur, India",16.320743,80.386016,100,dental || emergency || gynecology || hematology || orthopedics || physiotherapy,private,False
Guntur City Infirmary,specialty hospital,India,Guntur,"618 Station Rd, Guntur, India",16.280222,80.360691,25,cardiology || dental || gastroenterology || gynecology || nephrology || physiotherapy,private,True
Kolkata Care Hospital #130,specialty hospital,India,Kolkata,"14 Oak St, Kolkata, India",22.625672,88.327591,200,dental || emergency || radiology,public,True
Ranchi City Infirmary,general hospital,India,Ranchi,"250 Maple Ave, Ranchi, India",23.311896,85.380109,75,cardiology || dental || dermatology || gynecology || nephrology || ophthalmology || pediatrics,private,True
Singapore General Hospital,general hospital,Singapore,Singapore,"438 Sector 21 Rd, Singapore, Singapore",1.340845,103.879437,500,gastroenterology || neurosurgery || oncology || urology,private,True
Tokyo Medical Center,teaching hospital,Japan,Tokyo,"289 Hill Rd, Tokyo, Japan",35.625976,139.698723,150,gynecology || radiology || urology,trust,False
Sao Paulo City Infirmary,general hospital,Brazil,Sao Paulo,"186 NH 48, Sao Paulo, Brazil",-23.558525,-46.698243,50,gynecology || oncology || physiotherapy || urology,public,False
Patna Medical Center,teaching hospital,India,Patna,"153 Ring Rd, Patna, India",25.63057,85.137034,150,gastroenterology || hematology || nephrology || ophthalmology || psychiatry,public,False
Sydney Medical Center,general hospital,Australia,Sydney,"786 Sector 21 Rd, Sydney, Australia",-33.832079,151.251782,75,dental || nephrology || ophthalmology || radiology || urology,trust,False
Jaipur Superspeciality Hospital,general hospital,India,Jaipur,"552 Green Park Rd, Jaipur, India",26.930036,75.728957,300,dental || dermatology || gastroenterology || neurosurgery || oncology || physiotherapy,private,True
Madrid Medical Center,general hospital,Spain,Madrid,"872 Oak St, Madrid, Spain",40.441913,-3.630742,50,cardiology || dental || gynecology || hematology || ophthalmology,trust,False
Madrid Care Hospital,specialty hospital,Spain,Madrid,"565 NH 48, Madrid, Spain",40.345929,-3.73865,75,dermatology || hematology || neurosurgery || orthopedics,public,False
Guntur General Hospital,general hospital,India,Guntur,"56 Station Rd, Guntur, India",16.266217,80.501501,75,cardiology || dental || emergency || ent || nephrology || ophthalmology || physiotherapy || pulmonology,public,True
Rohtak Medical College & Hospital #131,general hospital,India,Rohtak,"762 Ring Rd, Rohtak, India",28.859012,76.648104,150,ent || nephrology || neurosurgery || oncology || ophthalmology || pulmonology || radiology || urology,private,True
Cuttack General Hospital,general hospital,India,Cuttack,"165 Oak St, Cuttack, India",20.506774,85.813259,150,gynecology || nephrology || oncology || pediatrics || psychiatry || urology,private,True
Cape Town City Infirmary,general hospital,South Africa,Cape Town,"58 Church St, Cape Town, South Africa",-33.999522,18.354125,750,dental || emergency || neurosurgery || physiotherapy || psychiatry || pulmonology,private,True
Hyderabad Health Institute,general hospital,India,Hyderabad,"112 Station Rd, Hyderabad, India",17.327279,78.491887,150,cardiology || radiology || urology,public,True
Indore General Hospital,general hospital,India,Indore,"565 Sunrise Blvd, Indore, India",22.695175,75.921673,25,cardiology || dermatology || emergency || nephrology || neurosurgery || oncology || pediatrics || psychiatry,trust,False
Kolkata Care Hospital #132,general hospital,India,Kolkata,"290 Sector 21 Rd, Kolkata, India",22.598806,88.438043,200,dental || emergency || gastroenterology || ophthalmology || orthopedics || radiology || urology,public,True
Birmingham City Infirmary #133,specialty hospital,United Kingdom,Birmingham,"489 Maple Ave, Birmingham, United Kingdom",52.556092,-1.962039,150,emergency || ent || hematology || psychiatry || pulmonology,private,False
Indore City Infirmary,general hospital,India,Indore,"987 Hospital Rd, Indore, India",22.681225,75.894631,1200,ent || hematology || ophthalmology || physiotherapy || psychiatry || pulmonology || radiology,private,False
Vijayawada Medical College & Hospital,teaching hospital,India,Vijayawada,"622 MG Road, Vijayawada, India",16.467245,80.672668,75,cardiology || gynecology || ophthalmology || physiotherapy,public,False
Prayagraj Medical Center,general hospital,India,Prayagraj,"174 High St, Prayagraj, India",25.446253,81.840529,1000,emergency || ent || pediatrics || urology,public,True
Melbourne Care Hospital,general hospital,Australia,Melbourne,"947 Ring Rd, Melbourne, Australia",-37.796236,144.939021,50,dermatology || ophthalmology || physiotherapy,public,False
Nashik City Infirmary,general hospital,India,Nashik,"640 Park Ave, Nashik, India",19.941699,73.745851,75,emergency || ent || hematology || nephrology || psychiatry,trust,False
Prayagraj General Hospital,general hospital,India,Prayagraj,"841 Green Park Rd, Prayagraj, India",25.491899,81.856096,200,gynecology || hematology || oncology,public,True
Munich Multispeciality Hospital,general hospital,Germany,Munich,"480 Green Park Rd, Munich, Germany",48.073463,11.639622,300,emergency || gynecology || orthopedics || physiotherapy || psychiatry || pulmonology,private,True
Agra Health Institute,general hospital,India,Agra,"720 College Rd, Agra, India",27.107527,78.041354,200,dermatology || pediatrics || psychiatry,private,False
Indore Health Institute,teaching hospital,India,Indore,"793 Sector 21 Rd, Indore, India",22.652676,75.851028,150,nephrology || ophthalmology || urology,public,True
Meerut Medical College & Hospital,specialty hospital,India,Meerut,"86 Ring Rd, Meerut, India",28.931024,77.777712,500,emergency || gastroenterology || pediatrics,public,True
Johannesburg Care Hospital #134,general hospital,South Africa,Johannesburg,"917 NH 48, Johannesburg, South Africa",-26.177056,28.041267,150,ent || oncology || orthopedics || pulmonology || urology,private,False
Milan Health Institute,specialty hospital,Italy,Milan,"843 Oak St, Milan, Italy",45.488356,9.197269,50,emergency || hematology || nephrology || ophthalmology || orthopedics || radiology || urology,private,False
Lucknow Multispeciality Hospital,general hospital,India,Lucknow,"325 Station Rd, Lucknow, India",26.8487,80.995225,150,cardiology || emergency || ent || nephrology || neurosurgery || pediatrics || physiotherapy || radiology,private,False
Indore Superspeciality Hospital,general hospital,India,Indore,"171 Sector 21 Rd, Indore, India",22.647913,75.903505,75,cardiology || dental || orthopedics || urology,public,True
Noida Medical Center,specialty hospital,India,Noida,"467 NH 48, Noida, India",28.496879,77.337353,100,dermatology || emergency || nephrology || physiotherapy || radiology || urology,private,True
Surat Medical College & Hospital,specialty hospital,India,Surat,"706 NH 48, Surat, India",21.21128,72.834202,75,cardiology || dental || dermatology || emergency || gynecology || oncology || physiotherapy || radiology,trust,True
Sao Paulo Multispeciality Hospital,specialty hospital,Brazil,Sao Paulo,"684 High St, Sao Paulo, Brazil",-23.495347,-46.578867,500,dermatology || gastroenterology || gynecology || neurosurgery || orthopedics || psychiatry,trust,False
Bareilly Multispeciality Hospital,specialty hospital,India,Bareilly,"721 Sector 21 Rd, Bareilly, India",28.325207,79.422598,1200,ent || neurosurgery || urology,public,False
Hisar Medical College & Hospital,general hospital,India,Hisar,"931 NH 48, Hisar, India",29.192722,75.646047,50,cardiology || hematology || physiotherapy,private,False
Nellore Health Institute,teaching hospital,India,Nellore,"441 Church St, Nellore, India",14.436829,80.051975,200,dental || dermatology || ent || gastroenterology || oncology || orthopedics || physiotherapy,public,True
Vancouver Health Institute,general hospital,Canada,Vancouver,"102 Ring Rd, Vancouver, Canada",49.28235,-123.183824,250,dermatology || gastroenterology || gynecology || ophthalmology || pediatrics || physiotherapy || pulmonology,public,True
Jodhpur City Infirmary #135,specialty hospital,India,Jodhpur,"943 MG Road, Jodhpur, India",26.290437,73.005167,400,cardiology || gastroenterology || hematology || ophthalmology || physiotherapy || psychiatry || radiology,public,True
Sydney Superspeciality Hospital,specialty hospital,Australia,Sydney,"388 Temple Rd, Sydney, Australia",-33.794484,151.161903,200,cardiology || dermatology || emergency || hematology || oncology || pediatrics || psychiatry || radiology,trust,True
London City Infirmary,teaching hospital,United Kingdom,London,"96 MG Road, London, United Kingdom",51.473342,-0.080943,200,ent || gastroenterology || gynecology || neurosurgery || orthopedics || urology,public,True
London Medical College & Hospital,general hospital,United Kingdom,London,"931 Main Bazaar Rd, London, United Kingdom",51.528933,-0.080134,150,cardiology || oncology || physiotherapy || pulmonology,private,False
Manchester Health Institute,specialty hospital,United Kingdom,Manchester,"560 Oak St, Manchester, United Kingdom",53.547214,-2.237315,75,ent || gynecology || orthopedics || pediatrics,private,False
Meerut City Infirmary,general hospital,India,Meerut,"921 Sunrise Blvd, Meerut, India",29.015844,77.753322,100,hematology || neurosurgery || radiology,public,False
Vadodara Multispeciality Hospital #136,general hospital,India,Vadodara,"726 Green Park Rd, Vadodara, India",22.364349,73.246183,100,gynecology || hematology || nephrology || oncology || ophthalmology || orthopedics || pediatrics || psychiatry,public,False
Melbourne Medical Center,specialty hospital,Australia,Melbourne,"320 Lakeview Ave, Melbourne, Australia",-37.736237,144.905614,75,dental || nephrology || ophthalmology || psychiatry,private,True
Pune Medical College & Hospital,specialty hospital,India,Pune,"383 MG Road, Pune, India",18.469876,73.919738,250,dermatology || ent || oncology || orthopedics || pediatrics || pulmonology,public,False
Gwalior Health Institute,general hospital,India,Gwalior,"829 Park Ave, Gwalior, India",26.162637,78.173252,250,emergency || gynecology || neurosurgery || pulmonology || radiology || urology,public,True
Delhi Health Institute,specialty hospital,India,Delhi,"219 Main Bazaar Rd, Delhi, India",28.547254,77.270187,400,emergency || gastroenterology || gynecology || hematology || neurosurgery || oncology || radiology,private,True
Rajkot Medical Center,specialty hospital,India,Rajkot,"699 NH 48, Rajkot, India",22.304733,70.87694,150,dental || dermatology || gastroenterology || orthopedics || radiology,private,True
Ahmedabad Medical Center,specialty hospital,India,Ahmedabad,"606 Sector 21 Rd, Ahmedabad, India",23.099958,72.598267,250,cardiology || dental || oncology || physiotherapy,private,False
Isfahan Care Hospital #137,teaching hospital,Iran,Isfahan,"38 Green Park Rd, Isfahan, Iran",32.601153,51.729108,150,cardiology || dermatology || emergency || gastroenterology || neurosurgery || physiotherapy || radiology,private,True
Kochi Medical College & Hospital #138,specialty hospital,India,Kochi,"506 Maple Ave, Kochi, India",9.877157,76.189317,200,gynecology || nephrology || oncology || ophthalmology || psychiatry || pulmonology,trust,True
Rohtak General Hospital #139,teaching hospital,India,Rohtak,"883 NH 48, Rohtak, India",28.899884,76.641697,500,emergency || orthopedics || pulmonology || urology,private,True
Warangal General Hospital,specialty hospital,India,Warangal,"114 Maple Ave, Warangal, India",17.901605,79.631139,75,emergency || gastroenterology || hematology || pediatrics || radiology,private,False
Ahmedabad City Infirmary,general hospital,India,Ahmedabad,"599 NH 48, Ahmedabad, India",23.079808,72.62245,200,ent || gynecology || nephrology || neurosurgery || oncology || ophthalmology || psychiatry || radiology,trust,True
Berlin Care Hospital,specialty hospital,Germany,Berlin,"362 Green Park Rd, Berlin, Germany",52.553639,13.375296,150,dental || emergency || ophthalmology || orthopedics,public,True
Rohtak Medical College & Hospital #140,general hospital,India,Rohtak,"214 Hospital Rd, Rohtak, India",28.946962,76.600082,100,dermatology || hematology || nephrology || oncology || pediatrics || psychiatry || radiology,trust,True
Prayagraj Multispeciality Hospital,general hospital,India,Prayagraj,"799 Sector 21 Rd, Prayagraj, India",25.434874,81.89882,100,emergency || nephrology || pediatrics || pulmonology,private,False
Pune City Infirmary,general hospital,India,Pune,"113 Church St, Pune, India",18.468202,73.890622,400,pediatrics || psychiatry || pulmonology,public,True
Patna Medical Center,general hospital,India,Patna,"442 Sunrise Blvd, Patna, India",25.530202,85.09598,50,ent || gastroenterology || nephrology || radiology,public,False
Madurai Medical College & Hospital,general hospital,India,Madurai,"302 Sunrise Blvd, Madurai, India",9.900871,78.111856,300,dental || ent || ophthalmology || orthopedics || pediatrics || pulmonology,public,True
Ahmedabad Superspeciality Hospital #141,teaching hospital,India,Ahmedabad,"590 Temple Rd, Ahmedabad, India",23.046684,72.590749,100,dental || emergency || gynecology || pediatrics,public,False
Singapore Medical Center,specialty hospital,Singapore,Singapore,"709 Temple Rd, Singapore, Singapore",1.406732,103.815206,1000,hematology || orthopedics || physiotherapy || pulmonology || radiology || urology,private,True
Kanpur Multispeciality Hospital,teaching hospital,India,Kanpur,"705 Church St, Kanpur, India",26.471363,80.272102,250,emergency || ent || pulmonology || radiology,public,True
Paris Medical College & Hospital,general hospital,France,Paris,"271 MG Road, Paris, France",48.828617,2.382012,50,cardiology || ophthalmology || physiotherapy || urology,private,True
Rohtak General Hospital,teaching hospital,India,Rohtak,"856 Church St, Rohtak, India",28.843481,76.663518,75,dermatology || ent || gastroenterology || gynecology || hematology || physiotherapy || pulmonology,private,True
Cape Town Multispeciality Hospital,general hospital,South Africa,Cape Town,"848 Hill Rd, Cape Town, South Africa",-33.870973,18.388784,250,ent || gynecology || hematology || ophthalmology || radiology,private,True
Prayagraj Medical College & Hospital,specialty hospital,India,Prayagraj,"146 Hill Rd, Prayagraj, India",25.466864,81.848325,100,cardiology || gynecology || nephrology || neurosurgery || ophthalmology || urology,public,False
Pune Care Hospital,specialty hospital,India,Pune,"921 Main Bazaar Rd, Pune, India",18.474423,73.78201,100,oncology || orthopedics || pediatrics || psychiatry || pulmonology || radiology || urology,trust,True
Jodhpur Health Institute,general hospital,India,Jodhpur,"815 Main Bazaar Rd, Jodhpur, India",26.263406,73.094429,500,cardiology || emergency || gynecology || neurosurgery || oncology || radiology || urology,private,True
Sao Paulo Care Hospital,general hospital,Brazil,Sao Paulo,"302 Oak St, Sao Paulo, Brazil",-23.51323,-46.593448,250,cardiology || dermatology || gynecology || neurosurgery || oncology || orthopedics,public,True
New York Care Hospital #142,teaching hospital,United States,New York,"805 Hospital Rd, New York, United States",40.674446,-73.940849,250,dental || emergency || ent || gynecology || hematology || orthopedics || pediatrics || urology,private,True
Dehradun Health Institute,specialty hospital,India,Dehradun,"396 NH 48, Dehradun, India",30.326171,77.969958,150,emergency || ent || gynecology || oncology || ophthalmology || pediatrics,private,False
Montreal Superspeciality Hospital,general hospital,Canada,Montreal,"205 High St, Montreal, Canada",45.495557,-73.50907,200,emergency || oncology || orthopedics || psychiatry || pulmonology,private,False
Amritsar Multispeciality Hospital,general hospital,India,Amritsar,"702 Hill Rd, Amritsar, India",31.614864,74.948588,50,dental || nephrology || neurosurgery || orthopedics || psychiatry || urology,public,False
Singapore City Infirmary,general hospital,Singapore,Singapore,"249 Hospital Rd, Singapore, Singapore",1.339708,103.746524,300,dental || dermatology || gastroenterology || hematology || oncology,private,True
Osaka General Hospital #143,general hospital,Japan,Osaka,"666 Station Rd, Osaka, Japan",34.760592,135.467106,500,gynecology || nephrology || oncology || ophthalmology || radiology,public,True
Rome Superspeciality Hospital,specialty hospital,Italy,Rome,"991 College Rd, Rome, Italy",41.869555,12.562123,300,ent || hematology || neurosurgery || oncology,private,False
Sao Paulo Medical Center #144,general hospital,Brazil,Sao Paulo,"902 Station Rd, Sao Paulo, Brazil",-23.507015,-46.716719,1000,cardiology || dental || gynecology || neurosurgery || orthopedics || pediatrics || physiotherapy,private,True
Mysuru Multispeciality Hospital,specialty hospital,India,Mysuru,"862 Green Park Rd, Mysuru, India",12.332067,76.60816,400,gynecology || hematology || nephrology || psychiatry || radiology,public,True
Berlin Superspeciality Hospital,general hospital,Germany,Berlin,"684 Station Rd, Berlin, Germany",52.485043,13.464641,50,dental || gastroenterology || ophthalmology || orthopedics || pediatrics || physiotherapy || urology,public,False
Mumbai Care Hospital,specialty hospital,India,Mumbai,"12 High St, Mumbai, India",19.10859,72.884212,50,dermatology || psychiatry || urology,trust,False
Sydney City Infirmary,teaching hospital,Australia,Sydney,"516 Sunrise Blvd, Sydney, Australia",-33.910097,151.131285,150,emergency || ent || gastroenterology || ophthalmology || physiotherapy,private,True
Abu Dhabi City Infirmary,specialty hospital,UAE,Abu Dhabi,"311 Sector 21 Rd, Abu Dhabi, UAE",24.422102,54.393037,100,gastroenterology || ophthalmology || physiotherapy,private,True
Cape Town City Infirmary,specialty hospital,South Africa,Cape Town,"595 Hill Rd, Cape Town, South Africa",-33.956913,18.463011,25,cardiology || dental || dermatology || emergency || gastroenterology || nephrology || urology,public,False
Salem Multispeciality Hospital,general hospital,India,Salem,"791 Church St, Salem, India",11.728763,78.202362,250,gastroenterology || nephrology || pulmonology,trust,True
Bengaluru Medical Center,general hospital,India,Bengaluru,"647 Oak St, Bengaluru, India",12.986515,77.657368,75,gastroenterology || gynecology || psychiatry || radiology,public,False
Nagpur Care Hospital,specialty hospital,India,Nagpur,"231 Sunrise Blvd, Nagpur, India",21.078435,79.046522,400,cardiology || dermatology || ent || nephrology || oncology || orthopedics || pulmonology || radiology,trust,True
Jaipur General Hospital,general hospital,India,Jaipur,"560 MG Road, Jaipur, India",26.837947,75.800549,1200,ent || nephrology || ophthalmology || orthopedics || pulmonology,public,False
Kochi City Infirmary,general hospital,India,Kochi,"641 Sector 21 Rd, Kochi, India",9.988111,76.270731,50,emergency || hematology || physiotherapy,private,False
Bhopal General Hospital,general hospital,India,Bhopal,"230 High St, Bhopal, India",23.31292,77.428437,50,emergency || gastroenterology || hematology || pulmonology || urology,public,False
Shiraz Care Hospital,general hospital,Iran,Shiraz,"715 Station Rd, Shiraz, Iran",29.526817,52.64924,250,cardiology || dermatology || hematology || ophthalmology || orthopedics || pediatrics || pulmonology,public,False
Indore Health Institute,specialty hospital,India,Indore,"900 Maple Ave, Indore, India",22.772286,75.918337,200,dermatology || emergency || ophthalmology || urology,trust,False
Nashik Medical Center,general hospital,India,Nashik,"133 Temple Rd, Nashik, India",20.000291,73.778668,100,dental || dermatology || gynecology || ophthalmology || pediatrics || physiotherapy || pulmonology || radiology,private,True
Berlin General Hospital #145,specialty hospital,Germany,Berlin,"201 Green Park Rd, Berlin, Germany",52.509535,13.448821,200,cardiology || dermatology || gastroenterology || ophthalmology || orthopedics || physiotherapy || psychiatry,private,True
Jaipur Medical Center,teaching hospital,India,Jaipur,"926 Hill Rd, Jaipur, India",26.975204,75.778241,200,dermatology || gynecology || nephrology || orthopedics || radiology,public,True
Nellore General Hospital,general hospital,India,Nellore,"738 Church St, Nellore, India",14.463609,80.001172,300,dermatology || emergency || hematology,private,True
Rajkot Superspeciality Hospital,general hospital,India,Rajkot,"408 College Rd, Rajkot, India",22.261889,70.804178,50,dental || emergency || gynecology || neurosurgery || ophthalmology || pediatrics || physiotherapy || urology,private,False
Munich Care Hospital,specialty hospital,Germany,Munich,"300 Church St, Munich, Germany",48.116622,11.580027,250,cardiology || ent || gynecology || orthopedics || pediatrics || pulmonology || radiology,private,True
Indore City Infirmary,general hospital,India,Indore,"313 Green Park Rd, Indore, India",22.791685,75.873804,300,dermatology || gynecology || hematology || urology,trust,True
Guwahati Medical Center #146,specialty hospital,India,Guwahati,"277 Temple Rd, Guwahati, India",26.145503,91.757657,50,dental || dermatology || emergency || gastroenterology || hematology || nephrology || oncology,public,True
Ranchi General Hospital,general hospital,India,Ranchi,"676 NH 48, Ranchi, India",23.304803,85.287496,150,cardiology || dental || dermatology || oncology || physiotherapy || psychiatry || urology,private,True
Brisbane Superspeciality Hospital,general hospital,Australia,Brisbane,"850 NH 48, Brisbane, Australia",-27.542496,152.967504,100,dermatology || gastroenterology || gynecology || nephrology || oncology || pediatrics,private,False
Amritsar Care Hospital #147,general hospital,India,Amritsar,"764 Church St, Amritsar, India",31.709445,74.845316,150,cardiology || dental || emergency || pediatrics,trust,False
Udaipur Medical College & Hospital #148,general hospital,India,Udaipur,"276 Temple Rd, Udaipur, India",24.536776,73.730225,100,cardiology || emergency || gynecology || hematology || nephrology || neurosurgery || oncology || radiology,private,True
Gwalior Health Institute,specialty hospital,India,Gwalior,"224 NH 48, Gwalior, India",26.171419,78.185452,25,emergency || pediatrics || physiotherapy,trust,False
Tokyo Care Hospital,general hospital,Japan,Tokyo,"890 College Rd, Tokyo, Japan",35.597426,139.605351,25,dermatology || hematology || neurosurgery || pulmonology,public,False
Srinagar Multispeciality Hospital,general hospital,India,Srinagar,"735 Church St, Srinagar, India",34.020984,74.771518,400,cardiology || pediatrics || physiotherapy,private,False
Vijayawada General Hospital,general hospital,India,Vijayawada,"80 Hospital Rd, Vijayawada, India",16.517728,80.650027,100,emergency || ent || gynecology || neurosurgery || physiotherapy || pulmonology,private,False
Birmingham Medical College & Hospital,general hospital,United Kingdom,Birmingham,"335 Hill Rd, Birmingham, United Kingdom",52.555281,-1.906878,50,ent || nephrology || oncology || ophthalmology || urology,public,False
Lucknow General Hospital #149,general hospital,India,Lucknow,"321 Hospital Rd, Lucknow, India",26.865431,80.884414,100,cardiology || ent || gastroenterology || nephrology || oncology || orthopedics || radiology || urology,private,True
London Superspeciality Hospital,teaching hospital,United Kingdom,London,"646 Green Park Rd, London, United Kingdom",51.508586,-0.067924,150,dental || dermatology || gynecology || nephrology || neurosurgery || oncology || pediatrics || radiology,private,True
Udaipur Care Hospital,general hospital,India,Udaipur,"819 Hill Rd, Udaipur, India",24.617761,73.791351,50,gynecology || neurosurgery || psychiatry || radiology,private,False
Kolkata Health Institute,general hospital,India,Kolkata,"371 College Rd, Kolkata, India",22.536557,88.347032,150,emergency || ent || nephrology || neurosurgery || oncology || physiotherapy || psychiatry,trust,True
Paris Care Hospital,general hospital,France,Paris,"121 MG Road, Paris, France",48.842363,2.417418,300,ent || gastroenterology || hematology || nephrology || ophthalmology || radiology,public,True
Surat Medical Center,specialty hospital,India,Surat,"729 College Rd, Surat, India",21.187465,72.8006,400,cardiology || dermatology || emergency || ent || gynecology || hematology || nephrology || urology,public,False
Isfahan Health Institute #150,specialty hospital,Iran,Isfahan,"248 High St, Isfahan, Iran",32.72741,51.719392,25,gynecology || physiotherapy || radiology,trust,True
Abu Dhabi Medical College & Hospital,specialty hospital,UAE,Abu Dhabi,"447 High St, Abu Dhabi, UAE",24.475724,54.305482,75,cardiology || emergency || ent || hematology || ophthalmology || pulmonology,private,True
Chandigarh Health Institute,general hospital,India,Chandigarh,"603 Temple Rd, Chandigarh, India",30.662824,76.796007,250,neurosurgery || oncology || ophthalmology,public,True
Rio de Janeiro Care Hospital,general hospital,Brazil,Rio de Janeiro,"183 Ring Rd, Rio de Janeiro, Brazil",-22.968482,-43.191486,150,ent || nephrology || orthopedics,public,False
Kochi Care Hospital #151,general hospital,India,Kochi,"499 Main Bazaar Rd, Kochi, India",9.910248,76.206664,150,gynecology || oncology || pediatrics || pulmonology,trust,False
Indore City Infirmary #152,teaching hospital,India,Indore,"983 Green Park Rd, Indore, India",22.759788,75.789061,50,cardiology || dental || gynecology || hematology || ophthalmology || orthopedics || pulmonology,trust,False
Johannesburg Multispeciality Hospital,general hospital,South Africa,Johannesburg,"724 Station Rd, Johannesburg, South Africa",-26.227337,28.117976,250,dental || emergency || nephrology || ophthalmology || pediatrics || physiotherapy,trust,True
Kochi Medical Center,general hospital,India,Kochi,"77 Park Ave, Kochi, India",9.959787,76.245207,200,ent || pediatrics || psychiatry || radiology,private,True
Milan General Hospital,teaching hospital,Italy,Milan,"814 Hospital Rd, Milan, Italy",45.385821,9.211775,750,cardiology || dental || dermatology || gynecology || orthopedics,public,True
Paris Care Hospital,general hospital,France,Paris,"192 College Rd, Paris, France",48.874612,2.411992,300,cardiology || dental || emergency || hematology || orthopedics,private,True
Vijayawada City Infirmary #153,specialty hospital,India,Vijayawada,"629 Sector 21 Rd, Vijayawada, India",16.445489,80.712393,50,emergency || hematology || neurosurgery || ophthalmology || pediatrics || physiotherapy || radiology || urology,private,False
Osaka Health Institute,general hospital,Japan,Osaka,"225 Station Rd, Osaka, Japan",34.699135,135.445042,25,ent || nephrology || neurosurgery || psychiatry || radiology,private,True
Paris Health Institute,specialty hospital,France,Paris,"793 College Rd, Paris, France",48.844125,2.319407,150,cardiology || hematology || nephrology || neurosurgery || oncology || pediatrics,public,False
Jalandhar Health Institute,general hospital,India,Jalandhar,"401 Main Bazaar Rd, Jalandhar, India",31.338352,75.503198,50,dental || dermatology || gastroenterology || neurosurgery || pediatrics || urology,public,False
Ranchi Medical College & Hospital,teaching hospital,India,Ranchi,"549 Sunrise Blvd, Ranchi, India",23.353483,85.284507,300,cardiology || gastroenterology || gynecology || hematology || ophthalmology || orthopedics || radiology || urology,public,True
Madrid General Hospital,general hospital,Spain,Madrid,"204 Lakeview Ave, Madrid, Spain",40.441167,-3.648503,300,gastroenterology || nephrology || neurosurgery || oncology || ophthalmology || psychiatry || pulmonology,private,True
Delhi General Hospital,specialty hospital,India,Delhi,"540 Station Rd, Delhi, India",28.602689,77.236675,100,cardiology || dermatology || gastroenterology || hematology || ophthalmology || psychiatry || pulmonology,public,False
Vadodara Medical Center,general hospital,India,Vadodara,"411 Ring Rd, Vadodara, India",22.27621,73.227438,150,dental || emergency || ent || gastroenterology || nephrology || pediatrics || physiotherapy || urology,private,True
Sao Paulo Medical Center,specialty hospital,Brazil,Sao Paulo,"199 High St, Sao Paulo, Brazil",-23.508059,-46.588012,500,cardiology || ent || hematology || nephrology || oncology,private,True
Rio de Janeiro Medical College & Hospital,general hospital,Brazil,Rio de Janeiro,"991 NH 48, Rio de Janeiro, Brazil",-22.840138,-43.183942,100,cardiology || dental || neurosurgery || oncology || ophthalmology || orthopedics || pediatrics,private,False
Rome Multispeciality Hospital,teaching hospital,Italy,Rome,"407 Church St, Rome, Italy",41.915952,12.475788,200,emergency || gynecology || oncology || ophthalmology || pulmonology || urology,private,False
Surat Superspeciality Hospital,general hospital,India,Surat,"256 MG Road, Surat, India",21.203094,72.861245,100,ent || gastroenterology || neurosurgery || ophthalmology,public,True
Nellore Health Institute,general hospital,India,Nellore,"706 NH 48, Nellore, India",14.389298,79.975385,50,ophthalmology || orthopedics || pediatrics,private,False
Abu Dhabi Multispeciality Hospital,teaching hospital,UAE,Abu Dhabi,"751 MG Road, Abu Dhabi, UAE",24.516316,54.35264,75,emergency || gastroenterology || nephrology,public,True
Ahmedabad City Infirmary #154,teaching hospital,India,Ahmedabad,"117 Maple Ave, Ahmedabad, India",22.946572,72.594732,250,emergency || ent || ophthalmology || physiotherapy || pulmonology || urology,trust,True
Ahmedabad Medical College & Hospital,specialty hospital,India,Ahmedabad,"902 Temple Rd, Ahmedabad, India",22.996997,72.502874,150,hematology || ophthalmology || pediatrics || physiotherapy || pulmonology || radiology || urology,public,False
Cape Town Multispeciality Hospital,teaching hospital,South Africa,Cape Town,"950 Ring Rd, Cape Town, South Africa",-33.955105,18.452439,200,cardiology || ent || ophthalmology || radiology,private,True
Prayagraj General Hospital,general hospital,India,Prayagraj,"711 Station Rd, Prayagraj, India",25.414135,81.801163,1200,dermatology || gynecology || neurosurgery || oncology || physiotherapy || psychiatry || radiology,public,True
Bhopal Health Institute,teaching hospital,India,Bhopal,"282 High St, Bhopal, India",23.25254,77.442724,50,gastroenterology || hematology || oncology || physiotherapy || psychiatry || urology,private,False
Jodhpur City Infirmary #155,general hospital,India,Jodhpur,"183 Temple Rd, Jodhpur, India",26.236594,72.948706,150,ent || gastroenterology || gynecology || hematology || oncology || ophthalmology || pulmonology,trust,False
Milan Superspeciality Hospital #156,specialty hospital,Italy,Milan,"222 MG Road, Milan, Italy",45.538443,9.171473,25,cardiology || ent || hematology || nephrology || ophthalmology || physiotherapy || pulmonology,public,False
Moradabad Multispeciality Hospital,general hospital,India,Moradabad,"310 Hospital Rd, Moradabad, India",28.763553,78.755378,75,dental || gastroenterology || neurosurgery,public,True
Noida Health Institute,teaching hospital,India,Noida,"863 Sunrise Blvd, Noida, India",28.459236,77.431994,150,hematology || nephrology || pediatrics || psychiatry,private,False
Cape Town Health Institute #157,teaching hospital,South Africa,Cape Town,"876 Main Bazaar Rd, Cape Town, South Africa",-33.958621,18.488113,50,emergency || ent || nephrology || ophthalmology || orthopedics || physiotherapy || pulmonology || urology,trust,True
Nagpur General Hospital,general hospital,India,Nagpur,"933 Hill Rd, Nagpur, India",21.218747,79.058435,500,cardiology || dermatology || ent || pediatrics || radiology,public,True
Warangal Care Hospital,general hospital,India,Warangal,"586 Oak St, Warangal, India",17.985371,79.646373,1200,neurosurgery || ophthalmology || pediatrics || physiotherapy || psychiatry || pulmonology || radiology || urology,private,True
Raipur City Infirmary,general hospital,India,Raipur,"872 Ring Rd, Raipur, India",21.217545,81.703382,100,dermatology || gynecology || nephrology,private,False
Panipat Care Hospital,general hospital,India,Panipat,"629 Oak St, Panipat, India",29.372582,76.937962,200,cardiology || physiotherapy || pulmonology || radiology || urology,private,False
London City Infirmary,general hospital,United Kingdom,London,"455 Maple Ave, London, United Kingdom",51.452063,-0.119206,200,ent || nephrology || orthopedics || pulmonology || radiology,private,False
Vadodara Health Institute #158,general hospital,India,Vadodara,"857 MG Road, Vadodara, India",22.349104,73.234584,150,dental || dermatology || emergency || gynecology || ophthalmology || psychiatry || urology,public,False
Madrid General Hospital,general hospital,Spain,Madrid,"84 Church St, Madrid, Spain",40.385173,-3.742306,75,dermatology || hematology || oncology || orthopedics || physiotherapy,private,True
Agra Medical College & Hospital,general hospital,India,Agra,"905 Sunrise Blvd, Agra, India",27.105924,77.982892,100,dental || oncology || pediatrics || psychiatry,public,True
Aligarh Multispeciality Hospital,specialty hospital,India,Aligarh,"175 Maple Ave, Aligarh, India",27.972027,78.097233,100,gastroenterology || hematology || nephrology || orthopedics || physiotherapy || pulmonology || radiology,private,True
Gwalior Care Hospital #159,specialty hospital,India,Gwalior,"265 Sunrise Blvd, Gwalior, India",26.231175,78.125071,150,dermatology || emergency || gynecology || neurosurgery || pediatrics || pulmonology,private,True
Tiruchirappalli General Hospital,general hospital,India,Tiruchirappalli,"368 Oak St, Tiruchirappalli, India",10.810697,78.702924,150,ent || nephrology || ophthalmology || radiology,private,True
Sydney Multispeciality Hospital,specialty hospital,Australia,Sydney,"450 Main Bazaar Rd, Sydney, Australia",-33.789784,151.27015,250,dental || gastroenterology || gynecology || hematology || nephrology || ophthalmology || physiotherapy,private,True
Mysuru Care Hospital #160,teaching hospital,India,Mysuru,"240 Hospital Rd, Mysuru, India",12.3069,76.658706,75,nephrology || pediatrics || physiotherapy,trust,True
Srinagar City Infirmary,teaching hospital,India,Srinagar,"989 Hospital Rd, Srinagar, India",34.066922,74.723614,150,dental || hematology || physiotherapy || radiology,private,True
Bareilly City Infirmary,general hospital,India,Bareilly,"170 Main Bazaar Rd, Bareilly, India",28.373884,79.38684,1000,hematology || orthopedics || pulmonology,public,True
Indore Medical College & Hospital #161,general hospital,India,Indore,"702 Green Park Rd, Indore, India",22.785113,75.893243,200,cardiology || dermatology || ophthalmology || pulmonology || urology,private,True
Isfahan Medical College & Hospital,specialty hospital,Iran,Isfahan,"782 Station Rd, Isfahan, Iran",32.713795,51.608904,400,gastroenterology || hematology || ophthalmology || physiotherapy || pulmonology || radiology,trust,False
Singapore Medical Center,specialty hospital,Singapore,Singapore,"994 Oak St, Singapore, Singapore",1.292071,103.866874,100,ent || neurosurgery || pulmonology || urology,public,False
Meerut Medical College & Hospital,specialty hospital,India,Meerut,"142 College Rd, Meerut, India",29.044834,77.777447,50,dermatology || nephrology || oncology || orthopedics,public,False
Lucknow Care Hospital,specialty hospital,India,Lucknow,"493 Maple Ave, Lucknow, India",26.840728,81.023158,150,dental || gastroenterology || nephrology || pulmonology || radiology,private,True
Dubai Medical College & Hospital,general hospital,UAE,Dubai,"327 Ring Rd, Dubai, UAE",25.262968,55.284997,100,cardiology || ent || gastroenterology || nephrology || neurosurgery || psychiatry || radiology,private,False
Patna Medical Center,specialty hospital,India,Patna,"462 Hospital Rd, Patna, India",25.559825,85.090116,300,gastroenterology || gynecology || ophthalmology || radiology || urology,public,True
Shanghai City Infirmary #162,teaching hospital,China,Shanghai,"725 Temple Rd, Shanghai, China",31.212246,121.475504,150,dermatology || ent || nephrology || psychiatry,private,True
Osaka General Hospital,specialty hospital,Japan,Osaka,"259 NH 48, Osaka, Japan",34.706065,135.560792,1200,cardiology || hematology || oncology || pediatrics || pulmonology,public,True
Aurangabad General Hospital,general hospital,India,Aurangabad,"38 Green Park Rd, Aurangabad, India",19.861413,75.395703,300,dermatology || emergency || gastroenterology || neurosurgery || ophthalmology || pediatrics || pulmonology || urology,public,True
Abu Dhabi Superspeciality Hospital,teaching hospital,UAE,Abu Dhabi,"955 Hospital Rd, Abu Dhabi, UAE",24.465665,54.450268,75,cardiology || dermatology || emergency || ent || psychiatry || pulmonology || radiology,private,False
Manchester Medical Center,specialty hospital,United Kingdom,Manchester,"310 NH 48, Manchester, United Kingdom",53.418282,-2.185966,150,cardiology || emergency || nephrology || orthopedics || pediatrics || pulmonology,trust,False
Noida Superspeciality Hospital,general hospital,India,Noida,"588 College Rd, Noida, India",28.591015,77.453894,50,dental || nephrology || pediatrics || pulmonology,private,True
Kanpur Care Hospital,general hospital,India,Kanpur,"20 NH 48, Kanpur, India",26.511254,80.323631,200,dental || gastroenterology || hematology || oncology || pediatrics || psychiatry || pulmonology || radiology,public,True
Berlin Care Hospital,specialty hospital,Germany,Berlin,"472 NH 48, Berlin, Germany",52.540255,13.473221,25,cardiology || dental || gastroenterology || ophthalmology || pediatrics || psychiatry || pulmonology || radiology,public,False
Guwahati Multispeciality Hospital,specialty hospital,India,Guwahati,"690 Sector 21 Rd, Guwahati, India",26.140795,91.766236,300,dermatology || emergency || gastroenterology || ophthalmology || pediatrics,trust,True
Cape Town Care Hospital,general hospital,South Africa,Cape Town,"691 Main Bazaar Rd, Cape Town, South Africa",-33.894095,18.36561,100,hematology || pulmonology || urology,private,True
Barcelona Multispeciality Hospital,general hospital,Spain,Barcelona,"551 Ring Rd, Barcelona, Spain",41.364794,2.21731,100,dental || dermatology || gastroenterology || gynecology || orthopedics || physiotherapy,private,True
Aligarh Medical College & Hospital,general hospital,India,Aligarh,"223 NH 48, Aligarh, India",27.851113,78.161192,25,dental || gynecology || nephrology || pediatrics || psychiatry || radiology || urology,private,False
Mysuru Superspeciality Hospital,general hospital,India,Mysuru,"476 High St, Mysuru, India",12.375451,76.667691,400,cardiology || gastroenterology || oncology || pediatrics || physiotherapy || pulmonology,private,False
Paris Medical College & Hospital,general hospital,France,Paris,"429 NH 48, Paris, France",48.823739,2.27449,300,cardiology || emergency || hematology || neurosurgery,private,True
Dubai City Infirmary,general hospital,UAE,Dubai,"94 Hill Rd, Dubai, UAE",25.258263,55.309276,50,dental || ent || gastroenterology,trust,False
Thiruvananthapuram Superspeciality Hospital #163,teaching hospital,India,Thiruvananthapuram,"944 Sunrise Blvd, Thiruvananthapuram, India",8.564648,76.979628,250,cardiology || emergency || gynecology || hematology || oncology,private,True
Tokyo City Infirmary,general hospital,Japan,Tokyo,"114 Park Ave, Tokyo, Japan",35.718779,139.705647,250,cardiology || emergency || neurosurgery || psychiatry,private,True
Amritsar Multispeciality Hospital,general hospital,India,Amritsar,"428 Temple Rd, Amritsar, India",31.568177,74.87032,50,cardiology || dental || ent || gynecology || nephrology || neurosurgery || psychiatry || urology,public,False
Madrid Health Institute,teaching hospital,Spain,Madrid,"645 Main Bazaar Rd, Madrid, Spain",40.402007,-3.718663,50,gastroenterology || gynecology || hematology || nephrology || pediatrics || physiotherapy,private,False
Abu Dhabi Health Institute #164,general hospital,UAE,Abu Dhabi,"495 Sunrise Blvd, Abu Dhabi, UAE",24.429711,54.31506,400,emergency || gynecology || ophthalmology || psychiatry || radiology,private,False
Abu Dhabi Multispeciality Hospital,general hospital,UAE,Abu Dhabi,"265 Temple Rd, Abu Dhabi, UAE",24.52553,54.308871,1000,cardiology || dental || dermatology || gynecology || hematology || oncology || pulmonology,private,True
Vijayawada City Infirmary,general hospital,India,Vijayawada,"731 Main Bazaar Rd, Vijayawada, India",16.509812,80.615931,50,dental || ent || hematology || nephrology || oncology || ophthalmology || orthopedics || physiotherapy,private,True
Noida City Infirmary,general hospital,India,Noida,"739 Hospital Rd, Noida, India",28.5356,77.438122,300,emergency || ent || gastroenterology || oncology || ophthalmology || physiotherapy || pulmonology || radiology,trust,True
Bhubaneswar Multispeciality Hospital,teaching hospital,India,Bhubaneswar,"494 Lakeview Ave, Bhubaneswar, India",20.224136,85.756164,150,cardiology || emergency || gastroenterology || gynecology || hematology || radiology,public,True
Guntur Medical Center,general hospital,India,Guntur,"471 Oak St, Guntur, India",16.273946,80.393681,100,cardiology || ent || neurosurgery || orthopedics || physiotherapy || psychiatry || radiology || urology,public,True
Jalandhar Medical Center,general hospital,India,Jalandhar,"581 Hospital Rd, Jalandhar, India",31.374557,75.644876,150,neurosurgery || pediatrics || physiotherapy || pulmonology,public,False
Prayagraj Care Hospital,general hospital,India,Prayagraj,"195 MG Road, Prayagraj, India",25.500778,81.817739,150,dermatology || ent || oncology || orthopedics,public,False
Guwahati Medical Center,specialty hospital,India,Guwahati,"327 MG Road, Guwahati, India",26.100665,91.758676,1000,emergency || gynecology || ophthalmology || psychiatry,private,True
Rajkot Multispeciality Hospital,general hospital,India,Rajkot,"441 Station Rd, Rajkot, India",22.320459,70.77945,250,cardiology || dental || gastroenterology || hematology || oncology || orthopedics || physiotherapy || psychiatry,public,True
Dehradun Care Hospital,general hospital,India,Dehradun,"889 Green Park Rd, Dehradun, India",30.256167,78.094385,150,ent || oncology || pediatrics || radiology,private,True
Vancouver General Hospital,teaching hospital,Canada,Vancouver,"482 College Rd, Vancouver, Canada",49.274596,-123.106962,250,emergency || nephrology || oncology || pulmonology,public,False
Salem City Infirmary #165,general hospital,India,Salem,"238 Sunrise Blvd, Salem, India",11.595784,78.175219,75,dermatology || ent || oncology || ophthalmology || radiology,private,False
Salem City Infirmary,general hospital,India,Salem,"406 Lakeview Ave, Salem, India",11.698532,78.197606,400,ent || ophthalmology || pulmonology || radiology,private,False
Sydney Care Hospital,teaching hospital,Australia,Sydney,"311 Hill Rd, Sydney, Australia",-33.8604,151.212527,50,dental || oncology || radiology || urology,private,False
Mangaluru General Hospital,general hospital,India,Mangaluru,"992 NH 48, Mangaluru, India",12.958155,74.819426,150,cardiology || hematology || nephrology || pediatrics || psychiatry,private,True
Melbourne General Hospital,specialty hospital,Australia,Melbourne,"334 Green Park Rd, Melbourne, Australia",-37.848116,144.904513,250,dermatology || ent || hematology || nephrology || orthopedics || physiotherapy || psychiatry,public,True
Milan General Hospital,general hospital,Italy,Milan,"983 College Rd, Milan, Italy",45.392893,9.229783,100,dermatology || gastroenterology || gynecology || pediatrics,public,True
Ranchi Care Hospital #166,general hospital,India,Ranchi,"768 MG Road, Ranchi, India",23.264122,85.311381,25,dental || hematology || nephrology || oncology || ophthalmology,public,True
Udaipur Care Hospital,specialty hospital,India,Udaipur,"707 Oak St, Udaipur, India",24.549587,73.745616,50,emergency || psychiatry || radiology || urology,private,True
Bhopal Multispeciality Hospital,general hospital,India,Bhopal,"995 Temple Rd, Bhopal, India",23.314194,77.333211,75,cardiology || gynecology || hematology || nephrology || orthopedics,public,True
Amritsar General Hospital,general hospital,India,Amritsar,"17 NH 48, Amritsar, India",31.672545,74.842903,50,ent || ophthalmology || radiology,public,False
Chennai Medical Center,specialty hospital,India,Chennai,"545 Lakeview Ave, Chennai, India",13.060337,80.233963,500,emergency || ent || gastroenterology || orthopedics || physiotherapy || psychiatry || radiology,private,True
Rome Health Institute #167,specialty hospital,Italy,Rome,"348 Main Bazaar Rd, Rome, Italy",41.872936,12.542629,500,cardiology || dental || gastroenterology || nephrology || oncology || ophthalmology || orthopedics,public,True
Patna Superspeciality Hospital,specialty hospital,India,Patna,"546 Main Bazaar Rd, Patna, India",25.583511,85.203191,100,emergency || ent || gastroenterology || gynecology || hematology || orthopedics || physiotherapy || urology,public,True
Panipat General Hospital,general hospital,India,Panipat,"978 MG Road, Panipat, India",29.465153,76.897786,250,ent || hematology || neurosurgery || orthopedics || radiology,public,False
Durg Superspeciality Hospital,general hospital,India,Durg,"899 Main Bazaar Rd, Durg, India",21.18941,81.266924,250,cardiology || gastroenterology || psychiatry,trust,False
Hyderabad Multispeciality Hospital,general hospital,India,Hyderabad,"790 Sector 21 Rd, Hyderabad, India",17.417617,78.407398,75,dental || emergency || gastroenterology || gynecology || ophthalmology || physiotherapy || pulmonology,public,True
Nellore Health Institute,general hospital,India,Nellore,"93 Hospital Rd, Nellore, India",14.476687,80.013122,1000,ent || gynecology || neurosurgery || ophthalmology || pediatrics,public,True
Gwalior Medical Center,teaching hospital,India,Gwalior,"857 MG Road, Gwalior, India",26.260066,78.254924,300,dental || emergency || gastroenterology || neurosurgery || oncology || psychiatry,public,False
Isfahan General Hospital #168,general hospital,Iran,Isfahan,"579 Oak St, Isfahan, Iran",32.622288,51.604858,400,dental || ent || hematology || ophthalmology,private,True
Beijing Health Institute,specialty hospital,China,Beijing,"430 Lakeview Ave, Beijing, China",39.927264,116.33511,100,ent || hematology || pulmonology || urology,trust,True
Jammu Superspeciality Hospital,specialty hospital,India,Jammu,"931 Temple Rd, Jammu, India",32.799688,74.857064,150,cardiology || dental || ent || neurosurgery || physiotherapy || psychiatry || radiology,private,True
Ludhiana Medical College & Hospital,specialty hospital,India,Ludhiana,"174 Lakeview Ave, Ludhiana, India",30.894197,75.810698,100,cardiology || neurosurgery || urology,public,False
Dehradun Multispeciality Hospital,teaching hospital,India,Dehradun,"550 Main Bazaar Rd, Dehradun, India",30.29567,77.960577,300,cardiology || ent || oncology || ophthalmology,trust,True
Ludhiana Health Institute,specialty hospital,India,Ludhiana,"99 College Rd, Ludhiana, India",30.887606,75.908826,500,emergency || hematology || neurosurgery || orthopedics || pediatrics || physiotherapy,private,True
Rome Medical College & Hospital,specialty hospital,Italy,Rome,"256 Church St, Rome, Italy",41.856719,12.521577,150,ent || oncology || psychiatry || pulmonology || radiology,private,False
Sydney Health Institute,specialty hospital,Australia,Sydney,"594 Maple Ave, Sydney, Australia",-33.807975,151.163819,250,cardiology || dermatology || emergency || gastroenterology || orthopedics || psychiatry || pulmonology || radiology,private,True
Delhi Multispeciality Hospital,general hospital,India,Delhi,"644 Sector 21 Rd, Delhi, India",28.63114,77.176248,50,dental || dermatology || orthopedics || pediatrics || psychiatry || urology,public,False
Dubai Care Hospital,teaching hospital,UAE,Dubai,"791 Green Park Rd, Dubai, UAE",25.229062,55.308976,100,dermatology || ent || gastroenterology || gynecology || pediatrics || radiology,public,False
Toronto Superspeciality Hospital,specialty hospital,Canada,Toronto,"124 Green Park Rd, Toronto, Canada",43.676373,-79.399979,300,dermatology || hematology || neurosurgery || oncology || orthopedics || pediatrics || physiotherapy || urology,trust,False
Rohtak Superspeciality Hospital #169,specialty hospital,India,Rohtak,"795 Oak St, Rohtak, India",28.847374,76.669034,100,dermatology || ent || hematology || urology,private,True
Jabalpur City Infirmary,general hospital,India,Jabalpur,"170 Church St, Jabalpur, India",23.160346,79.915695,50,cardiology || dental || hematology || nephrology || ophthalmology || orthopedics || physiotherapy || psychiatry,public,False
Dehradun Multispeciality Hospital,specialty hospital,India,Dehradun,"308 Oak St, Dehradun, India",30.319038,77.995015,400,dental || oncology || pediatrics,public,True
Chennai General Hospital,general hospital,India,Chennai,"493 Lakeview Ave, Chennai, India",13.005051,80.251355,100,gastroenterology || nephrology || physiotherapy || pulmonology,private,True
Bhopal Care Hospital #170,general hospital,India,Bhopal,"744 Ring Rd, Bhopal, India",23.182992,77.352499,150,hematology || pediatrics || psychiatry || radiology,public,True
Pune Multispeciality Hospital,general hospital,India,Pune,"842 Station Rd, Pune, India",18.519258,73.841386,200,cardiology || dental || emergency || hematology || physiotherapy || psychiatry || radiology,public,False
Guwahati Medical College & Hospital,teaching hospital,India,Guwahati,"709 College Rd, Guwahati, India",26.159721,91.657788,150,emergency || ent || gynecology || neurosurgery || urology,private,False
Bhubaneswar Multispeciality Hospital,teaching hospital,India,Bhubaneswar,"432 Maple Ave, Bhubaneswar, India",20.37026,85.827545,250,dental || ent || gynecology || ophthalmology || orthopedics || pediatrics || pulmonology || radiology,private,True
Delhi Medical Center,general hospital,India,Delhi,"600 College Rd, Delhi, India",28.583798,77.252839,400,gynecology || nephrology || pediatrics || physiotherapy,trust,False
Rajkot Medical College & Hospital,teaching hospital,India,Rajkot,"684 Sector 21 Rd, Rajkot, India",22.307307,70.878362,50,dental || gynecology || physiotherapy,public,False
Salem Medical College & Hospital,specialty hospital,India,Salem,"41 Hill Rd, Salem, India",11.587012,78.189225,400,dermatology || ent || gastroenterology || nephrology || orthopedics || physiotherapy || psychiatry || radiology,private,True
Frankfurt City Infirmary #171,teaching hospital,Germany,Frankfurt,"102 High St, Frankfurt, Germany",50.050133,8.644593,25,cardiology || nephrology || pediatrics || psychiatry || radiology || urology,public,False
Ranchi General Hospital,specialty hospital,India,Ranchi,"651 Temple Rd, Ranchi, India",23.311029,85.353303,200,dental || gastroenterology || orthopedics || radiology,private,False
Jammu Medical Center,specialty hospital,India,Jammu,"758 Church St, Jammu, India",32.702295,74.836478,25,emergency || gastroenterology || gynecology || oncology || pulmonology,private,False
Munich Multispeciality Hospital,specialty hospital,Germany,Munich,"918 Hill Rd, Munich, Germany",48.103068,11.605433,1000,cardiology || gynecology || pulmonology || radiology,public,True
Madurai Care Hospital,general hospital,India,Madurai,"408 MG Road, Madurai, India",9.98073,78.043575,500,emergency || gastroenterology || pediatrics || physiotherapy,public,True
Jaipur Medical College & Hospital #172,teaching hospital,India,Jaipur,"835 High St, Jaipur, India",26.957712,75.83216,150,cardiology || emergency || nephrology || neurosurgery || ophthalmology || physiotherapy || radiology,public,True
Houston Superspeciality Hospital,teaching hospital,United States,Houston,"252 Church St, Houston, United States",29.744081,-95.401333,50,cardiology || ent || gynecology || hematology || oncology || orthopedics,trust,False
Jalandhar Superspeciality Hospital,specialty hospital,India,Jalandhar,"595 Sector 21 Rd, Jalandhar, India",31.282518,75.535657,150,dental || gastroenterology || hematology || orthopedics || pediatrics || physiotherapy || psychiatry || urology,public,False
Abu Dhabi Medical Center,general hospital,UAE,Abu Dhabi,"881 Church St, Abu Dhabi, UAE",24.493491,54.37311,50,dermatology || gynecology || hematology || ophthalmology || pediatrics || physiotherapy || pulmonology,private,False
Rome Multispeciality Hospital,specialty hospital,Italy,Rome,"472 Main Bazaar Rd, Rome, Italy",41.976046,12.567236,400,cardiology || emergency || nephrology || pediatrics || physiotherapy || pulmonology,private,True
Tokyo Medical Center,general hospital,Japan,Tokyo,"737 Temple Rd, Tokyo, Japan",35.754812,139.657417,1000,cardiology || emergency || gastroenterology || nephrology || ophthalmology || pediatrics || urology,trust,True
Ludhiana Care Hospital,specialty hospital,India,Ludhiana,"897 Hospital Rd, Ludhiana, India",30.833062,75.835786,75,cardiology || dental || hematology || oncology || ophthalmology || radiology,private,True
Prayagraj Medical Center,general hospital,India,Prayagraj,"748 Lakeview Ave, Prayagraj, India",25.387133,81.788828,250,cardiology || dental || ent || neurosurgery || orthopedics || pulmonology || radiology || urology,public,True
Rio de Janeiro Medical College & Hospital,general hospital,Brazil,Rio de Janeiro,"868 Park Ave, Rio de Janeiro, Brazil",-22.861789,-43.160372,50,gynecology || oncology || pulmonology || urology,private,False
Kanpur Care Hospital,general hospital,India,Kanpur,"663 MG Road, Kanpur, India",26.49968,80.353653,100,cardiology || ent || gynecology || pediatrics || psychiatry,trust,True
Salem Health Institute #173,general hospital,India,Salem,"542 Oak St, Salem, India",11.692161,78.107585,100,gastroenterology || oncology || radiology,public,False
Panipat Medical Center,general hospital,India,Panipat,"636 College Rd, Panipat, India",29.457698,76.929981,150,dental || gynecology || orthopedics || urology,trust,False
Udaipur City Infirmary,specialty hospital,India,Udaipur,"901 Lakeview Ave, Udaipur, India",24.647823,73.745735,50,cardiology || dental || dermatology || gastroenterology || hematology || pediatrics || psychiatry,trust,False
Gurugram Medical Center,general hospital,India,Gurugram,"531 Lakeview Ave, Gurugram, India",28.403068,76.947855,250,hematology || ophthalmology || orthopedics,trust,False
Shiraz Medical College & Hospital,teaching hospital,Iran,Shiraz,"685 Green Park Rd, Shiraz, Iran",29.583428,52.525184,1000,neurosurgery || radiology || urology,public,False
Bareilly Medical College & Hospital #174,general hospital,India,Bareilly,"944 College Rd, Bareilly, India",28.371746,79.389103,150,emergency || ent || gynecology || pediatrics || physiotherapy || psychiatry || pulmonology || radiology,private,False
Meerut Superspeciality Hospital,general hospital,India,Meerut,"782 Sunrise Blvd, Meerut, India",29.013239,77.638598,100,dental || dermatology || gastroenterology || nephrology || physiotherapy,private,True
Dehradun Medical College & Hospital,teaching hospital,India,Dehradun,"790 High St, Dehradun, India",30.365614,78.025746,200,dental || dermatology || ent || hematology || oncology || orthopedics || physiotherapy || urology,trust,True
Nellore General Hospital,general hospital,India,Nellore,"311 Sector 21 Rd, Nellore, India",14.431851,79.913524,75,dental || dermatology || nephrology || urology,private,False
Thiruvananthapuram General Hospital,general hospital,India,Thiruvananthapuram,"973 Lakeview Ave, Thiruvananthapuram, India",8.515387,76.89007,25,emergency || ophthalmology || orthopedics || radiology,public,False
Bilaspur Medical College & Hospital,specialty hospital,India,Bilaspur,"947 High St, Bilaspur, India",22.134584,82.216091,400,neurosurgery || pulmonology || radiology,trust,False
Hisar Medical College & Hospital #175,general hospital,India,Hisar,"253 Temple Rd, Hisar, India",29.205806,75.680416,1000,ent || oncology || orthopedics || pediatrics || physiotherapy || urology,public,False
Hisar Superspeciality Hospital,general hospital,India,Hisar,"615 Oak St, Hisar, India",29.100708,75.793929,1200,dental || dermatology || gastroenterology || gynecology || hematology || psychiatry || radiology || urology,private,True
Tokyo City Infirmary,general hospital,Japan,Tokyo,"758 Temple Rd, Tokyo, Japan",35.710076,139.727283,200,dental || dermatology || ent || gastroenterology || hematology || nephrology || oncology || ophthalmology,private,True
Berlin Multispeciality Hospital,general hospital,Germany,Berlin,"37 College Rd, Berlin, Germany",52.481527,13.394919,200,dermatology || gynecology || nephrology || neurosurgery || orthopedics || physiotherapy,public,False
Munich Health Institute,general hospital,Germany,Munich,"612 Maple Ave, Munich, Germany",48.066793,11.601575,1200,cardiology || dental || emergency || ent || oncology || orthopedics || psychiatry || radiology,public,False
Abu Dhabi Superspeciality Hospital,general hospital,UAE,Abu Dhabi,"390 Ring Rd, Abu Dhabi, UAE",24.404317,54.424115,750,emergency || ent || neurosurgery || pulmonology || radiology,public,True
Bhubaneswar Multispeciality Hospital #176,general hospital,India,Bhubaneswar,"542 High St, Bhubaneswar, India",20.367092,85.898122,200,dermatology || ent || hematology || ophthalmology || psychiatry || pulmonology || radiology,private,True
Surat Health Institute,general hospital,India,Surat,"107 Church St, Surat, India",21.246569,72.87227,75,cardiology || dermatology || gastroenterology,private,False
Bhopal General Hospital,general hospital,India,Bhopal,"665 College Rd, Bhopal, India",23.256204,77.447533,75,gastroenterology || gynecology || oncology || ophthalmology || physiotherapy || psychiatry || urology,private,False
Aurangabad Multispeciality Hospital,teaching hospital,India,Aurangabad,"466 Green Park Rd, Aurangabad, India",19.898698,75.369956,75,hematology || neurosurgery || oncology || orthopedics || pulmonology,trust,False
Mumbai Medical College & Hospital,general hospital,India,Mumbai,"471 NH 48, Mumbai, India",19.086414,72.92116,150,dental || gastroenterology || gynecology || hematology || nephrology || neurosurgery || pulmonology || radiology,trust,True
Guntur Multispeciality Hospital,general hospital,India,Guntur,"373 Park Ave, Guntur, India",16.228636,80.357946,100,ent || gastroenterology || gynecology || hematology || orthopedics,public,True
Bhubaneswar Health Institute,general hospital,India,Bhubaneswar,"783 NH 48, Bhubaneswar, India",20.364291,85.781088,250,gastroenterology || hematology || neurosurgery || oncology || orthopedics,public,True
Hisar Medical College & Hospital #177,general hospital,India,Hisar,"565 Lakeview Ave, Hisar, India",29.104732,75.693167,500,cardiology || ent || gastroenterology || gynecology || nephrology || neurosurgery || pulmonology || urology,public,True
Nellore City Infirmary,specialty hospital,India,Nellore,"821 Sunrise Blvd, Nellore, India",14.479218,79.921764,150,nephrology || neurosurgery || psychiatry || radiology,trust,True
Dubai Medical Center,general hospital,UAE,Dubai,"9 Maple Ave, Dubai, UAE",25.129467,55.267742,250,emergency || ent || orthopedics || radiology || urology,public,True
Abu Dhabi Multispeciality Hospital,specialty hospital,UAE,Abu Dhabi,"297 High St, Abu Dhabi, UAE",24.39286,54.343522,150,dental || hematology || pulmonology,public,True
Singapore Multispeciality Hospital,general hospital,Singapore,Singapore,"869 Church St, Singapore, Singapore",1.419225,103.898721,25,gynecology || hematology || psychiatry,private,True
Chandigarh Multispeciality Hospital #178,general hospital,India,Chandigarh,"705 Hill Rd, Chandigarh, India",30.775061,76.758876,150,cardiology || neurosurgery || physiotherapy || psychiatry || pulmonology || radiology,private,False
Isfahan Medical Center #179,specialty hospital,Iran,Isfahan,"694 Sector 21 Rd, Isfahan, Iran",32.695282,51.734948,1000,gynecology || oncology || orthopedics || radiology,private,False
Rajkot Multispeciality Hospital #180,teaching hospital,India,Rajkot,"428 Lakeview Ave, Rajkot, India",22.31624,70.779339,400,ent || ophthalmology || orthopedics || pediatrics || physiotherapy,trust,True
Surat General Hospital,specialty hospital,India,Surat,"270 Main Bazaar Rd, Surat, India",21.13036,72.841352,100,dental || dermatology || pediatrics || physiotherapy || psychiatry || radiology,public,True
Shiraz General Hospital,general hospital,Iran,Shiraz,"390 Sunrise Blvd, Shiraz, Iran",29.616861,52.542164,75,dermatology || gastroenterology || orthopedics || pediatrics || physiotherapy || urology,public,False
Barcelona Medical College & Hospital,general hospital,Spain,Barcelona,"355 Temple Rd, Barcelona, Spain",41.454318,2.104889,150,dermatology || neurosurgery || oncology || ophthalmology || orthopedics || pediatrics || radiology,public,False
Srinagar Medical Center #181,general hospital,India,Srinagar,"781 Station Rd, Srinagar, India",34.039036,74.723529,25,emergency || physiotherapy || pulmonology || urology,public,False
Shanghai General Hospital,specialty hospital,China,Shanghai,"350 MG Road, Shanghai, China",31.178435,121.532383,100,gynecology || physiotherapy || psychiatry || radiology,private,True
Durg Medical Center #182,specialty hospital,India,Durg,"94 Oak St, Durg, India",21.262473,81.29796,150,dental || dermatology || emergency || neurosurgery || orthopedics || pulmonology,private,True
Milan City Infirmary,specialty hospital,Italy,Milan,"607 Maple Ave, Milan, Italy",45.477014,9.192672,300,cardiology || emergency || ent || gynecology || ophthalmology || pulmonology,public,False
Nagpur Medical Center,general hospital,India,Nagpur,"192 Park Ave, Nagpur, India",21.110999,79.064688,500,gastroenterology || nephrology || oncology || pulmonology,private,True
Rohtak Health Institute,general hospital,India,Rohtak,"671 Temple Rd, Rohtak, India",28.966933,76.669409,150,dental || dermatology || emergency || neurosurgery || pulmonology,public,False
Rohtak Medical College & Hospital #183,specialty hospital,India,Rohtak,"734 Main Bazaar Rd, Rohtak, India",28.940358,76.602814,150,emergency || radiology || urology,private,False
Rio de Janeiro Health Institute,specialty hospital,Brazil,Rio de Janeiro,"492 Hill Rd, Rio de Janeiro, Brazil",-22.954051,-43.158319,75,gynecology || oncology || ophthalmology || orthopedics || physiotherapy || radiology,public,False
Cuttack Multispeciality Hospital,specialty hospital,India,Cuttack,"968 Sector 21 Rd, Cuttack, India",20.43555,85.939605,75,ent || gastroenterology || hematology || physiotherapy || psychiatry || urology,public,False
Barcelona Medical College & Hospital,specialty hospital,Spain,Barcelona,"410 Hill Rd, Barcelona, Spain",41.318785,2.099641,750,hematology || nephrology || pulmonology,private,True
Mysuru Multispeciality Hospital #184,general hospital,India,Mysuru,"23 College Rd, Mysuru, India",12.296907,76.624906,400,gynecology || neurosurgery || oncology || ophthalmology || pediatrics || pulmonology,private,True
Panipat City Infirmary,specialty hospital,India,Panipat,"362 Station Rd, Panipat, India",29.444632,76.936651,300,oncology || ophthalmology || radiology,public,True
Indore Medical College & Hospital,teaching hospital,India,Indore,"647 Lakeview Ave, Indore, India",22.76298,75.882444,75,gynecology || hematology || nephrology || oncology || pediatrics,public,False
Shanghai Health Institute,general hospital,China,Shanghai,"19 Main Bazaar Rd, Shanghai, China",31.290541,121.479955,100,nephrology || neurosurgery || orthopedics || radiology || urology,public,False
Durg Multispeciality Hospital,specialty hospital,India,Durg,"592 Park Ave, Durg, India",21.178437,81.210911,50,gynecology || hematology || nephrology || neurosurgery || oncology || orthopedics || radiology || urology,private,True
Cuttack General Hospital,teaching hospital,India,Cuttack,"394 Ring Rd, Cuttack, India",20.504987,85.802802,150,emergency || ent || neurosurgery || oncology || ophthalmology || radiology || urology,public,True
Barcelona City Infirmary,specialty hospital,Spain,Barcelona,"486 Church St, Barcelona, Spain",41.391002,2.097342,1000,cardiology || ophthalmology || radiology || urology,private,False
Osaka Superspeciality Hospital,specialty hospital,Japan,Osaka,"981 Station Rd, Osaka, Japan",34.64988,135.470972,100,dermatology || ent || gynecology || oncology || orthopedics,private,True
Chicago Care Hospital,general hospital,United States,Chicago,"30 NH 48, Chicago, United States",41.834967,-87.709564,300,hematology || psychiatry || urology,private,True
Ranchi Health Institute #185,general hospital,India,Ranchi,"283 Sunrise Blvd, Ranchi, India",23.418795,85.265487,250,cardiology || dermatology || ent || hematology || nephrology || oncology || psychiatry || pulmonology,trust,True
Agra Medical College & Hospital,specialty hospital,India,Agra,"662 Park Ave, Agra, India",27.215403,78.063848,150,dermatology || oncology || ophthalmology || physiotherapy || pulmonology || radiology,private,True
Guntur City Infirmary,teaching hospital,India,Guntur,"144 Ring Rd, Guntur, India",16.275169,80.408547,300,ent || neurosurgery || pulmonology,public,True
Kolkata Medical College & Hospital,general hospital,India,Kolkata,"411 Green Park Rd, Kolkata, India",22.623285,88.312958,100,ent || gastroenterology || nephrology,private,False
Indore Multispeciality Hospital #186,specialty hospital,India,Indore,"890 Temple Rd, Indore, India",22.78391,75.906771,1200,cardiology || dental || dermatology || neurosurgery,private,True
Bengaluru Superspeciality Hospital,teaching hospital,India,Bengaluru,"978 Ring Rd, Bengaluru, India",13.01228,77.577511,200,cardiology || ent || gastroenterology || ophthalmology || pediatrics || physiotherapy || radiology,public,True
Singapore General Hospital,general hospital,Singapore,Singapore,"236 College Rd, Singapore, Singapore",1.377862,103.752353,200,emergency || physiotherapy || urology,private,False
Lucknow General Hospital,specialty hospital,India,Lucknow,"289 Temple Rd, Lucknow, India",26.880191,80.892971,400,dental || ent || gastroenterology || gynecology || nephrology || pulmonology || urology,private,True
Patna Medical College & Hospital #187,general hospital,India,Patna,"30 Main Bazaar Rd, Patna, India",25.607504,85.209955,25,cardiology || dermatology || ent || gastroenterology || orthopedics || physiotherapy || pulmonology,private,False
Frankfurt Care Hospital,specialty hospital,Germany,Frankfurt,"908 High St, Frankfurt, Germany",50.073352,8.698349,100,dermatology || gynecology || neurosurgery || pediatrics || psychiatry,private,True
Kanpur Health Institute,teaching hospital,India,Kanpur,"398 Park Ave, Kanpur, India",26.484208,80.373341,50,ent || gastroenterology || oncology || ophthalmology || pediatrics || pulmonology,public,False
Berlin Medical Center,teaching hospital,Germany,Berlin,"635 Maple Ave, Berlin, Germany",52.522217,13.406422,100,cardiology || oncology || pediatrics,private,False
London Health Institute,general hospital,United Kingdom,London,"434 Hill Rd, London, United Kingdom",51.576668,-0.075399,300,cardiology || nephrology || pediatrics,public,True
Lucknow Care Hospital,teaching hospital,India,Lucknow,"820 Sunrise Blvd, Lucknow, India",26.880992,80.940075,750,cardiology || ophthalmology || pulmonology,public,True
Bhubaneswar Care Hospital,specialty hospital,India,Bhubaneswar,"492 MG Road, Bhubaneswar, India",20.327235,85.861137,500,cardiology || dental || emergency || gastroenterology || hematology || ophthalmology || orthopedics || radiology,private,False
Prayagraj General Hospital,general hospital,India,Prayagraj,"65 Temple Rd, Prayagraj, India",25.399651,81.895431,75,cardiology || gynecology || hematology || oncology || ophthalmology || orthopedics || pediatrics || radiology,public,True
Madurai General Hospital,specialty hospital,India,Madurai,"446 Green Park Rd, Madurai, India",9.900455,78.093498,1000,dermatology || ent || neurosurgery || oncology || ophthalmology || physiotherapy || psychiatry || pulmonology,private,True
Tiruchirappalli Health Institute,general hospital,India,Tiruchirappalli,"329 Hill Rd, Tiruchirappalli, India",10.847546,78.736887,300,dental || gastroenterology || physiotherapy || psychiatry || pulmonology || urology,public,False
Osaka Health Institute,general hospital,Japan,Osaka,"260 Ring Rd, Osaka, Japan",34.703632,135.573835,150,dental || ent || psychiatry || pulmonology || urology,public,False
Paris Health Institute,specialty hospital,France,Paris,"164 Ring Rd, Paris, France",48.837483,2.298286,400,emergency || gastroenterology || gynecology || nephrology,trust,True
Udaipur General Hospital,specialty hospital,India,Udaipur,"965 Lakeview Ave, Udaipur, India",24.622911,73.693997,25,gastroenterology || gynecology || neurosurgery || ophthalmology || psychiatry || pulmonology || radiology || urology,private,False
Singapore Health Institute,specialty hospital,Singapore,Singapore,"109 Church St, Singapore, Singapore",1.40634,103.741627,300,cardiology || dermatology || gastroenterology || hematology || orthopedics || pediatrics || physiotherapy || psychiatry,private,False
Sydney Medical College & Hospital,general hospital,Australia,Sydney,"654 Station Rd, Sydney, Australia",-33.793559,151.199326,75,cardiology || dental || oncology || physiotherapy,public,True
London Care Hospital,general hospital,United Kingdom,London,"968 Hill Rd, London, United Kingdom",51.540179,-0.077059,200,cardiology || gastroenterology || gynecology || hematology || oncology || orthopedics || pulmonology || radiology,private,True
Nashik General Hospital,teaching hospital,India,Nashik,"512 Park Ave, Nashik, India",20.072226,73.718067,150,cardiology || ent || gastroenterology || ophthalmology || pediatrics,private,True
Rio de Janeiro Multispeciality Hospital,general hospital,Brazil,Rio de Janeiro,"986 College Rd, Rio de Janeiro, Brazil",-22.871847,-43.114878,75,emergency || ophthalmology || pediatrics,public,False
Tehran Multispeciality Hospital,general hospital,Iran,Tehran,"619 College Rd, Tehran, Iran",35.737201,51.397433,150,oncology || psychiatry || radiology,public,True
Jaipur General Hospital,general hospital,India,Jaipur,"515 Lakeview Ave, Jaipur, India",26.853474,75.845747,75,dermatology || ent || gastroenterology || oncology || pediatrics || physiotherapy,private,True
Sydney General Hospital,general hospital,Australia,Sydney,"113 Ring Rd, Sydney, Australia",-33.899234,151.175707,500,dental || ophthalmology || orthopedics,public,True
City Infirmary,specialty hospital,Iran,Tehran,"390 Oak St, Tehran, Iran",35.659432,51.407859,167,dermatology || emergency || gynecology || hematology || pulmonology,public,True
Eastside Medical Center,specialty hospital,Brazil,São Paulo,"722 King St, São Paulo, Brazil",-23.557577,-46.67418,148,cardiology || emergency || orthopedics || psychiatry || radiology || urology,public,True
Riverside Infirmary,specialty hospital,France,Lyon,"150 Market St, Lyon, France",45.721083,4.824007,474,nephrology || neurology || pulmonology,private,True
Hope Hospital,medical center,Germany,Berlin,"928 Park Ave, Berlin, Germany",52.531032,13.371412,559,ophthalmology || orthopedics || pediatrics || psychiatry,public,True
Commonwealth University Hospital,hospital,Germany,Berlin,"37 Church St, Berlin, Germany",52.566325,13.38645,386,dermatology || emergency || gastroenterology || urology,non-profit,True
Royal University Hospital,medical center,Switzerland,Zurich,"379 King St, Zurich, Switzerland",47.391517,8.57008,445,ENT || dermatology || emergency || endocrinology || neurology || urology,public,True
National University Hospital,specialty hospital,France,Marseille,"278 Pine St, Marseille, France",43.301136,5.337077,341,cardiology || emergency || hematology,public,True
Royal University Hospital,hospital,Mexico,Mexico City,"90 Hill Rd, Mexico City, Mexico",19.445457,-99.133095,950,ENT || anesthesiology || dermatology || emergency || oncology || orthopedics,private,True
Blue Sky University Hospital,medical center,Switzerland,Zurich,"260 High St, Zurich, Switzerland",47.365973,8.555129,865,gastroenterology || ophthalmology || urology,public,True
Heritage Hospital,hospital,Saudi Arabia,Jeddah,"518 Queen St, Jeddah, Saudi Arabia",21.466729,39.216669,459,cardiology || infectious disease || orthopedics,public,True
Highland University Hospital,university hospital,India,Ahmedabad,"546 High St, Ahmedabad, India",22.985193,72.599512,1050,cardiology || nephrology || ophthalmology,private,True
Maple Leaf Infirmary,hospital,Sweden,Stockholm,"700 Park Ave, Stockholm, Sweden",59.330378,18.024144,1260,dermatology || gynecology || neurology || pulmonology,non-profit,True
Regional Hospital,hospital,Czechia,Prague,"339 Cedar Rd, Prague, Czechia",50.049955,14.434976,884,anesthesiology || gynecology || oncology || ophthalmology,public,True
Northside Hospital,university hospital,United Arab Emirates,Abu Dhabi,"986 Market St, Abu Dhabi, United Arab Emirates",24.461054,54.33924,1878,gynecology || radiology || urology,public,True
Southside University Hospital,specialty hospital,Argentina,Buenos Aires,"515 Pine St, Buenos Aires, Argentina",-34.62097,-58.376291,104,gastroenterology || hematology || psychiatry || pulmonology || urology,non-profit,True
Lakeside Hospital,medical center,Sri Lanka,Colombo,"220 Hill Rd, Colombo, Sri Lanka",6.97034,79.813591,754,ENT || cardiology || gastroenterology || infectious disease || nephrology,public,True
Maple Leaf Hospital,specialty hospital,Poland,Warsaw,"727 Queen St, Warsaw, Poland",52.276956,20.976437,243,oncology || radiology || urology,private,True
Sunrise Medical Center,hospital,Pakistan,Lahore,"958 Market St, Lahore, Pakistan",31.534122,74.348135,1312,anesthesiology || gastroenterology || hematology || oncology || ophthalmology || orthopedics || urology,private,True
Westside Infirmary,university hospital,New Zealand,Auckland,"470 Victoria St, Auckland, New Zealand",-36.871304,174.720769,915,hematology || infectious disease || neurology || orthopedics,public,True
Green Valley University Hospital,specialty hospital,Israel,Tel Aviv,"723 Riverside Dr, Tel Aviv, Israel",32.131763,34.752564,257,dermatology || emergency || gastroenterology || gynecology || neurology || ophthalmology,non-profit,True
Westside Medical Center,medical center,Mexico,Mexico City,"885 Victoria St, Mexico City, Mexico",19.391721,-99.158378,564,cardiology || dermatology || gastroenterology || gynecology || oncology || radiology,private,True
Sunrise Infirmary,medical center,Vietnam,Hanoi,"853 Market St, Hanoi, Vietnam",20.987991,105.863581,324,oncology || orthopedics || urology,public,True
Harmony Hospital,hospital,Morocco,Casablanca,"182 Sunset Blvd, Casablanca, Morocco",33.52528,-7.633353,1422,emergency || nephrology || neurology || oncology || orthopedics || urology,public,True
Maple Leaf Hospital,specialty hospital,Saudi Arabia,Jeddah,"45 Riverside Dr, Jeddah, Saudi Arabia",21.474073,39.185166,281,dermatology || gynecology || hematology || psychiatry,public,True
Southside Infirmary,medical center,South Korea,Seoul,"214 Hill Rd, Seoul, South Korea",37.557699,126.983069,262,ENT || dermatology || orthopedics,private,True
Commonwealth University Hospital,hospital,Hungary,Budapest,"234 Main St, Budapest, Hungary",47.495868,19.068344,804,ENT || cardiology || dermatology || endocrinology || gynecology || nephrology || radiology,non-profit,True
Evergreen University Hospital,hospital,Finland,Helsinki,"845 Broadway, Helsinki, Finland",60.196584,24.988361,426,dermatology || infectious disease || urology,non-profit,True
General Medical Center,specialty hospital,Austria,Vienna,"565 Church St, Vienna, Austria",48.17581,16.383052,512,cardiology || hematology || orthopedics || pediatrics || pulmonology,private,True
Regional Hospital,specialty hospital,Italy,Rome,"744 Oak St, Rome, Italy",41.858417,12.506566,110,nephrology || orthopedics || pediatrics,private,True
St. George Medical Center,hospital,Egypt,Cairo,"319 King St, Cairo, Egypt",30.071837,31.270348,847,ENT || neurology || pulmonology,private,True
Community Infirmary,medical center,Germany,Berlin,"140 Oak St, Berlin, Germany",52.534918,13.37242,775,ENT || gastroenterology || gynecology || infectious disease || psychiatry || pulmonology || urology,private,True
Regional Medical Center,specialty hospital,United States,New York,"253 Queen St, New York, United States",40.723039,-73.963896,595,endocrinology || gynecology || hematology || neurology || orthopedics || pulmonology || urology,public,True
Central University Hospital,medical center,Israel,Tel Aviv,"11 Broadway, Tel Aviv, Israel",32.079963,34.758321,455,dermatology || neurology || pulmonology,non-profit,True
National Medical Center,specialty hospital,Tunisia,Tunis,"472 High St, Tunis, Tunisia",36.844955,10.180808,293,ENT || anesthesiology || endocrinology || neurology || urology,public,True
St. Theresa University Hospital,university hospital,Canada,Vancouver,"924 George St, Vancouver, Canada",49.327866,-123.16328,848,anesthesiology || emergency || gastroenterology || gynecology || hematology || nephrology,non-profit,True
Highland Infirmary,specialty hospital,Canada,Toronto,"298 Church St, Toronto, Canada",43.61678,-79.386889,205,anesthesiology || dermatology || hematology || ophthalmology,non-profit,True
Mercy Infirmary,hospital,Poland,Warsaw,"311 Riverside Dr, Warsaw, Poland",52.236877,21.046185,414,cardiology || ophthalmology || pulmonology,public,True
Sunrise Hospital,medical center,India,Bengaluru,"281 High St, Bengaluru, India",12.942295,77.608419,283,ENT || endocrinology || gastroenterology || neurology || psychiatry || radiology,non-profit,True
Mountview University Hospital,specialty hospital,Japan,Osaka,"241 Elm St, Osaka, Japan",34.732249,135.48924,328,dermatology || hematology || psychiatry,private,True
Lakeside Hospital,hospital,Vietnam,Ho Chi Minh City,"438 Lakeview Dr, Ho Chi Minh City, Vietnam",10.781671,106.614079,1208,ENT || anesthesiology || hematology || oncology || ophthalmology || urology,non-profit,True
Liberty Infirmary,specialty hospital,Australia,Sydney,"703 Riverside Dr, Sydney, Australia",-33.888915,151.19878,537,hematology || infectious disease || radiology,non-profit,True
Prime Medical Center,hospital,Germany,Munich,"455 Pine St, Munich, Germany",48.180006,11.548716,533,emergency || oncology || ophthalmology || orthopedics,non-profit,True
Harmony University Hospital,medical center,South Korea,Busan,"343 Elm St, Busan, South Korea",35.22068,129.117017,268,ENT || anesthesiology || infectious disease,non-profit,True
City Infirmary,specialty hospital,India,Ahmedabad,"908 Station Rd, Ahmedabad, India",22.983752,72.536364,390,anesthesiology || dermatology || gastroenterology || hematology || infectious disease || neurology || ophthalmology,private,True
Northside Infirmary,medical center,Canada,Vancouver,"952 Elm St, Vancouver, Canada",49.247085,-123.109834,910,ENT || infectious disease || nephrology || oncology || pulmonology || urology,private,True
Capital University Hospital,hospital,Morocco,Casablanca,"756 Station Rd, Casablanca, Morocco",33.554195,-7.555515,301,gastroenterology || nephrology || orthopedics || psychiatry,private,True
Grand Infirmary,hospital,China (Hong Kong SAR),Hong Kong,"423 Maple St, Hong Kong, China (Hong Kong SAR)",22.290439,114.201797,1092,emergency || gynecology || infectious disease || oncology || orthopedics || pulmonology || radiology,non-profit,True
Mountview Medical Center,hospital,Bangladesh,Dhaka,"213 Elm St, Dhaka, Bangladesh",23.847818,90.382573,218,infectious disease || oncology || psychiatry || pulmonology,non-profit,True
Crescent Infirmary,specialty hospital,Morocco,Casablanca,"867 Elm St, Casablanca, Morocco",33.586641,-7.627413,115,anesthesiology || endocrinology || gynecology || infectious disease || psychiatry || pulmonology,public,True
Southside Hospital,hospital,Australia,Melbourne,"429 Hill Rd, Melbourne, Australia",-37.824943,144.929391,1271,dermatology || infectious disease || pediatrics || urology,non-profit,True
Evergreen Medical Center,hospital,United States,Chicago,"487 Church St, Chicago, United States",41.892837,-87.619686,117,ENT || dermatology || gastroenterology || ophthalmology || orthopedics || pulmonology || urology,public,True
Sunrise Hospital,specialty hospital,China,Guangzhou,"354 Elm St, Guangzhou, China",23.130251,113.280636,531,anesthesiology || endocrinology || gastroenterology || hematology || neurology,public,True
Northside University Hospital,university hospital,Japan,Tokyo,"423 King St, Tokyo, Japan",35.691812,139.695519,1834,oncology || orthopedics || pediatrics || radiology || urology,non-profit,True
St. John University Hospital,medical center,Australia,Sydney,"753 Cedar Rd, Sydney, Australia",-33.892857,151.201157,597,hematology || infectious disease || pediatrics,private,True
General University Hospital,specialty hospital,Australia,Sydney,"837 Lakeview Dr, Sydney, Australia",-33.834258,151.243364,548,endocrinology || gastroenterology || gynecology || neurology || orthopedics || pulmonology || radiology,non-profit,True
Central Medical Center,university hospital,Italy,Milan,"491 Broadway, Milan, Italy",45.449728,9.214421,1128,dermatology || gastroenterology || nephrology || ophthalmology || psychiatry || pulmonology,public,True
Evergreen Medical Center,hospital,Japan,Tokyo,"593 Victoria St, Tokyo, Japan",35.676248,139.68705,881,gastroenterology || gynecology || neurology || oncology || ophthalmology || orthopedics || radiology,private,True
Mountview Hospital,university hospital,Germany,Munich,"600 Oak St, Munich, Germany",48.133858,11.595103,862,cardiology || dermatology || oncology || pediatrics || psychiatry,public,True
Riverside Infirmary,hospital,India,Chennai,"785 Hill Rd, Chennai, India",13.096049,80.261039,1077,anesthesiology || cardiology || infectious disease || oncology || pediatrics || pulmonology,private,True
City Medical Center,hospital,Netherlands,Amsterdam,"76 Broadway, Amsterdam, Netherlands",52.340227,4.941799,739,ENT || gastroenterology || neurology || radiology,public,True
Heritage University Hospital,university hospital,Greece,Athens,"243 Cedar Rd, Athens, Greece",37.977167,23.746178,774,ENT || endocrinology || gynecology || pediatrics || pulmonology,public,True
St. Peter Medical Center,medical center,France,Marseille,"59 Park Ave, Marseille, France",43.258816,5.390911,238,anesthesiology || dermatology || hematology || nephrology || neurology || oncology,public,True
Commonwealth Hospital,specialty hospital,United Arab Emirates,Abu Dhabi,"542 Elm St, Abu Dhabi, United Arab Emirates",24.458628,54.37474,178,cardiology || gastroenterology || neurology || ophthalmology,non-profit,True
National Hospital,medical center,South Korea,Seoul,"214 Elm St, Seoul, South Korea",37.567658,126.98977,489,endocrinology || neurology || pediatrics,non-profit,True
General Infirmary,medical center,India,Ahmedabad,"697 High St, Ahmedabad, India",23.002035,72.525341,708,cardiology || endocrinology || nephrology || urology,public,True
Lakeside Hospital,specialty hospital,France,Paris,"280 Victoria St, Paris, France",48.884553,2.309705,470,dermatology || psychiatry || urology,private,True
Mountview Hospital,hospital,Brazil,São Paulo,"689 Oak St, São Paulo, Brazil",-23.515275,-46.647279,1486,cardiology || hematology || neurology || oncology || ophthalmology,public,True
Prime University Hospital,university hospital,Kenya,Nairobi,"865 Market St, Nairobi, Kenya",-1.254252,36.781195,1201,ENT || hematology || neurology || psychiatry,private,True
National Medical Center,specialty hospital,Australia,Melbourne,"635 Market St, Melbourne, Australia",-37.852294,144.982717,130,endocrinology || neurology || ophthalmology || psychiatry,public,False
Riverside Infirmary,hospital,Nigeria,Lagos,"547 Sunset Blvd, Lagos, Nigeria",6.56644,3.340494,942,cardiology || dermatology || emergency || nephrology || oncology || pulmonology,non-profit,True
Capital Hospital,medical center,Vietnam,Ho Chi Minh City,"966 Oak St, Ho Chi Minh City, Vietnam",10.816385,106.652365,693,ENT || anesthesiology || cardiology || oncology || orthopedics,non-profit,True
Maple Leaf Medical Center,specialty hospital,India,Kolkata,"846 Cedar Rd, Kolkata, India",22.530087,88.363065,223,ENT || dermatology || oncology || radiology || urology,private,True
Prime Infirmary,specialty hospital,United Kingdom,London,"432 Broadway, London, United Kingdom",51.466202,-0.127954,261,cardiology || endocrinology || neurology,private,True
Central University Hospital,hospital,Vietnam,Hanoi,"795 Riverside Dr, Hanoi, Vietnam",21.066811,105.840433,1440,gynecology || nephrology || oncology || psychiatry || pulmonology || urology,non-profit,True
Metropolitan Infirmary,specialty hospital,Philippines,Manila,"544 Queen St, Manila, Philippines",14.560902,121.010132,213,gastroenterology || nephrology || pulmonology,non-profit,True
Regional Medical Center,hospital,New Zealand,Auckland,"962 Market St, Auckland, New Zealand",-36.849258,174.795484,938,dermatology || hematology || pediatrics,public,True
Grand University Hospital,specialty hospital,Switzerland,Geneva,"763 Broadway, Geneva, Switzerland",46.165177,6.134647,574,cardiology || hematology || neurology || orthopedics || psychiatry || radiology || urology,non-profit,True
Evergreen Medical Center,specialty hospital,Thailand,Bangkok,"438 Riverside Dr, Bangkok, Thailand",13.775482,100.469165,517,ENT || nephrology || neurology || radiology,private,True
Northside Infirmary,medical center,Australia,Melbourne,"570 King St, Melbourne, Australia",-37.767241,145.010149,663,gastroenterology || ophthalmology || orthopedics || radiology,non-profit,True
Grand Medical Center,medical center,Thailand,Bangkok,"128 Queen St, Bangkok, Thailand",13.768717,100.480858,553,anesthesiology || gynecology || nephrology || radiology,non-profit,True
National University Hospital,specialty hospital,Vietnam,Hanoi,"67 Pine St, Hanoi, Vietnam",21.065548,105.826439,106,ENT || oncology || orthopedics,non-profit,True
Southside University Hospital,medical center,Norway,Oslo,"640 Lakeview Dr, Oslo, Norway",59.878543,10.708403,502,anesthesiology || oncology || psychiatry || pulmonology,public,True
Liberty University Hospital,specialty hospital,Austria,Vienna,"217 Riverside Dr, Vienna, Austria",48.227494,16.328498,295,anesthesiology || cardiology || nephrology || oncology || ophthalmology || pulmonology,private,True
Metropolitan Medical Center,medical center,Iran,Tehran,"448 Elm St, Tehran, Iran",35.716815,51.435429,501,anesthesiology || emergency || gynecology || infectious disease || neurology || pediatrics,public,True
Riverside Medical Center,university hospital,Vietnam,Hanoi,"640 Church St, Hanoi, Vietnam",21.036199,105.809702,1176,ENT || hematology || infectious disease || nephrology || oncology || orthopedics,non-profit,True
Hope University Hospital,university hospital,India,Chennai,"559 Market St, Chennai, India",13.08524,80.316399,1566,gynecology || ophthalmology || radiology,non-profit,True
Pioneer Medical Center,university hospital,United Kingdom,Manchester,"694 Queen St, Manchester, United Kingdom",53.497133,-2.259493,1101,cardiology || endocrinology || infectious disease || radiology,public,True
Liberty Hospital,medical center,Pakistan,Karachi,"466 George St, Karachi, Pakistan",24.878955,66.983194,316,anesthesiology || cardiology || dermatology || gastroenterology || infectious disease || pulmonology,non-profit,True
Grand University Hospital,university hospital,Mexico,Mexico City,"865 Park Ave, Mexico City, Mexico",19.433989,-99.088379,842,anesthesiology || cardiology || emergency || nephrology || ophthalmology || pediatrics || radiology,private,True
Hope Medical Center,specialty hospital,Switzerland,Zurich,"598 Cedar Rd, Zurich, Switzerland",47.329275,8.563387,119,anesthesiology || dermatology || gynecology,public,True
Commonwealth Infirmary,specialty hospital,Sweden,Stockholm,"609 Broadway, Stockholm, Sweden",59.342322,18.061903,108,anesthesiology || cardiology || emergency,non-profit,True
General Hospital,hospital,New Zealand,Auckland,"851 Main St, Auckland, New Zealand",-36.869516,174.781888,1342,ENT || gastroenterology || psychiatry,private,True
Blue Sky Medical Center,medical center,India,Delhi,"52 Main St, Delhi, India",28.577538,77.198099,758,cardiology || gastroenterology || infectious disease || orthopedics || pulmonology,public,True
Blue Sky Hospital,specialty hospital,Malaysia,Kuala Lumpur,"236 Riverside Dr, Kuala Lumpur, Malaysia",3.119469,101.71173,562,gynecology || ophthalmology || orthopedics || pediatrics || radiology,public,True
Green Valley Medical Center,medical center,Denmark,Copenhagen,"753 Sunset Blvd, Copenhagen, Denmark",55.693198,12.575029,255,anesthesiology || emergency || gastroenterology || hematology || oncology || orthopedics || psychiatry,public,True
General Medical Center,university hospital,India,Chennai,"323 Sunset Blvd, Chennai, India",13.09983,80.244153,1083,emergency || endocrinology || gastroenterology || gynecology || nephrology || pediatrics || psychiatry,non-profit,True
Westside Infirmary,university hospital,Germany,Hamburg,"377 Church St, Hamburg, Germany",53.517964,9.975021,953,dermatology || endocrinology || nephrology || orthopedics || pulmonology || urology,private,True
Mountview Hospital,hospital,India,Chennai,"41 Sunset Blvd, Chennai, India",13.116879,80.306571,386,anesthesiology || cardiology || dermatology || emergency || hematology || ophthalmology || pediatrics,non-profit,True
Unity Hospital,specialty hospital,Singapore,Singapore,"523 Hill Rd, Singapore, Singapore",1.357259,103.824147,376,ENT || emergency || gastroenterology || orthopedics || pulmonology || urology,private,True
Metropolitan Hospital,specialty hospital,United Kingdom,Manchester,"685 Maple St, Manchester, United Kingdom",53.497068,-2.207802,512,emergency || gastroenterology || gynecology || infectious disease || orthopedics || psychiatry || radiology,non-profit,True
