contact_city,contact_city_id,contact_last_product,contact_number_type,contact_ph_country,contact_state,contact_type_remarks,contacts_add_date,contacts_company,contacts_glid,contacts_mobile1,contacts_mobile2,contacts_name,contacts_type,country_name,delete_archive_id,fk_glusr_usr_id,glusr_usr_logo_img_90x90,im_contact_id,is_archive,is_blocked,is_bulk_lead,is_buylead,is_call,is_catalog_view,is_contact_untouched,is_enq,is_ext,is_removed,is_starred_lead,is_txn_initiator,is_wa_reply,is_whatsapp,label_color,label_count,label_id,label_name,last_contact_date,last_contact_date_view,last_message,last_product_qty,latest_txn_date,latest_txn_initiator,mcat_id,mcat_name,message_status,msg_read_status,order_value_slab,pii_blocked,show_whatsapp_icon,source,starred_lead_color,uniqueId,unread_buyer_count,unread_message_cnt,wa_sess_exp_time
Bengaluru,74012,Gold Ring,MOBILE,91,Karnataka,Imported from CSV,2025-07-12 03:09:55,,229958838,9790779946,,Ravi Sharma,51,India,,5146316,,7570000000,False,False,False,False,True,True,False,False,False,False,False,True,False,True,[],0,[],[],2025-08-09 19:08:20,7:08 PM,Can I get a discount?,,2025-08-09 19:08:20,False,[],[],,True,[],False,True,marketplace,#F4B536,7570000000,,3,1755500638
Bengaluru,75925,Polki Earrings,LANDLINE,91,Karnataka,Added via app,2024-08-21 10:32:10,,277490893,9756528252,,Priya Khan,53,India,,5201629,,7570000001,False,True,False,False,False,True,False,False,False,True,False,True,False,True,[],0,[],[],2024-08-25 07:30:01,7:30 AM,Need details about Kundan Bracelet,,,False,[],[],,False,[],True,True,referral,#FF5733,7570000001,0,1,
Mumbai,74339,Kundan Bracelet,MOBILE,91,Maharashtra,Added manually,2024-09-26 21:17:02,,218740864,9799925830,,Siddharth Bhat,51,India,,5258607,,7570000002,True,False,False,True,True,False,False,False,False,True,True,True,False,True,[],0,[],[],2024-10-17 16:26:43,4:26 PM,Please share price and images,,2024-10-17 16:26:43,False,[],[],,True,[],False,True,referral,#FF5733,7570000002,0,4,
Hyderabad,79977,Gold Ring,LANDLINE,91,Telangana,Added via app,2025-06-27 00:01:14,,226697396,9401486939,9579153816,Ravi Kohli,52,India,,5160263,,7570000003,True,False,True,False,False,True,False,False,False,True,False,True,False,False,[],0,[],[],2025-07-26 01:50:29,1:50 AM,Can I get a discount?,,,False,[],[],,False,[],False,False,organic,#FF5733,7570000003,,2,
Pune,79075,Kundan Bracelet,LANDLINE,91,Maharashtra,Added manually,2024-03-01 08:20:07,,230885476,9236456621,,Vikram Sharma,52,India,,5617024,,7570000004,True,False,False,False,True,True,False,False,False,False,False,False,False,True,[],0,[],[],2024-03-04 14:51:44,2:51 PM,Need details about Gold Ring,,,False,[],[],,True,[],True,True,ad,#22C55E,7570000004,,0,
Ahmedabad,74092,Diamond Earrings,LANDLINE,91,Gujarat,Added manually,2024-04-10 01:50:30,,210117988,9867607278,9590907304,Kavita Jain,54,India,,5464656,,7570000005,True,False,True,True,False,False,False,False,False,False,False,False,True,True,[],0,[],[],2024-05-06 07:40:20,7:40 AM,Please share price and images,,2024-05-06 07:40:20,False,[],[],,True,[],False,True,organic,#F4B536,7570000005,,0,1755068638
Delhi,76615,Kundan Bracelet,LANDLINE,91,Delhi,Imported from CSV,2024-02-10 22:33:03,,216090908,9955938726,,Manish Singh,52,India,,5987335,,7570000006,False,False,True,True,False,True,False,True,True,True,False,True,False,False,[],0,[],[],2024-02-14 22:04:06,10:04 PM,Need details about Silver Anklet,,,False,[],[],,False,[],True,False,referral,#F4B536,7570000006,0,3,
Jaipur,72200,Silver Anklet,MOBILE,91,Rajasthan,Added via app,2025-07-20 05:39:34,,235496015,9955321749,,Isha Kohli,53,India,,5121035,,7570000007,True,False,False,True,True,False,True,False,True,True,False,True,False,True,[],0,[],[],2025-08-02 10:58:05,10:58 AM,Need details about Polki Necklace Set,,2025-08-02 10:58:05,True,[],[],,True,[],True,False,ad,#22C55E,7570000007,1,2,
Udaipur,75862,Diamond Earrings,MOBILE,91,Rajasthan,Added manually,2024-12-28 20:23:05,,228195995,9267930513,,Pooja Rathore,53,India,,5715198,,7570000008,True,False,True,True,False,True,False,False,True,False,False,False,True,False,[],0,[],[],2025-01-17 13:50:55,1:50 PM,Is this available in stock?,,,False,[],[],,True,[],False,False,marketplace,#00AEEF,7570000008,,4,1755068638
Pune,74349,Kundan Bracelet,LANDLINE,91,Maharashtra,Contact added through Website form,2024-11-17 15:53:19,,205134794,9640563507,,Neha Kumar,51,India,,5113668,,7570000009,False,False,True,False,False,True,True,False,False,True,False,False,False,True,[],0,[],[],2024-12-17 02:10:23,2:10 AM,Is this available in stock?,,,False,[],[],,True,[],False,True,referral,#22C55E,7570000009,0,4,
Bengaluru,73443,Pearl Necklace,MOBILE,91,Karnataka,Contact added through Website form,2024-11-25 16:55:46,,257698610,9622753913,,Amit Kohli,53,India,,5823927,,7570000010,True,False,True,False,False,True,True,False,False,True,True,False,False,False,[],0,[],[],2024-12-17 03:38:50,3:38 AM,Can I get a discount?,,,True,[],[],,True,[],False,True,organic,#22C55E,7570000010,1,3,
Udaipur,79132,Mangalsutra,LANDLINE,91,Rajasthan,Imported from CSV,2024-05-16 16:55:01,,233446826,9910894217,,Karan Bhat,54,India,,5962037,,7570000011,False,False,False,False,False,True,True,False,False,False,False,True,False,True,[],0,[],[],2024-06-11 11:43:49,11:43 AM,Interested - send more pics,,2024-06-11 11:43:49,True,[],[],,True,[],False,True,ad,#FF5733,7570000011,0,4,
Hyderabad,77633,Polki Earrings,LANDLINE,91,Telangana,Added manually,2024-01-21 20:57:36,,255804273,9222086735,9418197538,Raj Chopra,52,India,,5065290,,7570000012,True,False,False,True,True,False,False,False,True,False,False,True,False,True,[],0,[],[],2024-02-09 08:08:09,8:08 AM,Interested - send more pics,,,True,[],[],,True,[],False,False,ad,#22C55E,7570000012,0,3,
Chennai,73467,Polki Necklace Set,LANDLINE,91,Tamil Nadu,Imported from CSV,2024-10-11 15:20:55,,261028710,9362388455,9407083673,Neha Kapoor,51,India,,5342722,,7570000013,True,False,True,False,False,True,False,True,True,False,False,False,True,True,[],0,[],[],2024-10-23 21:15:58,9:15 PM,Please share price and images,,2024-10-23 21:15:58,True,[],[],,False,[],False,True,marketplace,#22C55E,7570000013,,0,1755241438
Delhi,71669,Silver Anklet,MOBILE,91,Delhi,Added via app,2024-05-03 20:36:17,,293575660,9323821937,9644687060,Priya Naik,54,India,,5810004,,7570000014,True,False,False,True,False,False,True,False,False,False,False,True,False,True,[],0,[],[],2024-05-05 20:27:13,8:27 PM,Is this available in stock?,,,True,[],[],,False,[],False,True,marketplace,#22C55E,7570000014,3,2,
Mumbai,77988,Kundan Bracelet,MOBILE,91,Maharashtra,Imported from CSV,2024-10-13 21:42:19,,228470244,9856665975,,Arjun Chopra,54,India,,5372060,,7570000015,False,False,False,True,True,False,True,False,True,False,False,False,False,True,[],0,[],[],2024-10-27 07:34:53,7:34 AM,Interested - send more pics,,,False,[],[],,False,[],False,False,ad,#F4B536,7570000015,0,4,
Hyderabad,73033,Kundan Bracelet,LANDLINE,91,Telangana,Imported from CSV,2025-06-21 21:43:42,,225708194,9793070706,,Vikram Patel,52,India,,5226895,,7570000016,True,True,False,False,False,True,False,True,True,True,False,False,False,True,[],0,[],[],2025-07-05 15:26:44,3:26 PM,Is this available in stock?,,,False,[],[],,False,[],True,True,marketplace,#22C55E,7570000016,0,0,
Mumbai,79221,Mangalsutra,LANDLINE,91,Maharashtra,Added manually,2025-03-02 22:04:31,,240780112,9266493008,,Rahul Gupta,54,India,,5089318,,7570000017,True,True,True,False,False,True,True,False,True,False,True,True,True,True,[],0,[],[],2025-03-31 20:36:48,8:36 PM,Interested - send more pics,,,True,[],[],,True,[],False,True,referral,#22C55E,7570000017,1,4,
Pune,73241,Polki Earrings,LANDLINE,91,Maharashtra,Added manually,2024-06-01 09:40:16,,257061186,9584719405,,Rohit Jain,53,India,,5120351,,7570000018,False,False,False,True,True,False,False,False,False,False,True,True,False,True,[],0,[],[],2024-06-08 07:23:18,7:23 AM,Interested - send more pics,,2024-06-08 07:23:18,True,[],[],,False,[],False,True,marketplace,#00AEEF,7570000018,,0,
Ahmedabad,71494,Mangalsutra,MOBILE,91,Gujarat,Added manually,2024-04-17 05:51:19,,263083727,9438460431,,Deepak Agarwal,53,India,,5364863,,7570000019,True,False,False,True,False,False,True,False,False,True,False,True,False,True,[],0,[],[],2024-05-03 06:06:15,6:06 AM,Please share price and images,,,False,[],[],,False,[],False,False,organic,#F4B536,7570000019,0,3,1755759838
Bengaluru,79024,Polki Earrings,LANDLINE,91,Karnataka,Added manually,2024-04-26 16:48:02,Shree Enterprises,201835355,9438076670,,Rohit Kumar,52,India,,5579077,,7570000020,True,False,True,False,True,False,False,False,False,False,False,True,False,True,[],0,[],[],2024-05-02 09:39:30,9:39 AM,Can I get a discount?,,,False,[],[],,False,[],False,True,marketplace,#22C55E,7570000020,0,5,1755241438
Kolkata,73826,Silver Anklet,MOBILE,91,West Bengal,Added manually,2025-01-25 14:03:24,,255133300,9341639230,9757232668,Rohit Naik,54,India,,5045767,,7570000021,True,False,False,False,True,False,False,False,False,True,True,False,False,True,[],0,[],[],2025-02-01 23:16:19,11:16 PM,Can I get a discount?,,,True,[],[],,True,[],True,True,referral,#FF5733,7570000021,,3,
Jaipur,77269,Diamond Earrings,MOBILE,91,Rajasthan,Added manually,2024-11-28 02:02:35,,222329103,9321549249,9049382425,Raj Patel,52,India,,5727712,,7570000022,True,True,False,True,False,False,False,False,True,False,False,False,False,True,[],0,[],[],2024-12-12 07:50:28,7:50 AM,Please share price and images,,,True,[],[],,True,[],False,False,referral,#22C55E,7570000022,0,2,
Delhi,76302,Mangalsutra,LANDLINE,91,Delhi,Contact added through Website form,2025-01-02 20:55:41,,264855088,9254697684,,Maya Kohli,51,India,,5111834,,7570000023,False,False,False,False,False,True,True,False,True,True,True,True,False,True,[],0,[],[],2025-01-17 05:38:39,5:38 AM,Can I get a discount?,,2025-01-17 05:38:39,False,[],[],,True,[],True,True,referral,#00AEEF,7570000023,,5,
Mumbai,78837,Pearl Necklace,MOBILE,91,Maharashtra,Imported from CSV,2024-06-17 09:21:21,,249104566,9538798023,9891713190,Kavita Mehta,52,India,,5556639,,7570000024,False,True,False,True,False,True,True,False,False,True,False,True,False,True,[],0,[],[],2024-07-10 18:44:57,6:44 PM,Is this available in stock?,,,False,[],[],,True,[],True,True,organic,#22C55E,7570000024,,2,1755327838
Mumbai,70742,Mangalsutra,MOBILE,91,Maharashtra,Added manually,2024-08-28 19:34:17,,204994527,9528951656,,Raj Patel,54,India,,5319149,,7570000025,False,True,False,False,False,False,False,False,False,False,False,True,False,True,[],0,[],[],2024-09-04 09:37:53,9:37 AM,Can I get a discount?,,2024-09-04 09:37:53,True,[],[],,False,[],True,True,ad,#F4B536,7570000025,0,3,
Mumbai,79250,Diamond Earrings,MOBILE,91,Maharashtra,Added via app,2024-08-09 08:28:59,,227542226,9891010113,9222433532,Vikram Reddy,51,India,,5071942,,7570000026,True,True,False,False,False,True,True,False,True,False,False,True,True,True,[],0,[],[],2024-08-25 07:16:57,7:16 AM,Can I get a discount?,,,True,[],[],,False,[],False,True,organic,#00AEEF,7570000026,0,1,
Ahmedabad,76580,Diamond Earrings,LANDLINE,91,Gujarat,Added via app,2025-03-30 02:40:32,,257213476,9115923129,,Amit Verma,53,India,,5719425,,7570000027,False,True,False,True,False,False,False,False,False,False,False,False,False,True,[],0,[],[],2025-04-03 00:48:11,12:48 AM,Can I get a discount?,,,False,[],[],,False,[],True,True,marketplace,#F4B536,7570000027,,2,
Kolkata,71582,Gold Ring,LANDLINE,91,West Bengal,Added via app,2024-03-02 21:21:09,Shree Enterprises,299937039,9400126515,9597398528,Priya Singh,51,India,,5774683,,7570000028,False,False,True,False,False,True,False,False,True,False,False,True,False,False,[],0,[],[],2024-03-30 03:38:53,3:38 AM,Interested - send more pics,,,True,[],[],,True,[],False,True,referral,#F4B536,7570000028,2,4,
Chennai,70100,Kundan Bracelet,LANDLINE,91,Tamil Nadu,Added manually,2025-02-14 02:32:00,,224347841,9153815116,,Pooja Chopra,52,India,,5912117,,7570000029,False,False,False,True,True,True,True,True,True,False,False,True,False,True,[],0,[],[],2025-02-20 23:49:45,11:49 PM,Can I get a discount?,,2025-02-20 23:49:45,True,[],[],,False,[],False,True,referral,#22C55E,7570000029,,5,
Delhi,76475,Polki Necklace Set,LANDLINE,91,Delhi,Added manually,2024-08-04 04:59:47,,280440034,9008253947,,Pooja Verma,54,India,,5057443,,7570000030,False,True,False,True,False,True,False,True,False,True,False,True,False,True,[],0,[],[],2024-08-16 14:41:53,2:41 PM,Need details about Polki Earrings,,,False,[],[],,True,[],False,False,referral,#F4B536,7570000030,,2,
Kolkata,79648,Gold Ring,MOBILE,91,West Bengal,Added via app,2024-11-13 12:21:40,,253747464,9084446671,,Ravi Reddy,52,India,,5549414,,7570000031,True,False,False,False,False,True,True,True,True,True,False,False,False,True,[],0,[],[],2024-11-24 06:30:40,6:30 AM,Please share price and images,,2024-11-24 06:30:40,True,[],[],,False,[],False,True,referral,#00AEEF,7570000031,,2,
Jaipur,75085,Polki Necklace Set,LANDLINE,91,Rajasthan,Imported from CSV,2024-10-20 02:47:37,,261974027,9040380477,,Anushka Joshi,54,India,,5473866,,7570000032,True,False,True,False,True,True,False,False,True,False,False,False,False,False,[],0,[],[],2024-10-24 11:59:47,11:59 AM,Please share price and images,,,False,[],[],,False,[],False,True,organic,#00AEEF,7570000032,0,4,
Kolkata,74655,Polki Earrings,LANDLINE,91,West Bengal,Imported from CSV,2024-06-02 12:08:14,,233822301,9914362309,,Ravi Khan,51,India,,5758889,,7570000033,False,False,True,True,False,True,False,True,False,False,False,True,False,True,[],0,[],[],2024-06-06 11:05:38,11:05 AM,Is this available in stock?,,,True,[],[],,True,[],False,True,organic,#00AEEF,7570000033,0,4,1755759838
Kolkata,72527,Kundan Bracelet,LANDLINE,91,West Bengal,Added via app,2024-06-18 15:56:06,,221776452,9892649957,,Sneha Mishra,54,India,,5189630,,7570000034,True,False,False,False,False,True,False,False,False,False,False,True,False,True,[],0,[],[],2024-06-20 18:50:25,6:50 PM,Is this available in stock?,,,True,[],[],,False,[],True,True,marketplace,#00AEEF,7570000034,2,3,
Jaipur,74670,Silver Anklet,MOBILE,91,Rajasthan,Added manually,2025-06-09 05:21:53,,211257528,9172134062,,Ravi Joshi,53,India,,5800185,,7570000035,False,True,False,False,True,False,True,False,True,False,True,False,False,False,[],0,[],[],2025-06-30 11:03:25,11:03 AM,Can I get a discount?,,,True,[],[],,True,[],False,True,ad,#22C55E,7570000035,0,0,
Bengaluru,71996,Kundan Bracelet,MOBILE,91,Karnataka,Added via app,2025-04-13 02:17:12,,206408822,9450784243,,Pooja Reddy,53,India,,5250021,,7570000036,False,False,False,True,False,True,False,True,False,False,True,True,False,True,[],0,[],[],2025-04-18 11:26:43,11:26 AM,Need details about Polki Earrings,,,True,[],[],,False,[],True,True,organic,#00AEEF,7570000036,0,3,
Chennai,72868,Polki Earrings,MOBILE,91,Tamil Nadu,Contact added through Website form,2024-07-05 04:54:35,,291896538,9746668526,,Anushka Khan,51,India,,5487192,,7570000037,False,False,False,True,False,True,False,False,False,False,True,True,False,True,[],0,[],[],2024-07-08 06:25:37,6:25 AM,Please share price and images,,,False,[],[],,True,[],False,False,referral,#FF5733,7570000037,,5,
Hyderabad,74369,Silver Anklet,LANDLINE,91,Telangana,Added via app,2024-07-03 19:51:36,,211087928,9455803043,,Arjun Rathore,54,India,,5762400,,7570000038,False,False,False,True,False,True,False,False,True,False,False,False,False,False,[],0,[],[],2024-07-18 02:07:21,2:07 AM,Is this available in stock?,,,False,[],[],,True,[],True,True,ad,#00AEEF,7570000038,,2,
Pune,72513,Silver Anklet,LANDLINE,91,Maharashtra,Imported from CSV,2024-03-19 20:53:45,ABC Traders,291142166,9398320110,,Deepak Verma,52,India,,5471778,,7570000039,False,True,False,False,False,True,False,False,False,False,True,True,True,True,[],0,[],[],2024-03-26 13:19:20,1:19 PM,Can I get a discount?,,,False,[],[],,True,[],False,True,organic,#00AEEF,7570000039,0,4,1755155038
Hyderabad,73673,Diamond Earrings,MOBILE,91,Telangana,Contact added through Website form,2025-05-20 00:57:25,,216288992,9850474042,,Kavita Rathore,54,India,,5210743,,7570000040,False,True,True,False,True,False,False,False,True,True,False,True,False,True,[],0,[],[],2025-06-06 13:25:54,1:25 PM,Interested - send more pics,,2025-06-06 13:25:54,True,[],[],,True,[],False,True,ad,#00AEEF,7570000040,0,4,1755673438
Bengaluru,73216,Diamond Earrings,MOBILE,91,Karnataka,Added via app,2024-11-06 22:22:14,ABC Traders,285235919,9294689553,,Pooja Singh,51,India,,5577599,,7570000041,True,False,False,False,False,True,False,True,False,True,False,True,False,True,[],0,[],[],2024-12-02 19:55:03,7:55 PM,Can I get a discount?,,2024-12-02 19:55:03,True,[],[],,True,[],True,True,marketplace,#22C55E,7570000041,1,0,
Pune,72353,Kundan Bracelet,LANDLINE,91,Maharashtra,Contact added through Website form,2024-12-19 14:31:00,,241954112,9771336275,,Ankit Chopra,52,India,,5903332,,7570000042,True,True,False,True,False,True,True,False,False,False,False,False,False,True,[],0,[],[],2024-12-25 22:52:12,10:52 PM,Please share price and images,,,True,[],[],,False,[],False,False,ad,#FF5733,7570000042,0,2,
Bengaluru,78108,Diamond Earrings,LANDLINE,91,Karnataka,Added via app,2025-04-26 10:24:13,,280197611,9905002919,,Rahul Verma,53,India,,5925199,,7570000043,False,True,False,False,False,True,False,True,False,True,False,True,False,True,[],0,[],[],2025-05-22 11:41:37,11:41 AM,Need details about Diamond Earrings,,,False,[],[],,True,[],False,True,ad,#22C55E,7570000043,0,0,
Mumbai,75456,Mangalsutra,LANDLINE,91,Maharashtra,Added via app,2025-06-11 05:05:21,,263584863,9490687732,,Rahul Verma,54,India,,5544559,,7570000044,False,True,False,False,True,False,False,False,True,True,False,False,False,False,[],0,[],[],2025-06-27 03:11:49,3:11 AM,Interested - send more pics,,,False,[],[],,True,[],False,True,organic,#F4B536,7570000044,,4,
Kolkata,72481,Silver Anklet,LANDLINE,91,West Bengal,Added manually,2025-04-27 02:16:03,,255426567,9218927025,,Maya Chopra,52,India,,5724042,,7570000045,False,False,False,False,False,True,True,False,False,False,False,False,False,False,[],0,[],[],2025-05-03 19:08:42,7:08 PM,Please share price and images,,,False,[],[],,False,[],True,True,marketplace,#22C55E,7570000045,1,4,1755155038
Bengaluru,71294,Polki Earrings,MOBILE,91,Karnataka,Contact added through Website form,2025-05-05 07:47:27,,246488123,9474997731,,Pooja Verma,52,India,,5968894,,7570000046,True,False,False,False,True,True,False,False,False,False,False,True,False,False,[],0,[],[],2025-05-15 03:13:01,3:13 AM,Can I get a discount?,,,True,[],[],,False,[],False,False,organic,#F4B536,7570000046,2,4,
Udaipur,72868,Polki Necklace Set,LANDLINE,91,Rajasthan,Contact added through Website form,2024-02-07 14:27:14,Rising Exports,256087572,9899371401,,Rohit Khan,53,India,,5925100,,7570000047,False,False,False,True,False,True,True,False,True,True,False,True,False,False,[],0,[],[],2024-03-02 15:37:04,3:37 PM,Please share price and images,,,True,[],[],,True,[],False,True,marketplace,#22C55E,7570000047,,1,
Jaipur,73027,Polki Earrings,MOBILE,91,Rajasthan,Added via app,2024-09-24 13:57:55,,218872606,9347464644,9007333788,Priya Kapoor,52,India,,5500646,,7570000048,True,False,False,False,False,True,False,False,True,True,False,False,False,False,[],0,[],[],2024-10-06 00:22:02,12:22 AM,Is this available in stock?,,,False,[],[],,True,[],False,False,marketplace,#22C55E,7570000048,0,3,
Pune,71341,Diamond Earrings,MOBILE,91,Maharashtra,Added via app,2025-07-31 04:05:07,Shree Enterprises,270532309,9567121569,9083862154,Ankit Reddy,51,India,,5468449,,7570000049,False,True,False,True,True,False,True,False,False,True,True,True,False,True,[],0,[],[],2025-08-03 04:02:19,4:02 AM,Can I get a discount?,,2025-08-03 04:02:19,True,[],[],,True,[],True,True,organic,#F4B536,7570000049,1,4,
Udaipur,71130,Mangalsutra,LANDLINE,91,Rajasthan,Contact added through Website form,2024-05-18 23:21:25,,263360324,9308261300,,Priya Khan,52,India,,5033276,,7570000050,True,False,False,True,False,True,True,True,True,False,False,True,False,True,[],0,[],[],2024-06-08 09:06:50,9:06 AM,Is this available in stock?,,2024-06-08 09:06:50,False,[],[],,True,[],False,True,organic,#F4B536,7570000050,0,2,1755500638
Delhi,73376,Kundan Bracelet,MOBILE,91,Delhi,Imported from CSV,2024-02-19 08:54:37,,209031632,9637742679,,Manish Sharma,53,India,,5105797,,7570000051,False,False,True,False,False,True,False,False,False,False,False,True,False,False,[],0,[],[],2024-02-21 12:26:59,12:26 PM,Interested - send more pics,,,False,[],[],,True,[],False,False,referral,#22C55E,7570000051,,3,
Mumbai,78813,Diamond Earrings,LANDLINE,91,Maharashtra,Imported from CSV,2024-05-27 16:51:29,,263554620,9911972883,,Pooja Kapoor,53,India,,5252673,,7570000052,False,False,True,False,True,False,False,True,True,False,False,False,True,True,[],0,[],[],2024-05-30 11:59:41,11:59 AM,Need details about Polki Earrings,,2024-05-30 11:59:41,True,[],[],,True,[],True,True,marketplace,#FF5733,7570000052,0,4,
Delhi,79045,Pearl Necklace,LANDLINE,91,Delhi,Contact added through Website form,2025-06-30 23:37:09,Shree Enterprises,243166435,9303932500,,Ankit Kapoor,53,India,,5813185,,7570000053,False,False,False,True,False,True,True,True,False,True,False,False,True,False,[],0,[],[],2025-07-18 10:11:12,10:11 AM,Is this available in stock?,,,True,[],[],,False,[],False,True,referral,#00AEEF,7570000053,0,2,
Ahmedabad,72756,Polki Necklace Set,MOBILE,91,Gujarat,Contact added through Website form,2025-07-13 17:46:44,,298351024,9378146284,,Arjun Nair,54,India,,5833592,,7570000054,True,True,False,False,True,True,False,False,False,False,False,True,False,True,[],0,[],[],2025-07-22 16:12:36,4:12 PM,Interested - send more pics,,,True,[],[],,True,[],False,True,referral,#00AEEF,7570000054,0,4,
Jaipur,71578,Silver Anklet,LANDLINE,91,Rajasthan,Added manually,2025-06-23 09:11:24,,270381817,9258738317,,Raj Kumar,52,India,,5156130,,7570000055,True,True,True,True,False,False,False,False,True,True,True,True,True,True,[],0,[],[],2025-07-10 14:08:37,2:08 PM,Can I get a discount?,,,False,[],[],,True,[],True,True,organic,#FF5733,7570000055,,2,
Bengaluru,70762,Kundan Bracelet,MOBILE,91,Karnataka,Added manually,2025-07-10 20:31:00,Rising Exports,209978827,9993839124,,Deepak Nair,52,India,,5717675,,7570000056,False,False,False,False,True,True,False,False,True,False,False,True,True,True,[],0,[],[],2025-07-12 10:51:00,10:51 AM,Please share price and images,,2025-07-12 10:51:00,False,[],[],,False,[],False,True,referral,#22C55E,7570000056,,1,
Jaipur,74839,Silver Anklet,MOBILE,91,Rajasthan,Contact added through Website form,2024-06-06 13:50:07,,233077929,9078927201,,Deepak Kapoor,53,India,,5747748,,7570000057,False,False,True,False,True,True,False,False,False,False,True,True,False,True,[],0,[],[],2024-06-14 01:34:51,1:34 AM,Can I get a discount?,,2024-06-14 01:34:51,False,[],[],,False,[],True,True,ad,#FF5733,7570000057,0,5,
Bengaluru,74933,Silver Anklet,LANDLINE,91,Karnataka,Imported from CSV,2025-03-21 10:02:50,,236024950,9156696327,,Kavita Gupta,54,India,,5517077,,7570000058,False,True,True,False,True,False,False,False,False,False,False,False,False,False,[],0,[],[],2025-04-10 20:40:01,8:40 PM,Please share price and images,,,True,[],[],,False,[],False,True,marketplace,#00AEEF,7570000058,,2,
Delhi,75339,Polki Necklace Set,LANDLINE,91,Delhi,Imported from CSV,2024-04-26 20:31:45,,250473288,9876704309,9391932454,Arjun Naik,53,India,,5293916,,7570000059,False,False,True,False,False,False,False,False,False,False,True,False,False,True,[],0,[],[],2024-05-06 13:18:47,1:18 PM,Interested - send more pics,,,False,[],[],,True,[],True,False,organic,#F4B536,7570000059,1,4,
Pune,70725,Kundan Bracelet,MOBILE,91,Maharashtra,Added manually,2024-12-05 15:40:20,,275594147,9727429909,,Anushka Kumar,54,India,,5676364,,7570000060,False,True,False,True,False,False,True,True,True,False,False,False,False,False,[],0,[],[],2024-12-10 19:06:23,7:06 PM,Please share price and images,,,False,[],[],,True,[],False,False,referral,#F4B536,7570000060,0,0,
Chennai,71791,Mangalsutra,LANDLINE,91,Tamil Nadu,Imported from CSV,2024-09-06 18:47:12,,290884102,9176473863,9795094534,Ravi Sharma,52,India,,5838913,,7570000061,False,False,True,False,False,True,False,False,True,True,False,True,False,True,[],0,[],[],2024-09-15 06:02:21,6:02 AM,Interested - send more pics,,2024-09-15 06:02:21,False,[],[],,True,[],False,True,referral,#22C55E,7570000061,0,4,
Kolkata,76431,Gold Ring,MOBILE,91,West Bengal,Added via app,2025-04-13 22:28:38,,278786439,9373581239,,Vikram Mishra,53,India,,5119781,,7570000062,True,False,False,False,False,False,False,False,False,False,False,False,False,False,[],0,[],[],2025-04-22 07:29:10,7:29 AM,Can I get a discount?,,2025-04-22 07:29:10,True,[],[],,False,[],False,True,organic,#00AEEF,7570000062,2,5,1755587038
Kolkata,79200,Polki Necklace Set,MOBILE,91,West Bengal,Added via app,2025-05-18 15:07:57,,267838742,9531469831,,Sneha Mehta,52,India,,5684793,,7570000063,True,False,False,True,True,True,True,False,False,True,True,True,False,False,[],0,[],[],2025-06-09 04:15:26,4:15 AM,Need details about Mangalsutra,,,True,[],[],,False,[],True,False,referral,#00AEEF,7570000063,,3,1755068638
Delhi,73438,Polki Necklace Set,LANDLINE,91,Delhi,Added via app,2025-03-14 06:02:35,,299000738,9739951555,,Maya Patel,52,India,,5616482,,7570000064,False,False,False,False,True,True,False,True,False,True,False,True,True,False,[],0,[],[],2025-04-13 03:54:40,3:54 AM,Please share price and images,,,False,[],[],,False,[],True,True,referral,#22C55E,7570000064,,1,
Kolkata,78447,Pearl Necklace,LANDLINE,91,West Bengal,Contact added through Website form,2025-05-14 11:54:58,,237342819,9942012342,,Priya Singh,54,India,,5728449,,7570000065,False,False,False,False,False,False,False,False,False,False,True,True,True,True,[],0,[],[],2025-06-11 17:56:36,5:56 PM,Need details about Polki Necklace Set,,,True,[],[],,False,[],False,True,marketplace,#FF5733,7570000065,0,0,1755155038
Bengaluru,71529,Kundan Bracelet,LANDLINE,91,Karnataka,Contact added through Website form,2024-06-18 01:53:07,,287857309,9268853440,,Pooja Kumar,51,India,,5377943,,7570000066,False,True,True,False,False,True,True,False,True,False,False,False,True,False,[],0,[],[],2024-07-07 07:39:24,7:39 AM,Need details about Mangalsutra,,,True,[],[],,True,[],False,False,referral,#FF5733,7570000066,2,5,
Jaipur,78691,Pearl Necklace,MOBILE,91,Rajasthan,Contact added through Website form,2025-03-26 12:47:10,Golden Jewels,275603667,9655325292,,Sneha Gupta,51,India,,5008886,,7570000067,False,False,False,False,False,False,False,True,True,True,False,True,True,True,[],0,[],[],2025-04-05 21:00:49,9:00 PM,Interested - send more pics,,,True,[],[],,True,[],False,False,organic,#FF5733,7570000067,0,5,
Ahmedabad,79730,Diamond Earrings,LANDLINE,91,Gujarat,Contact added through Website form,2024-11-20 04:48:19,,209531069,9954260690,9387726245,Ravi Reddy,51,India,,5553948,,7570000068,False,False,True,True,False,True,False,False,False,True,False,True,False,False,[],0,[],[],2024-12-08 23:30:16,11:30 PM,Need details about Polki Earrings,,,True,[],[],,True,[],False,False,marketplace,#F4B536,7570000068,0,4,
Udaipur,74005,Diamond Earrings,MOBILE,91,Rajasthan,Imported from CSV,2024-02-26 11:15:39,,211571285,9466523205,,Raj Reddy,53,India,,5969542,,7570000069,True,False,True,False,True,True,False,False,False,True,True,False,False,True,[],0,[],[],2024-03-05 23:54:11,11:54 PM,Can I get a discount?,,,True,[],[],,False,[],False,True,referral,#FF5733,7570000069,0,0,
Jaipur,73742,Diamond Earrings,MOBILE,91,Rajasthan,Contact added through Website form,2024-01-13 08:54:13,,299425803,9002757916,,Ravi Naik,54,India,,5533541,,7570000070,False,False,False,False,False,True,False,False,True,True,True,True,True,True,[],0,[],[],2024-01-15 14:28:33,2:28 PM,Need details about Mangalsutra,,,False,[],[],,False,[],False,True,marketplace,#F4B536,7570000070,0,3,
Bengaluru,73974,Polki Necklace Set,MOBILE,91,Karnataka,Added via app,2024-07-19 19:53:58,,262267186,9635323297,9829587172,Pooja Naik,51,India,,5386162,,7570000071,True,False,False,False,True,True,False,False,False,False,True,True,False,True,[],0,[],[],2024-07-31 17:29:34,5:29 PM,Need details about Gold Ring,,,False,[],[],,True,[],False,False,organic,#F4B536,7570000071,0,1,
Pune,79303,Pearl Necklace,LANDLINE,91,Maharashtra,Imported from CSV,2024-10-25 09:30:08,,208359464,9711293744,9254231714,Siddharth Singh,52,India,,5456112,,7570000072,True,False,True,False,False,False,False,False,True,True,False,True,False,True,[],0,[],[],2024-11-09 16:30:51,4:30 PM,Please share price and images,,,True,[],[],,True,[],False,False,organic,#FF5733,7570000072,0,3,1755414238
Delhi,75828,Kundan Bracelet,MOBILE,91,Delhi,Added manually,2024-09-23 06:19:49,,253183031,9052560325,,Sneha Singh,52,India,,5538401,,7570000073,True,True,True,False,False,False,False,True,False,False,True,True,True,True,[],0,[],[],2024-09-24 18:32:36,6:32 PM,Need details about Diamond Earrings,,,False,[],[],,True,[],True,False,organic,#FF5733,7570000073,3,3,1755500638
Udaipur,76270,Kundan Bracelet,LANDLINE,91,Rajasthan,Added manually,2024-07-10 10:00:42,,291699285,9185550328,,Siddharth Nair,54,India,,5447389,,7570000074,True,False,False,False,False,True,False,False,True,False,False,False,False,True,[],0,[],[],2024-07-24 00:03:57,12:03 AM,Interested - send more pics,,,False,[],[],,False,[],True,True,referral,#FF5733,7570000074,,3,
Ahmedabad,78674,Mangalsutra,LANDLINE,91,Gujarat,Imported from CSV,2024-04-12 09:01:27,,247973830,9627053322,9171395839,Neha Verma,53,India,,5804092,,7570000075,True,False,False,False,False,False,False,False,True,False,True,True,True,False,[],0,[],[],2024-04-24 01:59:15,1:59 AM,Need details about Kundan Bracelet,,,True,[],[],,False,[],False,True,ad,#00AEEF,7570000075,,2,
Udaipur,72420,Mangalsutra,MOBILE,91,Rajasthan,Added via app,2024-04-23 19:09:42,,278733350,9984861930,,Vikram Verma,52,India,,5738927,,7570000076,False,False,False,False,False,True,False,False,True,True,False,False,False,True,[],0,[],[],2024-05-11 12:17:20,12:17 PM,Is this available in stock?,,,False,[],[],,True,[],True,True,referral,#FF5733,7570000076,2,0,
Mumbai,75425,Kundan Bracelet,MOBILE,91,Maharashtra,Contact added through Website form,2024-03-31 23:16:08,,210443030,9372384530,9180267742,Ravi Nair,51,India,,5249556,,7570000077,True,False,False,True,False,False,False,False,False,True,False,True,False,False,[],0,[],[],2024-04-17 06:26:43,6:26 AM,Can I get a discount?,,2024-04-17 06:26:43,True,[],[],,False,[],True,False,referral,#F4B536,7570000077,0,3,
Mumbai,71228,Mangalsutra,MOBILE,91,Maharashtra,Contact added through Website form,2025-05-09 01:07:42,,273423305,9964353483,9362871672,Kavita Kapoor,52,India,,5987584,,7570000078,False,False,False,False,False,True,True,True,False,True,False,True,True,True,[],0,[],[],2025-05-29 23:39:23,11:39 PM,Can I get a discount?,,2025-05-29 23:39:23,False,[],[],,True,[],True,True,ad,#FF5733,7570000078,1,5,
Jaipur,75052,Mangalsutra,LANDLINE,91,Rajasthan,Imported from CSV,2024-04-03 23:22:10,,253347164,9525163699,9284546308,Priya Nair,53,India,,5493821,,7570000079,False,False,True,False,True,True,False,True,True,True,False,True,False,False,[],0,[],[],2024-04-30 09:19:19,9:19 AM,Can I get a discount?,,,False,[],[],,True,[],False,False,ad,#22C55E,7570000079,0,3,
Hyderabad,79358,Kundan Bracelet,MOBILE,91,Telangana,Contact added through Website form,2024-05-30 04:22:45,,269366056,9613627778,,Siddharth Verma,54,India,,5839333,,7570000080,True,False,False,True,True,False,False,False,False,False,False,True,False,True,[],0,[],[],2024-06-20 23:32:54,11:32 PM,Can I get a discount?,,2024-06-20 23:32:54,True,[],[],,True,[],False,True,referral,#00AEEF,7570000080,,1,1755327838
Pune,79977,Mangalsutra,LANDLINE,91,Maharashtra,Imported from CSV,2024-05-27 22:30:34,,263491242,9184898049,,Siddharth Nair,54,India,,5039285,,7570000081,False,True,False,False,False,False,False,True,True,False,False,True,False,True,[],0,[],[],2024-06-26 11:38:39,11:38 AM,Can I get a discount?,,,True,[],[],,True,[],False,True,marketplace,#22C55E,7570000081,,5,
Hyderabad,72604,Kundan Bracelet,MOBILE,91,Telangana,Imported from CSV,2024-05-18 19:05:19,,208806960,9761894343,,Anushka Verma,51,India,,5326236,,7570000082,True,False,False,True,False,True,True,True,True,False,False,True,False,False,[],0,[],[],2024-06-15 09:38:23,9:38 AM,Interested - send more pics,,,False,[],[],,True,[],False,True,organic,#00AEEF,7570000082,,0,
Pune,73511,Polki Necklace Set,LANDLINE,91,Maharashtra,Imported from CSV,2024-10-02 23:43:24,,229709238,9241712209,,Rahul Kumar,51,India,,5678827,,7570000083,False,False,False,False,False,False,False,False,False,False,False,False,False,True,[],0,[],[],2024-10-22 20:50:01,8:50 PM,Need details about Gold Ring,,,False,[],[],,True,[],False,True,referral,#00AEEF,7570000083,0,4,
Chennai,74529,Mangalsutra,LANDLINE,91,Tamil Nadu,Imported from CSV,2024-11-01 06:51:28,,285979171,9925019561,,Arjun Singh,54,India,,5340930,,7570000084,False,False,False,True,True,True,False,False,False,True,False,True,False,True,[],0,[],[],2024-11-08 13:32:17,1:32 PM,Interested - send more pics,,,True,[],[],,True,[],False,True,referral,#F4B536,7570000084,,4,
Mumbai,75499,Polki Earrings,LANDLINE,91,Maharashtra,Contact added through Website form,2024-11-10 15:18:32,,287836731,9238642889,,Neha Khan,51,India,,5093637,,7570000085,True,True,False,True,False,False,True,False,True,False,False,False,False,True,[],0,[],[],2024-11-26 17:19:16,5:19 PM,Please share price and images,,,True,[],[],,True,[],False,False,ad,#00AEEF,7570000085,2,2,
Bengaluru,73430,Mangalsutra,LANDLINE,91,Karnataka,Added manually,2024-03-31 04:42:41,,222629881,9820858166,,Amit Bhat,52,India,,5604272,,7570000086,True,False,False,False,True,True,True,False,True,True,False,False,True,True,[],0,[],[],2024-04-30 00:37:55,12:37 AM,Interested - send more pics,,,True,[],[],,True,[],True,False,referral,#22C55E,7570000086,0,3,
Chennai,77105,Kundan Bracelet,MOBILE,91,Tamil Nadu,Imported from CSV,2025-01-02 06:51:37,,292178071,9368006578,9526325353,Manish Joshi,52,India,,5140288,,7570000087,False,True,False,False,True,True,True,True,True,False,True,False,False,True,[],0,[],[],2025-01-10 06:57:48,6:57 AM,Interested - send more pics,,2025-01-10 06:57:48,True,[],[],,True,[],False,True,organic,#00AEEF,7570000087,,3,
Bengaluru,79922,Pearl Necklace,MOBILE,91,Karnataka,Imported from CSV,2025-06-07 22:29:22,,294049898,9449710722,9112650803,Ravi Joshi,52,India,,5143826,,7570000088,False,False,True,True,False,True,False,False,False,False,True,True,False,True,[],0,[],[],2025-06-13 15:39:36,3:39 PM,Interested - send more pics,,,True,[],[],,True,[],False,True,organic,#00AEEF,7570000088,,2,
Bengaluru,77606,Gold Ring,MOBILE,91,Karnataka,Contact added through Website form,2024-02-10 10:34:45,,206721650,9873143678,,Maya Kohli,52,India,,5104657,,7570000089,False,False,False,False,True,False,False,False,True,False,False,False,False,True,[],0,[],[],2024-02-27 22:15:34,10:15 PM,Can I get a discount?,,,True,[],[],,True,[],True,True,organic,#FF5733,7570000089,0,5,
Pune,77178,Pearl Necklace,MOBILE,91,Maharashtra,Contact added through Website form,2024-01-30 04:45:25,,224328380,9407754288,9656441105,Deepak Nair,53,India,,5641018,,7570000090,True,False,False,True,False,True,False,False,False,False,False,True,False,True,[],0,[],[],2024-02-22 15:35:07,3:35 PM,Is this available in stock?,,,False,[],[],,False,[],True,True,marketplace,#00AEEF,7570000090,0,3,
Hyderabad,73648,Pearl Necklace,LANDLINE,91,Telangana,Added via app,2024-08-28 02:52:12,,273886264,9406559022,,Neha Verma,54,India,,5674567,,7570000091,True,False,False,True,True,True,False,False,True,True,False,False,False,True,[],0,[],[],2024-09-19 09:45:14,9:45 AM,Can I get a discount?,,,False,[],[],,True,[],False,False,marketplace,#F4B536,7570000091,,3,
Chennai,75818,Mangalsutra,MOBILE,91,Tamil Nadu,Added via app,2025-01-17 03:52:15,,285048563,9313514967,,Rohit Sharma,52,India,,5838769,,7570000092,False,False,False,False,False,True,False,True,True,False,False,True,False,False,[],0,[],[],2025-01-19 09:12:22,9:12 AM,Need details about Pearl Necklace,,,True,[],[],,True,[],False,True,marketplace,#FF5733,7570000092,,1,
Jaipur,76347,Mangalsutra,LANDLINE,91,Rajasthan,Added via app,2025-01-28 15:14:35,,288251083,9650860170,9541284117,Kavita Gupta,52,India,,5629718,,7570000093,False,False,False,False,False,True,True,False,False,True,False,True,False,False,[],0,[],[],2025-02-27 04:46:19,4:46 AM,Need details about Silver Anklet,,,False,[],[],,True,[],False,True,marketplace,#00AEEF,7570000093,0,5,1755500638
Jaipur,70414,Polki Necklace Set,LANDLINE,91,Rajasthan,Imported from CSV,2024-07-23 09:43:13,,251119548,9056978109,,Amit Joshi,51,India,,5152386,,7570000094,False,True,False,False,False,True,False,False,True,False,False,False,False,True,[],0,[],[],2024-07-31 05:13:24,5:13 AM,Need details about Polki Necklace Set,,,True,[],[],,True,[],False,True,referral,#FF5733,7570000094,,2,
Ahmedabad,72906,Polki Earrings,MOBILE,91,Gujarat,Imported from CSV,2025-06-10 04:20:43,,291624920,9200764570,9789285590,Ankit Kohli,53,India,,5078086,,7570000095,False,False,False,False,True,True,False,True,False,False,False,True,False,True,[],0,[],[],2025-06-28 11:48:47,11:48 AM,Is this available in stock?,,,True,[],[],,False,[],False,True,marketplace,#F4B536,7570000095,0,0,
Chennai,75911,Kundan Bracelet,MOBILE,91,Tamil Nadu,Contact added through Website form,2025-05-01 20:26:15,,239402883,9808157894,,Ankit Chopra,53,India,,5229056,,7570000096,True,False,False,False,True,True,False,False,False,False,False,True,True,True,[],0,[],[],2025-05-02 06:41:40,6:41 AM,Need details about Gold Ring,,2025-05-02 06:41:40,True,[],[],,True,[],True,True,ad,#22C55E,7570000096,0,0,1755241438
Jaipur,72519,Gold Ring,MOBILE,91,Rajasthan,Added via app,2024-03-30 02:40:00,,203188066,9769731458,,Isha Agarwal,54,India,,5481532,,7570000097,False,False,True,True,True,True,True,True,True,True,True,False,False,True,[],0,[],[],2024-04-01 17:53:36,5:53 PM,Please share price and images,,,False,[],[],,False,[],False,False,organic,#22C55E,7570000097,2,1,
Kolkata,78941,Polki Necklace Set,MOBILE,91,West Bengal,Added manually,2025-01-17 00:24:21,,239591339,9154699931,,Rohit Gupta,51,India,,5664845,,7570000098,True,False,True,True,False,True,True,False,False,False,True,True,False,True,[],0,[],[],2025-02-12 21:18:29,9:18 PM,Interested - send more pics,,2025-02-12 21:18:29,True,[],[],,False,[],True,True,marketplace,#00AEEF,7570000098,,4,
Bengaluru,71143,Mangalsutra,MOBILE,91,Karnataka,Contact added through Website form,2024-11-09 21:16:08,,225970938,9521689527,,Rohit Patel,52,India,,5333222,,7570000099,False,False,True,False,False,False,False,False,False,False,True,True,False,True,[],0,[],[],2024-11-17 06:49:18,6:49 AM,Is this available in stock?,,,True,[],[],,False,[],False,True,organic,#F4B536,7570000099,0,4,1755673438
Pune,76637,Mangalsutra,MOBILE,91,Maharashtra,Added via app,2024-09-23 19:47:13,,279193333,9973136058,,Amit Naik,51,India,,5223095,,7570000100,False,True,False,False,False,True,True,False,True,False,False,True,False,True,[],0,[],[],2024-10-20 00:33:22,12:33 AM,Need details about Silver Anklet,,2024-10-20 00:33:22,False,[],[],,True,[],True,False,referral,#FF5733,7570000100,0,3,
Chennai,76358,Polki Earrings,MOBILE,91,Tamil Nadu,Added manually,2024-11-27 03:45:29,,263038607,9488169687,9042847338,Ankit Joshi,53,India,,5962489,,7570000101,False,False,True,True,False,False,False,False,True,True,False,False,True,False,[],0,[],[],2024-12-22 11:12:05,11:12 AM,Interested - send more pics,,,True,[],[],,True,[],True,True,referral,#F4B536,7570000101,2,5,
Jaipur,77889,Diamond Earrings,MOBILE,91,Rajasthan,Imported from CSV,2024-06-14 23:33:57,,290627759,9514345062,,Raj Chopra,51,India,,5502073,,7570000102,True,False,False,False,False,True,False,True,False,False,False,False,False,True,[],0,[],[],2024-07-04 22:17:53,10:17 PM,Is this available in stock?,,2024-07-04 22:17:53,False,[],[],,True,[],True,True,ad,#00AEEF,7570000102,,0,
Pune,79676,Gold Ring,MOBILE,91,Maharashtra,Added manually,2024-04-21 00:36:10,ABC Traders,209239937,9406101350,,Vikram Bhat,51,India,,5240977,,7570000103,False,False,False,True,False,True,False,False,True,True,False,True,False,True,[],0,[],[],2024-04-30 20:21:21,8:21 PM,Interested - send more pics,,,True,[],[],,False,[],True,False,marketplace,#FF5733,7570000103,,4,1755068638
Hyderabad,76695,Kundan Bracelet,LANDLINE,91,Telangana,Added manually,2024-01-08 21:02:37,,234601998,9005872776,9847635936,Pooja Mishra,52,India,,5198202,,7570000104,False,False,False,True,False,True,False,False,True,False,False,True,False,True,[],0,[],[],2024-02-03 05:50:51,5:50 AM,Please share price and images,,,False,[],[],,True,[],True,True,organic,#FF5733,7570000104,0,0,
Delhi,78328,Diamond Earrings,LANDLINE,91,Delhi,Added manually,2024-02-23 05:51:08,,253762374,9363394867,9659304715,Kavita Patel,53,India,,5824265,,7570000105,False,True,False,True,False,False,False,False,True,False,False,False,True,False,[],0,[],[],2024-03-13 03:11:27,3:11 AM,Is this available in stock?,,2024-03-13 03:11:27,True,[],[],,True,[],True,True,organic,#00AEEF,7570000105,,5,
Jaipur,74520,Polki Earrings,LANDLINE,91,Rajasthan,Added via app,2024-07-24 18:51:01,Rising Exports,253611082,9719044151,,Amit Kumar,52,India,,5370281,,7570000106,False,False,False,True,False,True,False,True,True,True,False,False,True,True,[],0,[],[],2024-07-25 12:45:12,12:45 PM,Can I get a discount?,,,False,[],[],,True,[],False,False,marketplace,#F4B536,7570000106,,5,
Kolkata,73610,Polki Earrings,MOBILE,91,West Bengal,Added manually,2024-12-27 18:48:19,,290853721,9246885603,9442839009,Neha Singh,53,India,,5735236,,7570000107,True,False,False,False,False,True,False,False,True,False,False,True,False,False,[],0,[],[],2025-01-22 18:53:05,6:53 PM,Is this available in stock?,,2025-01-22 18:53:05,True,[],[],,True,[],False,True,organic,#F4B536,7570000107,,0,1755587038
Hyderabad,70692,Kundan Bracelet,MOBILE,91,Telangana,Contact added through Website form,2024-10-08 17:52:10,,264732147,9666436631,,Manish Sharma,54,India,,5389227,,7570000108,True,False,False,False,False,True,False,False,False,True,True,True,False,False,[],0,[],[],2024-10-17 14:55:50,2:55 PM,Interested - send more pics,,2024-10-17 14:55:50,False,[],[],,True,[],False,True,referral,#FF5733,7570000108,0,4,
Chennai,73013,Diamond Earrings,MOBILE,91,Tamil Nadu,Contact added through Website form,2025-01-16 13:17:31,,266943778,9226057528,,Manish Chopra,52,India,,5444536,,7570000109,False,False,True,False,False,True,True,False,False,False,False,False,False,True,[],0,[],[],2025-02-05 00:00:58,12:00 AM,Can I get a discount?,,2025-02-05 00:00:58,True,[],[],,True,[],True,False,marketplace,#F4B536,7570000109,,2,
Chennai,75903,Diamond Earrings,LANDLINE,91,Tamil Nadu,Added via app,2024-01-21 14:59:30,,275208908,9869747935,,Vikram Jain,54,India,,5584572,,7570000110,True,False,False,False,False,True,True,False,False,False,False,True,True,False,[],0,[],[],2024-01-27 12:14:36,12:14 PM,Is this available in stock?,,,False,[],[],,True,[],False,True,marketplace,#00AEEF,7570000110,1,2,1755414238
Ahmedabad,76782,Gold Ring,MOBILE,91,Gujarat,Contact added through Website form,2024-08-28 09:09:43,Shree Enterprises,222457056,9917202988,,Deepak Joshi,51,India,,5192818,,7570000111,False,True,True,False,False,True,False,False,False,False,False,True,False,True,[],0,[],[],2024-09-01 06:26:38,6:26 AM,Is this available in stock?,,,True,[],[],,True,[],True,True,referral,#00AEEF,7570000111,0,1,1755587038
Hyderabad,77288,Pearl Necklace,MOBILE,91,Telangana,Contact added through Website form,2025-04-12 22:58:32,,218134815,9749066860,,Isha Jain,53,India,,5994559,,7570000112,False,False,False,True,True,True,True,False,False,False,True,True,False,True,[],0,[],[],2025-05-10 08:03:54,8:03 AM,Need details about Polki Earrings,,,False,[],[],,True,[],True,True,referral,#FF5733,7570000112,0,3,
Kolkata,74094,Kundan Bracelet,LANDLINE,91,West Bengal,Added via app,2025-01-22 08:01:53,,221913660,9791474266,,Isha Agarwal,53,India,,5749666,,7570000113,True,True,True,False,False,True,False,False,False,False,False,True,False,True,[],0,[],[],2025-02-04 02:25:32,2:25 AM,Need details about Diamond Earrings,,,True,[],[],,True,[],True,False,referral,#FF5733,7570000113,3,0,
Jaipur,72468,Gold Ring,MOBILE,91,Rajasthan,Contact added through Website form,2024-11-15 18:08:45,,201976335,9233203933,,Amit Reddy,54,India,,5517555,,7570000114,False,False,True,False,False,True,True,False,False,False,False,True,True,False,[],0,[],[],2024-12-03 18:51:17,6:51 PM,Need details about Pearl Necklace,,,True,[],[],,False,[],False,True,referral,#00AEEF,7570000114,0,3,
Hyderabad,72001,Mangalsutra,LANDLINE,91,Telangana,Contact added through Website form,2025-01-04 01:53:47,,233999060,9685605643,,Rahul Khan,53,India,,5504605,,7570000115,False,False,True,True,False,True,False,False,False,False,False,True,False,True,[],0,[],[],2025-01-14 15:38:17,3:38 PM,Need details about Silver Anklet,,2025-01-14 15:38:17,True,[],[],,True,[],False,True,ad,#22C55E,7570000115,1,0,
Ahmedabad,73161,Polki Earrings,LANDLINE,91,Gujarat,Imported from CSV,2024-05-17 09:07:39,,202865928,9405626309,,Isha Rathore,53,India,,5722730,,7570000116,False,False,False,False,True,True,True,False,False,False,False,False,True,True,[],0,[],[],2024-05-19 07:08:05,7:08 AM,Need details about Diamond Earrings,,,False,[],[],,True,[],True,False,organic,#22C55E,7570000116,3,3,
Mumbai,74638,Polki Necklace Set,MOBILE,91,Maharashtra,Contact added through Website form,2024-04-08 19:02:56,,243298644,9688165352,,Arjun Khan,51,India,,5429711,,7570000117,False,False,False,False,True,False,True,True,True,False,False,True,False,True,[],0,[],[],2024-04-12 00:44:11,12:44 AM,Interested - send more pics,,,False,[],[],,False,[],False,True,referral,#F4B536,7570000117,,0,
Delhi,78511,Diamond Earrings,LANDLINE,91,Delhi,Contact added through Website form,2025-01-29 06:53:52,,213035125,9778647434,,Pooja Singh,53,India,,5106142,,7570000118,False,True,True,False,False,True,False,False,False,False,False,True,False,True,[],0,[],[],2025-02-07 15:53:53,3:53 PM,Can I get a discount?,,,False,[],[],,True,[],True,True,ad,#22C55E,7570000118,1,4,
Ahmedabad,77331,Polki Necklace Set,LANDLINE,91,Gujarat,Imported from CSV,2024-10-18 21:41:27,,253296593,9779872949,,Neha Rathore,53,India,,5000205,,7570000119,False,False,True,True,False,False,True,False,False,False,False,True,False,True,[],0,[],[],2024-10-19 16:41:04,4:41 PM,Interested - send more pics,,,True,[],[],,True,[],True,True,referral,#22C55E,7570000119,0,4,
Pune,74921,Gold Ring,MOBILE,91,Maharashtra,Contact added through Website form,2024-03-21 02:02:09,,205015930,9867949720,,Deepak Patel,54,India,,5766288,,7570000120,False,True,False,False,False,True,False,False,True,False,False,False,False,True,[],0,[],[],2024-04-06 07:37:40,7:37 AM,Can I get a discount?,,2024-04-06 07:37:40,False,[],[],,True,[],True,False,organic,#22C55E,7570000120,0,2,
Kolkata,74301,Mangalsutra,MOBILE,91,West Bengal,Imported from CSV,2024-05-13 04:54:37,,211419108,9538828465,,Rahul Khan,53,India,,5417885,,7570000121,False,True,True,True,False,False,False,False,False,False,True,False,True,True,[],0,[],[],2024-06-05 13:13:32,1:13 PM,Interested - send more pics,,2024-06-05 13:13:32,True,[],[],,True,[],True,True,referral,#FF5733,7570000121,0,4,
Udaipur,73982,Pearl Necklace,LANDLINE,91,Rajasthan,Contact added through Website form,2024-10-21 00:30:00,,283349536,9158567048,9880612131,Priya Patel,52,India,,5971746,,7570000122,False,False,False,False,True,False,False,True,False,False,True,False,True,True,[],0,[],[],2024-11-06 16:26:24,4:26 PM,Can I get a discount?,,,True,[],[],,True,[],False,True,referral,#00AEEF,7570000122,0,5,1754982238
Delhi,76237,Polki Necklace Set,MOBILE,91,Delhi,Imported from CSV,2025-06-28 03:12:17,Rising Exports,268255127,9106948671,9520402022,Pooja Kapoor,53,India,,5744162,,7570000123,False,False,True,False,False,False,False,False,True,True,False,True,False,True,[],0,[],[],2025-07-07 04:23:48,4:23 AM,Need details about Mangalsutra,,,False,[],[],,True,[],True,False,marketplace,#FF5733,7570000123,3,1,
Pune,73726,Diamond Earrings,MOBILE,91,Maharashtra,Imported from CSV,2024-11-15 22:02:26,,256013532,9615145139,,Siddharth Joshi,52,India,,5252036,,7570000124,True,False,False,True,True,True,False,False,True,False,False,False,False,True,[],0,[],[],2024-12-01 21:41:06,9:41 PM,Is this available in stock?,,,True,[],[],,True,[],True,True,referral,#FF5733,7570000124,,3,
Chennai,71302,Pearl Necklace,MOBILE,91,Tamil Nadu,Imported from CSV,2025-04-25 23:39:00,,292360759,9511747739,,Rohit Sharma,51,India,,5817707,,7570000125,True,False,False,False,False,True,True,False,False,True,False,True,False,True,[],0,[],[],2025-05-14 03:20:39,3:20 AM,Can I get a discount?,,,True,[],[],,True,[],False,False,referral,#22C55E,7570000125,0,1,
Hyderabad,78605,Mangalsutra,MOBILE,91,Telangana,Added manually,2024-04-21 16:26:33,,286086421,9756035092,9559042709,Deepak Mishra,51,India,,5918325,,7570000126,False,False,False,False,False,False,True,False,False,True,True,True,False,False,[],0,[],[],2024-05-13 20:46:12,8:46 PM,Can I get a discount?,,2024-05-13 20:46:12,True,[],[],,True,[],False,True,ad,#22C55E,7570000126,1,0,
Mumbai,77433,Gold Ring,MOBILE,91,Maharashtra,Contact added through Website form,2025-04-10 03:17:00,,279230801,9765185345,9947629180,Maya Sharma,53,India,,5940171,,7570000127,False,False,False,True,True,True,False,False,True,False,False,True,True,True,[],0,[],[],2025-04-22 06:39:01,6:39 AM,Please share price and images,,,False,[],[],,False,[],False,True,organic,#FF5733,7570000127,1,2,1754982238
Udaipur,77514,Pearl Necklace,LANDLINE,91,Rajasthan,Added manually,2024-01-06 22:08:09,,266790446,9535413025,,Manish Jain,51,India,,5896963,,7570000128,False,False,True,False,False,True,False,False,True,False,True,True,False,True,[],0,[],[],2024-01-30 21:03:58,9:03 PM,Need details about Silver Anklet,,2024-01-30 21:03:58,False,[],[],,True,[],True,True,referral,#FF5733,7570000128,1,1,1755759838
Jaipur,74903,Diamond Earrings,MOBILE,91,Rajasthan,Added via app,2024-03-10 15:33:30,,243328415,9963715263,,Anushka Verma,54,India,,5386473,,7570000129,True,True,True,True,False,True,False,False,False,True,False,False,False,True,[],0,[],[],2024-04-06 08:54:13,8:54 AM,Interested - send more pics,,,False,[],[],,False,[],True,True,ad,#00AEEF,7570000129,0,0,1754982238
Ahmedabad,71932,Kundan Bracelet,LANDLINE,91,Gujarat,Added via app,2025-02-27 01:39:22,,298981329,9222619790,9445207819,Ravi Sharma,53,India,,5889265,,7570000130,False,True,True,False,False,False,False,True,True,False,False,False,False,True,[],0,[],[],2025-03-15 06:33:08,6:33 AM,Need details about Pearl Necklace,,,False,[],[],,True,[],False,False,referral,#22C55E,7570000130,,2,
Hyderabad,74904,Gold Ring,MOBILE,91,Telangana,Added via app,2025-07-02 00:40:53,Rising Exports,275825317,9728209159,,Raj Verma,54,India,,5760180,,7570000131,False,False,False,True,False,True,False,True,False,False,True,False,True,True,[],0,[],[],2025-07-12 03:19:29,3:19 AM,Please share price and images,,2025-07-12 03:19:29,False,[],[],,True,[],True,False,organic,#FF5733,7570000131,0,4,1755587038
Ahmedabad,78192,Diamond Earrings,MOBILE,91,Gujarat,Contact added through Website form,2025-06-20 11:17:59,,220679969,9365196671,9786452604,Karan Sharma,51,India,,5199451,,7570000132,False,True,False,True,False,False,True,True,False,False,False,True,True,True,[],0,[],[],2025-07-06 08:40:33,8:40 AM,Is this available in stock?,,2025-07-06 08:40:33,False,[],[],,False,[],False,True,referral,#FF5733,7570000132,0,1,
Pune,79168,Kundan Bracelet,MOBILE,91,Maharashtra,Contact added through Website form,2025-07-16 11:35:44,,268996054,9221810768,,Ravi Sharma,53,India,,5107348,,7570000133,True,False,True,True,True,True,False,True,True,False,False,True,False,True,[],0,[],[],2025-07-29 15:23:38,3:23 PM,Please share price and images,,,True,[],[],,True,[],False,True,organic,#22C55E,7570000133,2,1,
Jaipur,77464,Mangalsutra,MOBILE,91,Rajasthan,Added via app,2025-04-26 08:26:08,,241660066,9691939208,9499715752,Priya Bhat,53,India,,5717727,,7570000134,False,True,True,True,True,False,False,False,True,False,False,True,False,False,[],0,[],[],2025-05-07 05:10:29,5:10 AM,Can I get a discount?,,,True,[],[],,False,[],False,True,organic,#00AEEF,7570000134,0,1,
Kolkata,73908,Mangalsutra,LANDLINE,91,West Bengal,Added via app,2025-05-08 13:58:27,,283332410,9588355778,,Siddharth Naik,52,India,,5255528,,7570000135,True,False,True,True,False,True,True,False,True,False,False,True,False,True,[],0,[],[],2025-05-11 18:56:22,6:56 PM,Please share price and images,,,True,[],[],,True,[],True,True,organic,#FF5733,7570000135,1,2,
Bengaluru,76389,Silver Anklet,MOBILE,91,Karnataka,Contact added through Website form,2024-11-20 10:54:46,,282620697,9480134151,,Maya Khan,54,India,,5606005,,7570000136,False,True,False,True,True,True,False,False,True,False,True,True,False,True,[],0,[],[],2024-12-18 03:19:58,3:19 AM,Can I get a discount?,,,False,[],[],,True,[],True,True,ad,#22C55E,7570000136,0,5,
Chennai,76835,Pearl Necklace,LANDLINE,91,Tamil Nadu,Imported from CSV,2024-05-17 00:25:20,,220705405,9937092815,,Isha Kapoor,54,India,,5302483,,7570000137,False,False,False,True,False,False,False,False,True,False,True,True,False,False,[],0,[],[],2024-05-20 12:00:44,12:00 PM,Can I get a discount?,,,False,[],[],,True,[],True,True,marketplace,#00AEEF,7570000137,,5,
Mumbai,78624,Polki Earrings,MOBILE,91,Maharashtra,Added via app,2024-03-31 08:55:42,,237503167,9555070355,,Arjun Singh,51,India,,5487521,,7570000138,False,False,False,False,False,False,False,False,True,False,False,True,False,True,[],0,[],[],2024-04-23 07:22:27,7:22 AM,Can I get a discount?,,,True,[],[],,True,[],False,True,organic,#00AEEF,7570000138,0,5,
Jaipur,74552,Diamond Earrings,LANDLINE,91,Rajasthan,Added via app,2024-09-20 00:31:01,Rising Exports,233829709,9661207811,,Sneha Joshi,52,India,,5138976,,7570000139,True,True,False,True,False,True,True,False,False,False,False,True,False,False,[],0,[],[],2024-09-25 10:28:53,10:28 AM,Interested - send more pics,,,False,[],[],,True,[],False,False,organic,#F4B536,7570000139,1,4,
Bengaluru,77803,Polki Earrings,LANDLINE,91,Karnataka,Added manually,2025-02-03 17:16:45,,271473736,9407807998,,Siddharth Nair,51,India,,5245011,,7570000140,False,False,False,False,False,False,False,True,False,True,False,False,False,False,[],0,[],[],2025-02-16 11:15:34,11:15 AM,Interested - send more pics,,,True,[],[],,False,[],False,True,organic,#F4B536,7570000140,,1,
Jaipur,77306,Kundan Bracelet,MOBILE,91,Rajasthan,Contact added through Website form,2024-07-16 01:14:21,,247179735,9778731965,,Ravi Joshi,52,India,,5230074,,7570000141,True,True,False,False,False,False,False,True,False,False,False,True,False,True,[],0,[],[],2024-07-17 04:51:07,4:51 AM,Is this available in stock?,,,False,[],[],,True,[],False,False,referral,#F4B536,7570000141,,4,
Ahmedabad,71137,Mangalsutra,MOBILE,91,Gujarat,Contact added through Website form,2024-07-01 23:30:04,Rising Exports,265997780,9215466821,,Neha Kumar,51,India,,5973693,,7570000142,True,True,False,False,False,True,False,False,True,False,False,False,True,True,[],0,[],[],2024-07-25 20:47:21,8:47 PM,Interested - send more pics,,2024-07-25 20:47:21,False,[],[],,False,[],False,False,organic,#FF5733,7570000142,1,0,
Pune,78770,Pearl Necklace,LANDLINE,91,Maharashtra,Imported from CSV,2024-02-26 23:01:13,,248173202,9732115550,,Arjun Patel,51,India,,5349636,,7570000143,True,False,False,True,True,True,False,False,False,False,False,True,True,False,[],0,[],[],2024-03-02 08:39:17,8:39 AM,Is this available in stock?,,2024-03-02 08:39:17,True,[],[],,False,[],False,True,referral,#22C55E,7570000143,,2,
Udaipur,75558,Kundan Bracelet,MOBILE,91,Rajasthan,Contact added through Website form,2024-05-01 07:42:25,,207523501,9845870756,9435410744,Maya Sharma,54,India,,5354123,,7570000144,False,True,True,False,True,True,False,True,False,False,False,True,True,True,[],0,[],[],2024-05-26 17:11:07,5:11 PM,Need details about Gold Ring,,,True,[],[],,True,[],True,False,referral,#22C55E,7570000144,1,3,
Mumbai,75268,Diamond Earrings,LANDLINE,91,Maharashtra,Imported from CSV,2024-12-09 02:18:06,,228619492,9048948180,,Deepak Khan,51,India,,5801351,,7570000145,True,False,True,True,False,True,True,True,True,False,False,False,False,True,[],0,[],[],2024-12-14 22:58:49,10:58 PM,Is this available in stock?,,2024-12-14 22:58:49,False,[],[],,True,[],False,False,ad,#FF5733,7570000145,0,2,
Mumbai,78190,Gold Ring,MOBILE,91,Maharashtra,Added via app,2024-11-04 12:39:53,Golden Jewels,282147935,9094512033,,Rahul Mishra,54,India,,5996459,,7570000146,False,True,True,True,False,True,False,False,True,False,True,True,False,True,[],0,[],[],2024-11-24 20:35:08,8:35 PM,Is this available in stock?,,,False,[],[],,True,[],False,True,organic,#F4B536,7570000146,,0,1755155038
Ahmedabad,78436,Silver Anklet,MOBILE,91,Gujarat,Contact added through Website form,2025-03-31 21:34:47,,215577992,9961083946,,Kavita Sharma,51,India,,5074301,,7570000147,False,False,False,False,True,False,False,False,True,False,False,True,False,True,[],0,[],[],2025-04-29 01:03:04,1:03 AM,Can I get a discount?,,,False,[],[],,True,[],True,True,referral,#00AEEF,7570000147,,2,
Pune,70977,Diamond Earrings,MOBILE,91,Maharashtra,Imported from CSV,2025-03-04 06:13:59,,237662052,9119302664,9492395371,Sneha Verma,54,India,,5143132,,7570000148,False,False,False,True,False,True,True,False,False,False,False,True,True,True,[],0,[],[],2025-03-20 22:31:41,10:31 PM,Need details about Mangalsutra,,2025-03-20 22:31:41,False,[],[],,True,[],False,True,marketplace,#22C55E,7570000148,2,1,
Ahmedabad,73940,Gold Ring,MOBILE,91,Gujarat,Added manually,2025-02-20 07:56:14,,211152355,9808612091,,Ravi Bhat,52,India,,5585616,,7570000149,True,False,False,False,False,True,False,False,True,True,True,False,False,True,[],0,[],[],2025-02-26 18:33:28,6:33 PM,Please share price and images,,,False,[],[],,True,[],False,True,ad,#F4B536,7570000149,,2,
Hyderabad,75963,Kundan Bracelet,MOBILE,91,Telangana,Added via app,2024-02-11 13:18:36,,206920612,9411194794,,Vikram Verma,51,India,,5116356,,7570000150,True,False,False,False,False,True,False,False,False,False,True,False,False,True,[],0,[],[],2024-02-29 08:14:07,8:14 AM,Interested - send more pics,,,True,[],[],,False,[],False,True,referral,#22C55E,7570000150,0,1,
Ahmedabad,71430,Diamond Earrings,LANDLINE,91,Gujarat,Imported from CSV,2024-03-19 03:58:54,ABC Traders,210760289,9964162027,,Priya Mehta,53,India,,5409660,,7570000151,True,False,False,True,False,True,False,True,False,False,True,True,True,True,[],0,[],[],2024-03-27 03:56:53,3:56 AM,Interested - send more pics,,,False,[],[],,False,[],False,True,marketplace,#22C55E,7570000151,0,2,
Mumbai,74259,Diamond Earrings,LANDLINE,91,Maharashtra,Imported from CSV,2024-02-18 05:24:03,Golden Jewels,230438156,9399327067,9826512485,Sneha Kohli,52,India,,5507765,,7570000152,True,True,False,False,False,False,False,False,True,True,True,True,False,True,[],0,[],[],2024-03-06 08:48:59,8:48 AM,Please share price and images,,,True,[],[],,True,[],False,True,organic,#22C55E,7570000152,,2,1755155038
Mumbai,70070,Pearl Necklace,LANDLINE,91,Maharashtra,Contact added through Website form,2024-10-29 17:15:16,,299119118,9544826299,,Maya Chopra,51,India,,5572675,,7570000153,True,False,True,True,False,False,False,True,False,False,False,True,False,False,[],0,[],[],2024-11-12 18:55:39,6:55 PM,Is this available in stock?,,2024-11-12 18:55:39,False,[],[],,True,[],False,True,marketplace,#FF5733,7570000153,1,4,
Hyderabad,70918,Silver Anklet,LANDLINE,91,Telangana,Added via app,2025-03-13 13:27:28,ABC Traders,289491869,9426874654,,Manish Mishra,52,India,,5378603,,7570000154,False,False,False,False,False,True,False,False,True,False,False,False,False,True,[],0,[],[],2025-04-01 07:18:41,7:18 AM,Interested - send more pics,,,True,[],[],,True,[],False,True,referral,#22C55E,7570000154,0,2,
Mumbai,73264,Pearl Necklace,MOBILE,91,Maharashtra,Contact added through Website form,2025-05-17 01:32:15,,224965358,9409921918,,Maya Naik,52,India,,5872712,,7570000155,False,False,True,False,False,True,False,False,True,False,False,False,True,True,[],0,[],[],2025-05-31 17:23:05,5:23 PM,Interested - send more pics,,,False,[],[],,True,[],False,False,organic,#00AEEF,7570000155,0,4,
Bengaluru,72668,Mangalsutra,LANDLINE,91,Karnataka,Contact added through Website form,2024-05-18 13:00:43,,278068345,9156913540,,Deepak Sharma,51,India,,5061352,,7570000156,True,True,False,False,False,False,False,False,False,True,False,True,False,True,[],0,[],[],2024-05-26 11:16:49,11:16 AM,Need details about Diamond Earrings,,2024-05-26 11:16:49,False,[],[],,False,[],False,False,referral,#FF5733,7570000156,0,0,
Delhi,73087,Gold Ring,MOBILE,91,Delhi,Contact added through Website form,2025-06-28 20:03:55,,274981433,9740509085,9564415423,Sneha Joshi,53,India,,5643226,,7570000157,True,False,False,False,False,True,False,True,True,False,False,True,True,False,[],0,[],[],2025-07-04 08:50:46,8:50 AM,Is this available in stock?,,2025-07-04 08:50:46,True,[],[],,False,[],False,True,organic,#F4B536,7570000157,,3,
Delhi,71766,Polki Earrings,MOBILE,91,Delhi,Contact added through Website form,2024-03-01 17:04:43,,204401363,9708442872,,Raj Verma,52,India,,5831578,,7570000158,True,False,True,True,False,True,False,False,False,False,False,True,False,True,[],0,[],[],2024-03-07 11:37:58,11:37 AM,Interested - send more pics,,,True,[],[],,True,[],True,False,ad,#F4B536,7570000158,,2,1755068638
Ahmedabad,76004,Kundan Bracelet,LANDLINE,91,Gujarat,Contact added through Website form,2024-04-19 06:35:04,,293701812,9198777291,,Ankit Joshi,53,India,,5618010,,7570000159,False,True,False,False,False,False,False,False,True,False,False,False,True,True,[],0,[],[],2024-05-06 11:58:56,11:58 AM,Can I get a discount?,,,False,[],[],,True,[],False,True,marketplace,#00AEEF,7570000159,,3,1755500638
Ahmedabad,76020,Diamond Earrings,LANDLINE,91,Gujarat,Added manually,2024-04-17 14:25:52,,224064874,9723872620,,Ankit Singh,51,India,,5013406,,7570000160,True,False,True,False,False,True,False,True,True,False,False,False,False,True,[],0,[],[],2024-05-08 20:48:21,8:48 PM,Please share price and images,,,False,[],[],,False,[],False,False,ad,#22C55E,7570000160,,4,
Ahmedabad,73781,Mangalsutra,LANDLINE,91,Gujarat,Imported from CSV,2024-02-24 02:29:02,,284338531,9144534648,,Neha Nair,51,India,,5988181,,7570000161,False,False,True,False,False,False,False,False,False,True,True,True,False,True,[],0,[],[],2024-03-19 06:51:11,6:51 AM,Can I get a discount?,,,False,[],[],,False,[],False,True,organic,#FF5733,7570000161,,5,
Ahmedabad,77056,Diamond Earrings,MOBILE,91,Gujarat,Added manually,2024-04-22 20:42:40,,218050706,9768501922,,Pooja Kumar,54,India,,5327637,,7570000162,False,False,True,True,True,True,False,False,True,True,False,False,True,True,[],0,[],[],2024-05-16 16:14:51,4:14 PM,Please share price and images,,,True,[],[],,True,[],True,True,ad,#00AEEF,7570000162,0,5,
Jaipur,75531,Polki Necklace Set,LANDLINE,91,Rajasthan,Contact added through Website form,2025-04-16 23:56:54,Shree Enterprises,222787384,9578120648,,Priya Kohli,54,India,,5020669,,7570000163,True,False,True,False,False,False,False,False,True,True,False,False,False,False,[],0,[],[],2025-05-07 12:09:54,12:09 PM,Need details about Pearl Necklace,,,True,[],[],,False,[],False,True,referral,#22C55E,7570000163,0,4,1755759838
Jaipur,79697,Polki Earrings,LANDLINE,91,Rajasthan,Added manually,2025-06-27 17:18:14,,245209639,9072230370,,Priya Naik,53,India,,5286643,,7570000164,False,False,False,True,False,True,False,False,False,False,False,False,False,True,[],0,[],[],2025-07-18 10:55:05,10:55 AM,Interested - send more pics,,2025-07-18 10:55:05,False,[],[],,True,[],True,True,referral,#22C55E,7570000164,,1,
Kolkata,74373,Polki Necklace Set,MOBILE,91,West Bengal,Added via app,2024-08-29 14:46:37,,238526473,9172426088,,Priya Mehta,54,India,,5677424,,7570000165,True,False,True,False,False,True,False,False,True,True,True,True,False,True,[],0,[],[],2024-09-10 04:37:48,4:37 AM,Need details about Polki Necklace Set,,,False,[],[],,True,[],False,False,organic,#22C55E,7570000165,,0,1755155038
Pune,78196,Gold Ring,LANDLINE,91,Maharashtra,Added via app,2025-06-21 09:10:04,Shree Enterprises,216192377,9713197718,9832274313,Rohit Patel,52,India,,5547312,,7570000166,True,False,True,False,False,False,False,False,False,True,True,False,False,True,[],0,[],[],2025-07-15 11:34:30,11:34 AM,Please share price and images,,,False,[],[],,True,[],True,False,ad,#00AEEF,7570000166,1,0,
Udaipur,79925,Silver Anklet,MOBILE,91,Rajasthan,Imported from CSV,2024-02-25 08:43:34,Shree Enterprises,204672042,9793978083,,Anushka Kohli,51,India,,5882348,,7570000167,False,False,True,False,False,True,True,False,False,True,False,True,False,True,[],0,[],[],2024-03-08 15:28:21,3:28 PM,Can I get a discount?,,,False,[],[],,True,[],False,True,ad,#00AEEF,7570000167,0,4,
Pune,78973,Diamond Earrings,MOBILE,91,Maharashtra,Added manually,2024-02-23 23:21:06,,299023896,9486686097,,Anushka Agarwal,53,India,,5342641,,7570000168,True,True,True,False,False,True,False,False,False,False,False,True,True,True,[],0,[],[],2024-03-03 21:25:25,9:25 PM,Interested - send more pics,,,False,[],[],,True,[],True,False,referral,#FF5733,7570000168,3,5,
Delhi,70339,Diamond Earrings,MOBILE,91,Delhi,Added manually,2024-08-22 03:14:22,,203082993,9599717002,,Siddharth Naik,53,India,,5967953,,7570000169,True,False,True,True,True,True,False,False,False,True,False,True,True,False,[],0,[],[],2024-09-13 14:00:12,2:00 PM,Please share price and images,,2024-09-13 14:00:12,False,[],[],,False,[],True,False,ad,#FF5733,7570000169,2,1,1755327838
Mumbai,76693,Polki Necklace Set,LANDLINE,91,Maharashtra,Imported from CSV,2025-04-06 09:02:27,Shree Enterprises,219588118,9311592314,9252850765,Ankit Agarwal,52,India,,5030170,,7570000170,False,False,True,True,True,True,False,False,False,False,True,True,False,True,[],0,[],[],2025-04-24 07:42:00,7:42 AM,Can I get a discount?,,,True,[],[],,True,[],True,True,ad,#00AEEF,7570000170,,4,
Ahmedabad,72161,Pearl Necklace,LANDLINE,91,Gujarat,Added via app,2024-05-25 09:28:51,Rising Exports,212032348,9762631115,,Arjun Chopra,53,India,,5332731,,7570000171,False,False,True,False,False,True,False,False,True,False,False,True,True,False,[],0,[],[],2024-05-31 01:36:42,1:36 AM,Can I get a discount?,,2024-05-31 01:36:42,False,[],[],,False,[],True,False,organic,#22C55E,7570000171,,2,
Ahmedabad,78077,Polki Earrings,MOBILE,91,Gujarat,Contact added through Website form,2024-12-23 03:24:25,,215098270,9772840670,9132772727,Isha Nair,52,India,,5886925,,7570000172,True,False,False,True,False,True,False,True,False,False,True,False,True,True,[],0,[],[],2025-01-02 00:46:26,12:46 AM,Can I get a discount?,,,False,[],[],,False,[],False,False,organic,#00AEEF,7570000172,,2,1755759838
Pune,72118,Mangalsutra,LANDLINE,91,Maharashtra,Imported from CSV,2024-11-26 02:01:19,,228369179,9052272164,9303819555,Maya Chopra,54,India,,5905213,,7570000173,True,False,True,True,False,False,False,False,True,False,False,False,False,True,[],0,[],[],2024-11-29 12:25:17,12:25 PM,Please share price and images,,,False,[],[],,True,[],True,False,marketplace,#22C55E,7570000173,,4,
Kolkata,71478,Silver Anklet,LANDLINE,91,West Bengal,Imported from CSV,2025-03-20 22:57:45,,256711868,9395390429,,Deepak Mishra,52,India,,5850389,,7570000174,True,False,False,True,True,False,False,False,True,True,False,True,False,True,[],0,[],[],2025-04-10 15:18:30,3:18 PM,Interested - send more pics,,2025-04-10 15:18:30,True,[],[],,True,[],False,True,marketplace,#22C55E,7570000174,0,0,
Chennai,74175,Gold Ring,LANDLINE,91,Tamil Nadu,Added via app,2024-04-26 16:51:10,,278593591,9825328186,,Deepak Jain,54,India,,5085741,,7570000175,False,False,True,False,False,True,False,False,True,False,True,True,False,True,[],0,[],[],2024-05-05 10:02:46,10:02 AM,Is this available in stock?,,,False,[],[],,True,[],False,True,marketplace,#00AEEF,7570000175,,1,
Kolkata,74958,Diamond Earrings,MOBILE,91,West Bengal,Added manually,2024-04-24 00:34:42,Golden Jewels,211762188,9145077501,,Manish Rathore,51,India,,5131165,,7570000176,False,False,False,True,True,True,True,False,False,False,False,True,False,False,[],0,[],[],2024-05-03 03:52:18,3:52 AM,Please share price and images,,,False,[],[],,True,[],False,True,organic,#22C55E,7570000176,0,0,1755587038
Hyderabad,74764,Silver Anklet,MOBILE,91,Telangana,Added via app,2025-05-14 08:26:36,Shree Enterprises,204968366,9429153534,,Deepak Mishra,54,India,,5511177,,7570000177,False,False,False,True,True,True,False,False,False,False,False,True,False,False,[],0,[],[],2025-05-17 07:10:09,7:10 AM,Interested - send more pics,,,False,[],[],,True,[],False,True,marketplace,#22C55E,7570000177,0,4,1755414238
Pune,73394,Pearl Necklace,MOBILE,91,Maharashtra,Added manually,2025-05-09 04:42:00,Shree Enterprises,237910765,9804505683,,Arjun Kumar,53,India,,5724248,,7570000178,True,True,True,False,False,False,False,False,True,True,True,True,False,True,[],0,[],[],2025-05-17 14:35:55,2:35 PM,Interested - send more pics,,2025-05-17 14:35:55,True,[],[],,False,[],False,False,referral,#F4B536,7570000178,1,1,
Mumbai,78444,Polki Necklace Set,MOBILE,91,Maharashtra,Imported from CSV,2025-03-24 16:38:37,,281106361,9111821641,9994963635,Isha Jain,52,India,,5702006,,7570000179,True,False,False,True,False,True,True,False,False,False,False,True,True,True,[],0,[],[],2025-03-30 01:53:14,1:53 AM,Need details about Mangalsutra,,2025-03-30 01:53:14,False,[],[],,False,[],False,True,ad,#F4B536,7570000179,0,0,
Delhi,72483,Pearl Necklace,MOBILE,91,Delhi,Contact added through Website form,2025-03-15 15:03:06,,271088456,9845266468,,Raj Rathore,51,India,,5442207,,7570000180,False,False,False,False,False,True,False,True,True,True,True,True,False,True,[],0,[],[],2025-04-04 11:55:53,11:55 AM,Can I get a discount?,,,False,[],[],,True,[],False,False,referral,#F4B536,7570000180,,3,1755673438
Kolkata,77310,Polki Necklace Set,LANDLINE,91,West Bengal,Added manually,2025-03-28 12:34:12,,286420023,9953031508,,Manish Gupta,52,India,,5215098,,7570000181,True,True,False,False,False,True,True,True,True,True,False,True,False,True,[],0,[],[],2025-04-17 03:51:11,3:51 AM,Need details about Gold Ring,,,False,[],[],,True,[],False,False,organic,#F4B536,7570000181,,1,
Bengaluru,79378,Polki Earrings,LANDLINE,91,Karnataka,Imported from CSV,2024-08-29 21:10:30,,298899500,9486563056,,Ravi Bhat,52,India,,5005466,,7570000182,False,False,False,True,True,True,False,False,False,False,True,True,False,False,[],0,[],[],2024-09-26 08:08:36,8:08 AM,Is this available in stock?,,,False,[],[],,True,[],False,False,marketplace,#00AEEF,7570000182,0,5,
Ahmedabad,76830,Kundan Bracelet,LANDLINE,91,Gujarat,Added manually,2025-04-13 04:42:38,,221856387,9543083464,,Raj Bhat,52,India,,5151357,,7570000183,True,False,True,True,False,True,False,True,True,False,False,False,False,True,[],0,[],[],2025-05-08 02:36:53,2:36 AM,Can I get a discount?,,2025-05-08 02:36:53,True,[],[],,True,[],False,False,organic,#00AEEF,7570000183,0,4,1755241438
Udaipur,72004,Mangalsutra,LANDLINE,91,Rajasthan,Imported from CSV,2025-05-07 20:51:52,,273489212,9072546866,9448367904,Kavita Nair,54,India,,5365584,,7570000184,False,False,False,False,True,True,False,False,False,False,False,False,False,True,[],0,[],[],2025-05-22 21:41:35,9:41 PM,Please share price and images,,,True,[],[],,True,[],True,True,referral,#F4B536,7570000184,0,4,
Pune,78877,Diamond Earrings,MOBILE,91,Maharashtra,Added via app,2024-07-12 17:19:28,,277424245,9056773435,9560228870,Priya Mehta,52,India,,5794417,,7570000185,True,False,False,True,False,True,False,False,True,False,True,True,False,True,[],0,[],[],2024-08-06 02:56:27,2:56 AM,Need details about Polki Earrings,,2024-08-06 02:56:27,True,[],[],,True,[],True,False,ad,#FF5733,7570000185,0,0,
Bengaluru,76672,Mangalsutra,MOBILE,91,Karnataka,Added via app,2024-11-29 06:36:24,,291081300,9063258139,,Priya Gupta,53,India,,5177409,,7570000186,False,True,True,False,False,True,False,False,False,True,False,True,False,True,[],0,[],[],2024-11-30 14:15:48,2:15 PM,Can I get a discount?,,,True,[],[],,False,[],True,False,ad,#F4B536,7570000186,0,5,
Delhi,79088,Silver Anklet,MOBILE,91,Delhi,Imported from CSV,2025-02-20 16:14:15,,287449682,9134831205,,Deepak Patel,54,India,,5823356,,7570000187,True,True,False,False,False,True,True,False,False,True,False,True,False,True,[],0,[],[],2025-02-24 17:59:52,5:59 PM,Interested - send more pics,,,False,[],[],,True,[],True,True,organic,#00AEEF,7570000187,,5,
Hyderabad,74578,Kundan Bracelet,LANDLINE,91,Telangana,Added via app,2024-11-21 12:28:29,,257977016,9655460660,,Ravi Gupta,53,India,,5221092,,7570000188,True,True,False,True,True,True,False,False,False,True,False,False,False,True,[],0,[],[],2024-12-04 04:58:54,4:58 AM,Interested - send more pics,,2024-12-04 04:58:54,False,[],[],,True,[],True,False,marketplace,#00AEEF,7570000188,0,5,
Ahmedabad,76069,Polki Earrings,MOBILE,91,Gujarat,Imported from CSV,2024-01-21 10:14:08,Rising Exports,225902794,9010053768,,Amit Patel,51,India,,5466173,,7570000189,False,False,True,False,False,True,False,False,True,True,False,True,False,False,[],0,[],[],2024-02-07 19:07:38,7:07 PM,Interested - send more pics,,2024-02-07 19:07:38,True,[],[],,True,[],False,True,ad,#00AEEF,7570000189,0,1,
Pune,74143,Polki Earrings,MOBILE,91,Maharashtra,Added manually,2025-03-13 23:20:12,,291359370,9948223480,,Amit Khan,51,India,,5587324,,7570000190,True,False,False,True,False,True,False,False,False,False,True,True,True,True,[],0,[],[],2025-03-16 11:45:40,11:45 AM,Is this available in stock?,,2025-03-16 11:45:40,False,[],[],,False,[],True,True,organic,#F4B536,7570000190,0,2,
Chennai,74102,Pearl Necklace,MOBILE,91,Tamil Nadu,Added manually,2024-12-14 01:58:54,,233172390,9508498927,,Amit Naik,51,India,,5113079,,7570000191,True,False,False,True,False,True,False,True,False,True,False,True,True,True,[],0,[],[],2024-12-30 06:38:25,6:38 AM,Please share price and images,,,False,[],[],,True,[],False,False,ad,#F4B536,7570000191,,4,
Pune,71659,Polki Necklace Set,MOBILE,91,Maharashtra,Imported from CSV,2025-06-13 11:56:57,Golden Jewels,245582551,9725609063,9487561211,Maya Agarwal,53,India,,5682540,,7570000192,False,False,False,True,False,True,True,True,True,False,False,True,False,True,[],0,[],[],2025-07-12 00:48:04,12:48 AM,Interested - send more pics,,,True,[],[],,True,[],False,False,referral,#00AEEF,7570000192,,1,
Pune,72369,Kundan Bracelet,MOBILE,91,Maharashtra,Added via app,2024-02-25 15:22:00,,207693044,9544502921,9600704768,Amit Joshi,54,India,,5248918,,7570000193,False,False,False,False,False,False,True,True,False,False,False,True,True,False,[],0,[],[],2024-03-13 07:56:29,7:56 AM,Can I get a discount?,,,True,[],[],,False,[],False,False,marketplace,#FF5733,7570000193,1,1,
Udaipur,71208,Polki Necklace Set,MOBILE,91,Rajasthan,Imported from CSV,2024-10-24 16:02:05,,248034735,9595595576,,Amit Rathore,52,India,,5031475,,7570000194,True,False,False,False,False,True,True,False,False,False,True,True,True,True,[],0,[],[],2024-11-03 02:31:52,2:31 AM,Please share price and images,,,False,[],[],,False,[],True,False,referral,#FF5733,7570000194,,5,1755759838
Jaipur,72366,Kundan Bracelet,MOBILE,91,Rajasthan,Imported from CSV,2025-01-22 13:37:34,Rising Exports,217554964,9203625615,,Raj Singh,52,India,,5833511,,7570000195,True,True,False,False,False,True,False,False,True,True,True,False,False,True,[],0,[],[],2025-02-07 00:03:59,12:03 AM,Interested - send more pics,,,False,[],[],,False,[],False,False,ad,#00AEEF,7570000195,3,4,
Ahmedabad,77762,Mangalsutra,MOBILE,91,Gujarat,Added via app,2024-02-07 07:32:38,,236015375,9430512565,,Karan Nair,54,India,,5609418,,7570000196,False,False,False,True,False,True,False,False,False,False,True,False,False,True,[],0,[],[],2024-02-17 23:18:37,11:18 PM,Can I get a discount?,,,False,[],[],,False,[],False,False,referral,#22C55E,7570000196,,1,
Bengaluru,71243,Kundan Bracelet,MOBILE,91,Karnataka,Contact added through Website form,2025-05-28 18:40:12,,248196637,9088496207,,Maya Reddy,51,India,,5945265,,7570000197,False,False,False,False,False,False,False,False,True,True,False,True,False,True,[],0,[],[],2025-06-24 07:33:56,7:33 AM,Please share price and images,,2025-06-24 07:33:56,False,[],[],,False,[],False,True,organic,#22C55E,7570000197,0,5,
Delhi,73717,Gold Ring,LANDLINE,91,Delhi,Imported from CSV,2025-06-12 21:22:19,,297084499,9225351588,,Sneha Kapoor,54,India,,5785527,,7570000198,False,False,False,True,False,True,False,False,False,True,True,False,False,True,[],0,[],[],2025-07-09 17:12:55,5:12 PM,Is this available in stock?,,,False,[],[],,True,[],False,False,referral,#F4B536,7570000198,0,3,
Mumbai,75410,Mangalsutra,MOBILE,91,Maharashtra,Added manually,2025-08-10 14:13:54,,276261289,9858076247,,Rahul Gupta,54,India,,5660434,,7570000199,True,False,True,False,True,True,False,False,True,False,False,True,False,True,[],0,[],[],2025-08-10 14:13:54,2:13 PM,Is this available in stock?,,2025-08-10 14:13:54,True,[],[],,False,[],True,False,organic,#FF5733,7570000199,,1,
Mumbai,71814,Mangalsutra,LANDLINE,91,Maharashtra,Imported from CSV,2024-03-11 14:09:46,,217332564,9449267758,,Raj Kapoor,53,India,,5562511,,7570000200,False,False,True,True,False,False,True,False,True,True,False,True,False,True,[],0,[],[],2024-03-21 14:43:44,2:43 PM,Interested - send more pics,,2024-03-21 14:43:44,True,[],[],,False,[],False,False,referral,#00AEEF,7570000200,0,1,
Delhi,72942,Diamond Earrings,LANDLINE,91,Delhi,Added via app,2024-07-06 20:42:09,,282911191,9463938734,,Kavita Agarwal,51,India,,5768862,,7570000201,False,False,False,True,False,True,True,False,False,False,False,False,True,True,[],0,[],[],2024-07-11 12:00:28,12:00 PM,Need details about Pearl Necklace,,2024-07-11 12:00:28,False,[],[],,False,[],False,True,marketplace,#FF5733,7570000201,,3,
Jaipur,72236,Pearl Necklace,MOBILE,91,Rajasthan,Added manually,2025-04-17 02:29:03,Golden Jewels,243904009,9803884763,,Amit Jain,52,India,,5702855,,7570000202,True,False,False,True,False,True,True,True,False,False,False,False,True,False,[],0,[],[],2025-04-21 02:39:37,2:39 AM,Interested - send more pics,,2025-04-21 02:39:37,True,[],[],,True,[],False,True,organic,#22C55E,7570000202,1,4,
Pune,70076,Mangalsutra,MOBILE,91,Maharashtra,Contact added through Website form,2024-09-12 13:38:25,,206531664,9405225360,9997313476,Maya Verma,52,India,,5809930,,7570000203,True,True,False,False,False,True,False,True,False,False,False,True,True,True,[],0,[],[],2024-09-24 03:33:35,3:33 AM,Need details about Mangalsutra,,2024-09-24 03:33:35,True,[],[],,False,[],False,True,organic,#22C55E,7570000203,,1,
Delhi,77516,Pearl Necklace,MOBILE,91,Delhi,Imported from CSV,2025-01-12 01:35:59,,229540811,9706480997,9697873124,Amit Kapoor,51,India,,5069223,,7570000204,False,False,False,False,False,True,False,True,False,False,False,False,False,False,[],0,[],[],2025-01-15 08:02:46,8:02 AM,Is this available in stock?,,2025-01-15 08:02:46,True,[],[],,False,[],True,True,marketplace,#FF5733,7570000204,0,1,
Chennai,78171,Polki Earrings,LANDLINE,91,Tamil Nadu,Contact added through Website form,2024-02-08 08:40:03,,239810955,9162855048,,Rahul Gupta,54,India,,5211824,,7570000205,True,False,False,False,False,True,True,True,True,True,False,True,False,True,[],0,[],[],2024-03-08 09:28:32,9:28 AM,Can I get a discount?,,,True,[],[],,False,[],True,True,organic,#FF5733,7570000205,,3,1755155038
Pune,78992,Mangalsutra,MOBILE,91,Maharashtra,Imported from CSV,2025-04-23 11:20:24,,227430524,9544842967,,Priya Kumar,54,India,,5247789,,7570000206,False,False,True,False,False,False,True,False,False,False,False,True,False,True,[],0,[],[],2025-05-01 10:35:55,10:35 AM,Can I get a discount?,,,False,[],[],,True,[],False,True,ad,#00AEEF,7570000206,,5,
Bengaluru,76146,Polki Necklace Set,LANDLINE,91,Karnataka,Added manually,2024-05-19 17:05:06,,275449435,9516302679,,Pooja Bhat,54,India,,5635463,,7570000207,False,False,False,False,True,False,True,True,False,True,False,True,False,True,[],0,[],[],2024-05-29 05:06:37,5:06 AM,Interested - send more pics,,,False,[],[],,True,[],True,True,marketplace,#22C55E,7570000207,,1,
Udaipur,75921,Kundan Bracelet,MOBILE,91,Rajasthan,Contact added through Website form,2024-05-31 09:30:53,,284685039,9726306463,,Rohit Nair,51,India,,5740880,,7570000208,False,True,False,False,False,True,False,False,False,True,False,True,False,True,[],0,[],[],2024-06-29 18:53:54,6:53 PM,Need details about Gold Ring,,,False,[],[],,True,[],False,True,ad,#22C55E,7570000208,0,3,
Ahmedabad,70025,Diamond Earrings,LANDLINE,91,Gujarat,Imported from CSV,2025-06-21 15:10:36,,213001760,9830800901,,Amit Kumar,52,India,,5073234,,7570000209,True,True,False,False,False,True,True,False,True,False,False,False,False,True,[],0,[],[],2025-07-05 15:07:02,3:07 PM,Need details about Diamond Earrings,,2025-07-05 15:07:02,False,[],[],,True,[],False,True,referral,#F4B536,7570000209,,5,
Jaipur,70155,Polki Earrings,LANDLINE,91,Rajasthan,Added manually,2024-02-12 03:31:33,,208194860,9807237702,9714384353,Arjun Nair,54,India,,5279005,,7570000210,False,False,False,False,False,True,False,False,True,False,False,True,True,True,[],0,[],[],2024-02-22 09:26:17,9:26 AM,Is this available in stock?,,2024-02-22 09:26:17,True,[],[],,True,[],False,True,ad,#00AEEF,7570000210,0,4,
Kolkata,73079,Pearl Necklace,LANDLINE,91,West Bengal,Contact added through Website form,2025-01-03 01:39:57,,200419981,9872543056,,Arjun Joshi,54,India,,5669068,,7570000211,False,False,False,False,False,True,False,True,True,False,True,False,False,True,[],0,[],[],2025-01-18 20:55:48,8:55 PM,Can I get a discount?,,,False,[],[],,True,[],False,True,ad,#FF5733,7570000211,,5,
Kolkata,70478,Pearl Necklace,MOBILE,91,West Bengal,Imported from CSV,2025-01-27 10:12:27,Shree Enterprises,221506414,9997471104,,Priya Patel,51,India,,5974130,,7570000212,True,True,False,False,False,True,False,False,False,False,False,False,True,True,[],0,[],[],2025-02-07 02:57:51,2:57 AM,Need details about Gold Ring,,2025-02-07 02:57:51,True,[],[],,True,[],True,True,referral,#FF5733,7570000212,2,5,1755500638
Bengaluru,71013,Mangalsutra,MOBILE,91,Karnataka,Added manually,2024-11-23 13:17:24,,279196483,9203858121,9454942797,Deepak Sharma,53,India,,5561620,,7570000213,False,False,True,False,False,True,False,True,False,False,True,False,False,True,[],0,[],[],2024-11-29 16:26:55,4:26 PM,Can I get a discount?,,2024-11-29 16:26:55,False,[],[],,True,[],False,True,ad,#FF5733,7570000213,,4,
Ahmedabad,76419,Pearl Necklace,LANDLINE,91,Gujarat,Added manually,2024-01-23 19:56:59,,240144760,9707864626,9170932417,Rahul Kumar,53,India,,5854602,,7570000214,True,False,True,False,False,True,True,False,False,True,False,True,True,True,[],0,[],[],2024-02-11 20:59:43,8:59 PM,Please share price and images,,,True,[],[],,True,[],False,True,organic,#00AEEF,7570000214,3,2,
Mumbai,76169,Gold Ring,LANDLINE,91,Maharashtra,Added manually,2024-02-27 03:29:49,Shree Enterprises,257325876,9903725644,,Deepak Patel,52,India,,5712449,,7570000215,True,False,False,True,False,True,False,False,False,True,True,False,False,True,[],0,[],[],2024-03-15 09:46:55,9:46 AM,Can I get a discount?,,,True,[],[],,True,[],True,True,marketplace,#FF5733,7570000215,,3,
Ahmedabad,74484,Silver Anklet,MOBILE,91,Gujarat,Imported from CSV,2025-01-28 17:37:43,,293110307,9101525763,9194450987,Deepak Naik,51,India,,5781565,,7570000216,False,True,False,True,False,True,True,False,True,False,False,False,True,True,[],0,[],[],2025-02-18 18:52:30,6:52 PM,Interested - send more pics,,2025-02-18 18:52:30,True,[],[],,True,[],False,False,organic,#F4B536,7570000216,,2,1755673438
Hyderabad,72811,Pearl Necklace,LANDLINE,91,Telangana,Added via app,2024-11-03 01:40:51,,256780987,9706693247,,Pooja Rathore,52,India,,5991143,,7570000217,True,False,True,False,False,False,True,False,True,True,False,False,True,True,[],0,[],[],2024-11-28 06:52:33,6:52 AM,Interested - send more pics,,2024-11-28 06:52:33,False,[],[],,True,[],True,False,marketplace,#F4B536,7570000217,,2,1755500638
Delhi,71156,Diamond Earrings,LANDLINE,91,Delhi,Added manually,2024-07-16 13:32:57,,284499213,9289265706,9748186455,Sneha Khan,52,India,,5768265,,7570000218,False,True,False,True,False,True,False,True,False,False,False,True,True,True,[],0,[],[],2024-08-12 22:14:23,10:14 PM,Need details about Polki Necklace Set,,,True,[],[],,False,[],True,True,ad,#00AEEF,7570000218,0,5,
Hyderabad,75716,Mangalsutra,MOBILE,91,Telangana,Added via app,2024-10-04 22:07:01,Shree Enterprises,294013550,9929214402,,Arjun Patel,54,India,,5599951,,7570000219,False,True,False,False,False,True,False,False,True,True,False,True,True,True,[],0,[],[],2024-10-09 17:32:14,5:32 PM,Is this available in stock?,,,False,[],[],,False,[],False,False,referral,#22C55E,7570000219,0,0,
Jaipur,75007,Polki Necklace Set,MOBILE,91,Rajasthan,Added via app,2024-03-22 02:47:32,,254561490,9335798700,9681478902,Rohit Kohli,54,India,,5808010,,7570000220,False,False,False,True,True,False,True,False,True,True,False,True,False,True,[],0,[],[],2024-04-02 18:27:19,6:27 PM,Interested - send more pics,,,True,[],[],,True,[],False,True,ad,#FF5733,7570000220,1,0,
Chennai,70834,Polki Earrings,LANDLINE,91,Tamil Nadu,Added via app,2024-04-25 12:18:16,,256736822,9407049911,,Sneha Joshi,51,India,,5519577,,7570000221,True,False,False,True,False,True,False,True,False,False,False,False,False,True,[],0,[],[],2024-05-07 15:18:07,3:18 PM,Need details about Gold Ring,,,True,[],[],,False,[],False,True,organic,#22C55E,7570000221,0,4,
Hyderabad,72518,Silver Anklet,LANDLINE,91,Telangana,Added via app,2024-06-08 23:54:26,,255125778,9980443443,,Priya Joshi,52,India,,5129858,,7570000222,True,False,False,True,False,True,False,False,True,False,False,True,True,True,[],0,[],[],2024-06-21 03:20:07,3:20 AM,Is this available in stock?,,,False,[],[],,True,[],True,True,ad,#22C55E,7570000222,0,1,1755327838
Ahmedabad,79013,Polki Necklace Set,MOBILE,91,Gujarat,Imported from CSV,2025-02-13 18:16:19,,266513956,9732008973,9348845506,Ravi Agarwal,51,India,,5838672,,7570000223,True,False,False,True,False,False,False,False,False,False,False,True,False,False,[],0,[],[],2025-03-04 15:18:47,3:18 PM,Is this available in stock?,,2025-03-04 15:18:47,True,[],[],,False,[],False,True,marketplace,#FF5733,7570000223,,1,
Pune,72968,Polki Earrings,MOBILE,91,Maharashtra,Imported from CSV,2024-06-01 08:21:05,,225322723,9634792087,,Ravi Joshi,52,India,,5896398,,7570000224,True,False,False,False,False,True,False,False,False,False,False,True,True,True,[],0,[],[],2024-06-07 04:41:55,4:41 AM,Please share price and images,,,False,[],[],,True,[],False,True,referral,#F4B536,7570000224,,1,
Chennai,73473,Polki Earrings,MOBILE,91,Tamil Nadu,Contact added through Website form,2025-03-17 06:43:47,,238294595,9300818814,9108192050,Amit Verma,52,India,,5494988,,7570000225,False,False,False,False,False,True,False,False,False,False,True,True,False,True,[],0,[],[],2025-03-29 12:38:14,12:38 PM,Interested - send more pics,,,True,[],[],,True,[],False,False,organic,#F4B536,7570000225,0,3,1755759838
Ahmedabad,73309,Silver Anklet,LANDLINE,91,Gujarat,Added manually,2024-07-15 15:13:35,,271612882,9165004433,,Vikram Kohli,51,India,,5755781,,7570000226,True,False,False,True,False,True,False,False,False,False,True,True,True,True,[],0,[],[],2024-08-11 08:36:01,8:36 AM,Interested - send more pics,,,True,[],[],,True,[],False,True,marketplace,#22C55E,7570000226,2,5,
Mumbai,70058,Kundan Bracelet,LANDLINE,91,Maharashtra,Added via app,2024-01-10 18:40:13,,221475246,9233869257,,Neha Mehta,52,India,,5599678,,7570000227,True,False,False,True,False,False,True,False,True,True,False,True,False,True,[],0,[],[],2024-02-01 21:17:50,9:17 PM,Please share price and images,,,False,[],[],,False,[],True,True,referral,#FF5733,7570000227,0,4,
Chennai,70938,Mangalsutra,LANDLINE,91,Tamil Nadu,Imported from CSV,2024-10-13 06:26:05,Golden Jewels,284014298,9011175709,9235449670,Manish Kohli,53,India,,5855556,,7570000228,True,False,True,True,False,True,False,False,False,False,False,True,False,False,[],0,[],[],2024-10-25 16:40:53,4:40 PM,Is this available in stock?,,,True,[],[],,True,[],False,False,ad,#00AEEF,7570000228,0,0,
Kolkata,79958,Polki Necklace Set,MOBILE,91,West Bengal,Added manually,2024-09-08 16:34:00,,225212534,9154105962,,Kavita Kumar,51,India,,5072827,,7570000229,True,False,True,True,False,True,False,True,True,False,False,True,True,False,[],0,[],[],2024-09-28 05:31:05,5:31 AM,Can I get a discount?,,,False,[],[],,True,[],False,False,marketplace,#FF5733,7570000229,1,0,
Hyderabad,72016,Kundan Bracelet,MOBILE,91,Telangana,Imported from CSV,2024-10-30 03:44:03,,202846476,9047809267,,Isha Jain,52,India,,5864996,,7570000230,False,False,False,True,True,False,True,True,True,False,False,False,True,True,[],0,[],[],2024-11-23 23:43:27,11:43 PM,Please share price and images,,,True,[],[],,True,[],False,True,ad,#22C55E,7570000230,,3,
Kolkata,72461,Silver Anklet,LANDLINE,91,West Bengal,Contact added through Website form,2024-10-20 12:41:03,,289559917,9323801630,,Manish Kumar,52,India,,5720540,,7570000231,False,False,False,True,False,True,True,False,False,False,True,False,True,False,[],0,[],[],2024-10-25 13:45:45,1:45 PM,Please share price and images,,,False,[],[],,False,[],False,False,referral,#FF5733,7570000231,3,2,1755241438
Hyderabad,78144,Kundan Bracelet,MOBILE,91,Telangana,Imported from CSV,2024-08-23 14:00:13,,272309430,9528926733,,Siddharth Agarwal,52,India,,5559699,,7570000232,False,False,True,True,True,False,False,False,False,False,False,True,False,False,[],0,[],[],2024-08-27 15:25:31,3:25 PM,Is this available in stock?,,2024-08-27 15:25:31,True,[],[],,True,[],False,True,ad,#22C55E,7570000232,3,4,
Udaipur,71736,Kundan Bracelet,MOBILE,91,Rajasthan,Contact added through Website form,2024-06-10 01:05:56,,288952439,9079210250,,Raj Rathore,54,India,,5609859,,7570000233,True,False,False,False,False,False,False,False,False,True,True,False,True,False,[],0,[],[],2024-06-17 04:14:03,4:14 AM,Need details about Polki Necklace Set,,,True,[],[],,True,[],True,True,marketplace,#22C55E,7570000233,,2,
Bengaluru,79372,Kundan Bracelet,LANDLINE,91,Karnataka,Contact added through Website form,2024-06-09 09:53:48,,267360178,9761661789,,Maya Khan,52,India,,5320899,,7570000234,False,False,False,True,False,True,True,False,False,False,False,True,True,True,[],0,[],[],2024-06-13 21:00:37,9:00 PM,Interested - send more pics,,,False,[],[],,True,[],True,False,ad,#F4B536,7570000234,,4,
Bengaluru,73075,Pearl Necklace,MOBILE,91,Karnataka,Contact added through Website form,2024-10-02 03:05:46,,274046763,9685464921,9258057908,Manish Sharma,53,India,,5211524,,7570000235,False,False,False,False,False,False,False,False,True,True,True,False,False,True,[],0,[],[],2024-10-29 19:20:14,7:20 PM,Need details about Diamond Earrings,,,False,[],[],,False,[],False,True,referral,#FF5733,7570000235,0,4,
Jaipur,73794,Diamond Earrings,LANDLINE,91,Rajasthan,Added via app,2024-06-13 18:15:48,,228943676,9731711820,,Maya Singh,54,India,,5846699,,7570000236,False,False,True,True,False,True,False,False,True,False,False,False,False,True,[],0,[],[],2024-07-08 19:47:50,7:47 PM,Need details about Pearl Necklace,,,True,[],[],,False,[],True,True,referral,#00AEEF,7570000236,0,5,
Ahmedabad,74226,Polki Earrings,LANDLINE,91,Gujarat,Added manually,2024-05-23 04:30:48,Golden Jewels,263520009,9819422169,9698245804,Priya Kumar,54,India,,5268463,,7570000237,False,False,True,True,False,False,False,True,True,True,False,True,False,True,[],0,[],[],2024-06-19 19:08:08,7:08 PM,Need details about Diamond Earrings,,2024-06-19 19:08:08,True,[],[],,True,[],False,True,ad,#22C55E,7570000237,0,3,1755068638
Ahmedabad,78767,Gold Ring,LANDLINE,91,Gujarat,Added via app,2024-04-20 14:27:08,Shree Enterprises,262391513,9092151258,,Anushka Bhat,52,India,,5114419,,7570000238,True,False,False,True,False,False,True,False,False,True,True,True,False,True,[],0,[],[],2024-05-11 15:04:01,3:04 PM,Can I get a discount?,,,True,[],[],,True,[],True,True,marketplace,#00AEEF,7570000238,0,1,
Mumbai,71134,Polki Necklace Set,MOBILE,91,Maharashtra,Added manually,2025-04-07 15:16:53,,236762949,9087734495,,Kavita Singh,53,India,,5424745,,7570000239,True,False,False,True,False,True,False,False,False,False,False,True,False,False,[],0,[],[],2025-05-03 02:41:31,2:41 AM,Interested - send more pics,,,False,[],[],,True,[],False,True,referral,#F4B536,7570000239,,1,
Ahmedabad,75184,Gold Ring,MOBILE,91,Gujarat,Imported from CSV,2025-06-17 00:08:01,,215248056,9723643269,,Maya Gupta,52,India,,5830489,,7570000240,True,False,True,False,False,True,False,True,False,False,True,False,False,True,[],0,[],[],2025-07-08 21:04:22,9:04 PM,Can I get a discount?,,,False,[],[],,False,[],False,False,referral,#F4B536,7570000240,3,1,1755587038
Mumbai,79056,Gold Ring,MOBILE,91,Maharashtra,Contact added through Website form,2024-10-18 15:55:43,,279845027,9582787203,,Raj Rathore,54,India,,5170558,,7570000241,False,True,False,True,True,True,False,False,True,False,False,True,False,True,[],0,[],[],2024-11-01 09:56:12,9:56 AM,Can I get a discount?,,,False,[],[],,False,[],False,True,marketplace,#F4B536,7570000241,,5,1755241438
Bengaluru,74333,Diamond Earrings,LANDLINE,91,Karnataka,Added via app,2024-09-04 00:09:04,,241258084,9969237823,9445298475,Karan Kohli,54,India,,5879214,,7570000242,False,False,False,True,True,True,False,False,False,True,False,False,False,False,[],0,[],[],2024-09-24 03:08:40,3:08 AM,Is this available in stock?,,2024-09-24 03:08:40,True,[],[],,True,[],True,True,marketplace,#00AEEF,7570000242,,0,1755155038
Jaipur,71528,Diamond Earrings,LANDLINE,91,Rajasthan,Added via app,2024-06-05 01:00:46,,203441373,9012388963,,Vikram Mehta,52,India,,5458669,,7570000243,True,False,False,True,False,True,True,False,True,False,True,True,False,True,[],0,[],[],2024-07-01 10:26:13,10:26 AM,Can I get a discount?,,,True,[],[],,True,[],True,False,referral,#FF5733,7570000243,,0,
Delhi,76402,Silver Anklet,LANDLINE,91,Delhi,Imported from CSV,2024-03-16 17:42:48,,213511929,9854098766,,Arjun Rathore,51,India,,5514889,,7570000244,True,True,False,False,False,True,False,True,True,True,False,True,True,True,[],0,[],[],2024-03-20 10:37:26,10:37 AM,Interested - send more pics,,,True,[],[],,True,[],False,True,ad,#F4B536,7570000244,0,1,
Mumbai,74384,Mangalsutra,MOBILE,91,Maharashtra,Added via app,2025-07-18 23:44:09,,236730893,9213929666,9374256340,Rohit Singh,53,India,,5504967,,7570000245,True,False,True,False,False,False,False,False,False,False,True,True,False,True,[],0,[],[],2025-08-02 06:38:40,6:38 AM,Interested - send more pics,,,True,[],[],,False,[],True,True,referral,#22C55E,7570000245,0,3,
Kolkata,70490,Silver Anklet,LANDLINE,91,West Bengal,Imported from CSV,2024-07-09 13:01:30,,215388056,9868700591,,Karan Rathore,51,India,,5188643,,7570000246,False,True,False,False,False,False,False,False,True,True,True,False,False,False,[],0,[],[],2024-07-21 10:50:28,10:50 AM,Need details about Kundan Bracelet,,,True,[],[],,True,[],False,False,marketplace,#00AEEF,7570000246,1,0,1755241438
Ahmedabad,78169,Polki Necklace Set,LANDLINE,91,Gujarat,Contact added through Website form,2025-04-08 06:13:51,,206280294,9452300048,,Ankit Verma,51,India,,5287745,,7570000247,False,False,False,True,True,False,False,True,True,False,True,False,False,True,[],0,[],[],2025-05-07 10:56:54,10:56 AM,Please share price and images,,,False,[],[],,True,[],False,False,marketplace,#F4B536,7570000247,,2,
Jaipur,76126,Diamond Earrings,MOBILE,91,Rajasthan,Imported from CSV,2024-01-11 05:03:04,,282943469,9031447949,,Maya Nair,53,India,,5107734,,7570000248,True,False,True,True,True,False,True,False,False,True,False,False,False,False,[],0,[],[],2024-01-16 07:32:35,7:32 AM,Interested - send more pics,,,True,[],[],,False,[],True,True,marketplace,#22C55E,7570000248,,2,
Delhi,79468,Gold Ring,LANDLINE,91,Delhi,Imported from CSV,2025-05-09 08:13:20,,264146251,9526244990,9345649694,Karan Joshi,52,India,,5693390,,7570000249,True,False,True,False,True,True,True,False,False,False,False,True,False,False,[],0,[],[],2025-05-13 19:10:34,7:10 PM,Please share price and images,,,True,[],[],,True,[],True,True,ad,#00AEEF,7570000249,2,2,
Hyderabad,73326,Pearl Necklace,MOBILE,91,Telangana,Contact added through Website form,2024-06-17 11:10:58,,253714593,9073700896,,Maya Mishra,54,India,,5197083,,7570000250,False,True,False,True,False,False,True,True,False,False,False,True,False,True,[],0,[],[],2024-07-15 11:43:07,11:43 AM,Need details about Silver Anklet,,,False,[],[],,True,[],True,True,marketplace,#22C55E,7570000250,,5,
Mumbai,79732,Kundan Bracelet,MOBILE,91,Maharashtra,Contact added through Website form,2025-03-19 03:58:31,Rising Exports,237034120,9652242470,,Ankit Kapoor,52,India,,5555286,,7570000251,True,False,True,True,False,False,True,False,False,False,False,True,True,True,[],0,[],[],2025-03-21 14:04:47,2:04 PM,Interested - send more pics,,2025-03-21 14:04:47,True,[],[],,True,[],True,True,marketplace,#00AEEF,7570000251,,5,1755241438
Jaipur,72730,Polki Earrings,MOBILE,91,Rajasthan,Imported from CSV,2024-01-14 17:16:46,,225144941,9966227216,,Kavita Chopra,51,India,,5348290,,7570000252,False,True,False,False,False,True,True,True,False,False,False,True,True,True,[],0,[],[],2024-02-04 11:50:43,11:50 AM,Please share price and images,,,False,[],[],,True,[],False,True,marketplace,#00AEEF,7570000252,,2,
Bengaluru,75467,Mangalsutra,MOBILE,91,Karnataka,Imported from CSV,2025-05-10 04:06:19,,269502107,9712896948,9968694254,Amit Rathore,51,India,,5812149,,7570000253,False,False,True,True,False,False,False,True,False,True,False,True,True,True,[],0,[],[],2025-05-23 06:36:18,6:36 AM,Please share price and images,,,False,[],[],,False,[],False,True,organic,#00AEEF,7570000253,,5,1755068638
Pune,75685,Diamond Earrings,LANDLINE,91,Maharashtra,Added manually,2024-05-30 16:58:41,,238709538,9008949508,,Raj Bhat,53,India,,5115543,,7570000254,False,True,True,False,True,True,False,False,True,False,False,True,True,True,[],0,[],[],2024-06-07 00:00:21,12:00 AM,Is this available in stock?,,,False,[],[],,True,[],False,True,ad,#F4B536,7570000254,2,4,
Kolkata,79588,Polki Earrings,LANDLINE,91,West Bengal,Added via app,2024-12-29 09:03:21,,210833778,9234996742,,Sneha Mehta,54,India,,5304928,,7570000255,True,False,False,False,False,True,True,False,False,False,False,True,False,True,[],0,[],[],2025-01-17 03:03:32,3:03 AM,Can I get a discount?,,,False,[],[],,True,[],True,True,marketplace,#00AEEF,7570000255,,3,
Chennai,77006,Polki Earrings,MOBILE,91,Tamil Nadu,Added via app,2025-07-26 00:57:43,,262619624,9440511842,,Anushka Bhat,53,India,,5440932,,7570000256,False,False,False,True,False,True,False,True,True,False,False,True,True,True,[],0,[],[],2025-07-26 00:57:43,12:57 AM,Please share price and images,,,False,[],[],,True,[],True,True,organic,#FF5733,7570000256,1,0,
Mumbai,73662,Gold Ring,MOBILE,91,Maharashtra,Imported from CSV,2024-11-14 00:14:05,,290688336,9915102590,,Isha Nair,51,India,,5670740,,7570000257,True,False,True,True,True,True,False,False,True,False,False,False,False,False,[],0,[],[],2024-12-07 13:14:54,1:14 PM,Interested - send more pics,,2024-12-07 13:14:54,False,[],[],,True,[],False,True,marketplace,#FF5733,7570000257,,4,
Delhi,72797,Pearl Necklace,LANDLINE,91,Delhi,Added via app,2025-05-02 17:29:35,,268654380,9751220552,,Kavita Gupta,51,India,,5777691,,7570000258,False,False,True,True,False,False,True,False,True,True,False,True,False,True,[],0,[],[],2025-05-16 19:24:34,7:24 PM,Please share price and images,,,False,[],[],,True,[],False,False,organic,#FF5733,7570000258,0,2,
Chennai,78602,Diamond Earrings,LANDLINE,91,Tamil Nadu,Added via app,2024-06-04 12:48:39,ABC Traders,252428709,9067394237,,Karan Mehta,54,India,,5537966,,7570000259,False,False,False,False,False,True,False,False,False,False,True,True,False,False,[],0,[],[],2024-07-01 20:55:31,8:55 PM,Need details about Kundan Bracelet,,,False,[],[],,True,[],False,False,ad,#FF5733,7570000259,3,2,
Kolkata,71054,Silver Anklet,MOBILE,91,West Bengal,Added manually,2024-03-15 16:04:32,,208311653,9268954985,,Kavita Kapoor,52,India,,5641627,,7570000260,False,False,False,False,False,True,False,False,False,True,False,True,False,True,[],0,[],[],2024-04-02 20:11:32,8:11 PM,Is this available in stock?,,2024-04-02 20:11:32,True,[],[],,True,[],False,False,organic,#00AEEF,7570000260,,4,
Delhi,73399,Mangalsutra,LANDLINE,91,Delhi,Contact added through Website form,2024-12-31 22:31:05,,276553774,9508666795,,Karan Nair,52,India,,5867776,,7570000261,True,True,False,False,True,True,False,False,True,False,False,False,False,True,[],0,[],[],2025-01-28 01:26:51,1:26 AM,Is this available in stock?,,,True,[],[],,True,[],False,True,referral,#22C55E,7570000261,0,1,
Pune,77716,Kundan Bracelet,LANDLINE,91,Maharashtra,Contact added through Website form,2025-03-07 09:29:54,,235306385,9032188671,,Isha Patel,51,India,,5684963,,7570000262,False,True,False,True,False,True,False,True,True,False,False,True,True,True,[],0,[],[],2025-03-17 03:06:39,3:06 AM,Can I get a discount?,,,True,[],[],,True,[],True,True,ad,#22C55E,7570000262,,2,
Ahmedabad,70854,Gold Ring,LANDLINE,91,Gujarat,Added via app,2025-03-16 15:32:25,,251959009,9405045274,,Amit Khan,54,India,,5802875,,7570000263,True,False,True,True,False,False,False,True,True,True,False,True,True,True,[],0,[],[],2025-04-12 07:48:23,7:48 AM,Can I get a discount?,,2025-04-12 07:48:23,True,[],[],,False,[],False,True,ad,#00AEEF,7570000263,0,1,
Jaipur,71258,Polki Earrings,MOBILE,91,Rajasthan,Added via app,2024-12-31 08:01:13,,210251264,9583735661,,Siddharth Nair,51,India,,5262352,,7570000264,False,False,False,True,False,True,True,False,True,False,False,True,False,False,[],0,[],[],2025-01-21 20:47:02,8:47 PM,Is this available in stock?,,,False,[],[],,True,[],True,False,organic,#00AEEF,7570000264,0,5,
Jaipur,70978,Kundan Bracelet,LANDLINE,91,Rajasthan,Imported from CSV,2024-01-20 13:55:46,,237459158,9654711634,,Siddharth Kohli,51,India,,5896086,,7570000265,True,False,True,False,False,True,True,True,False,True,False,False,False,True,[],0,[],[],2024-02-08 06:05:40,6:05 AM,Interested - send more pics,,,False,[],[],,True,[],False,False,referral,#FF5733,7570000265,,3,1755587038
Udaipur,74598,Polki Earrings,LANDLINE,91,Rajasthan,Added via app,2024-09-12 19:45:46,,291616850,9294627052,,Rohit Gupta,51,India,,5997161,,7570000266,False,False,False,False,False,False,True,False,True,False,True,False,False,False,[],0,[],[],2024-09-27 04:25:25,4:25 AM,Need details about Mangalsutra,,,True,[],[],,False,[],False,True,referral,#F4B536,7570000266,,2,
Bengaluru,78108,Pearl Necklace,LANDLINE,91,Karnataka,Contact added through Website form,2024-02-20 08:28:16,,217075512,9676820465,,Neha Jain,52,India,,5238466,,7570000267,False,False,True,False,True,True,True,False,True,False,False,True,False,True,[],0,[],[],2024-02-25 21:48:39,9:48 PM,Is this available in stock?,,,False,[],[],,True,[],False,True,marketplace,#00AEEF,7570000267,,5,
Chennai,75488,Polki Earrings,MOBILE,91,Tamil Nadu,Contact added through Website form,2024-10-28 22:38:35,,254779294,9700056275,,Vikram Mishra,52,India,,5940983,,7570000268,False,False,False,True,False,False,False,True,True,False,False,True,False,True,[],0,[],[],2024-10-30 10:56:38,10:56 AM,Interested - send more pics,,,False,[],[],,False,[],False,True,referral,#FF5733,7570000268,,1,
Ahmedabad,75157,Pearl Necklace,MOBILE,91,Gujarat,Added manually,2025-02-23 13:10:32,,215490996,9258821682,,Anushka Reddy,52,India,,5726739,,7570000269,True,False,False,False,False,False,False,False,True,False,False,False,False,False,[],0,[],[],2025-02-27 10:01:16,10:01 AM,Is this available in stock?,,,False,[],[],,True,[],True,True,marketplace,#00AEEF,7570000269,0,2,
Mumbai,70558,Silver Anklet,MOBILE,91,Maharashtra,Added manually,2024-03-15 04:49:11,,257904194,9740931861,,Arjun Patel,52,India,,5025093,,7570000270,True,False,False,True,True,True,False,False,False,False,False,True,False,True,[],0,[],[],2024-04-09 04:43:05,4:43 AM,Is this available in stock?,,,True,[],[],,True,[],True,True,referral,#22C55E,7570000270,0,4,
Hyderabad,79635,Silver Anklet,LANDLINE,91,Telangana,Added via app,2024-10-31 17:57:36,,237486955,9830009221,,Maya Kumar,52,India,,5990661,,7570000271,True,False,False,False,False,True,False,False,True,False,False,False,False,True,[],0,[],[],2024-11-17 07:23:25,7:23 AM,Is this available in stock?,,2024-11-17 07:23:25,False,[],[],,True,[],True,True,referral,#FF5733,7570000271,0,0,
Mumbai,70448,Kundan Bracelet,LANDLINE,91,Maharashtra,Added manually,2025-07-04 07:06:16,,280314752,9042675910,9579637778,Isha Joshi,52,India,,5946383,,7570000272,False,True,False,True,False,False,False,False,True,False,False,True,False,True,[],0,[],[],2025-07-04 14:52:11,2:52 PM,Need details about Silver Anklet,,,True,[],[],,True,[],True,False,ad,#00AEEF,7570000272,0,3,
Chennai,70628,Diamond Earrings,LANDLINE,91,Tamil Nadu,Imported from CSV,2024-07-13 20:19:20,,258166960,9757099319,9340942237,Karan Singh,53,India,,5105317,,7570000273,True,False,True,True,False,True,True,True,True,False,False,True,False,False,[],0,[],[],2024-07-15 13:50:28,1:50 PM,Need details about Diamond Earrings,,,False,[],[],,True,[],False,True,ad,#00AEEF,7570000273,,5,
Delhi,74786,Gold Ring,LANDLINE,91,Delhi,Added manually,2024-12-31 19:47:06,Rising Exports,289654194,9526371835,9421132336,Kavita Kohli,52,India,,5508622,,7570000274,True,False,False,False,True,False,False,False,True,False,False,True,False,False,[],0,[],[],2025-01-24 04:08:34,4:08 AM,Please share price and images,,2025-01-24 04:08:34,True,[],[],,False,[],True,True,referral,#00AEEF,7570000274,,2,
Ahmedabad,76966,Pearl Necklace,LANDLINE,91,Gujarat,Imported from CSV,2025-05-12 07:58:17,,253509858,9979648466,,Raj Kapoor,52,India,,5273363,,7570000275,True,False,True,True,True,False,True,False,False,True,True,True,True,False,[],0,[],[],2025-05-28 19:54:55,7:54 PM,Interested - send more pics,,2025-05-28 19:54:55,True,[],[],,True,[],False,True,ad,#00AEEF,7570000275,0,5,1755414238
Delhi,79059,Polki Necklace Set,MOBILE,91,Delhi,Added via app,2024-01-21 19:10:16,,298426470,9014646795,,Vikram Agarwal,52,India,,5260784,,7570000276,True,False,False,True,False,True,False,False,False,False,True,True,False,True,[],0,[],[],2024-01-26 18:36:59,6:36 PM,Need details about Polki Necklace Set,,,True,[],[],,True,[],False,True,marketplace,#FF5733,7570000276,0,4,1755327838
Hyderabad,70383,Mangalsutra,MOBILE,91,Telangana,Imported from CSV,2024-09-27 23:53:09,Rising Exports,240554420,9492746176,,Vikram Agarwal,54,India,,5287361,,7570000277,True,False,True,True,False,False,False,True,False,False,True,False,True,True,[],0,[],[],2024-10-25 23:12:31,11:12 PM,Can I get a discount?,,,False,[],[],,False,[],True,True,organic,#F4B536,7570000277,0,3,
Pune,74095,Polki Earrings,LANDLINE,91,Maharashtra,Added via app,2025-04-29 19:03:23,,211259361,9432927410,,Ankit Nair,52,India,,5148195,,7570000278,False,False,True,False,False,True,False,False,False,True,False,False,False,True,[],0,[],[],2025-05-27 07:14:20,7:14 AM,Need details about Gold Ring,,,True,[],[],,False,[],True,True,ad,#F4B536,7570000278,0,1,
Udaipur,76949,Gold Ring,LANDLINE,91,Rajasthan,Added via app,2024-05-23 19:55:07,,266462542,9672339453,9523119911,Maya Patel,53,India,,5179015,,7570000279,False,False,True,False,False,True,False,False,False,False,False,True,False,False,[],0,[],[],2024-06-13 03:05:44,3:05 AM,Interested - send more pics,,,False,[],[],,True,[],False,False,ad,#FF5733,7570000279,0,3,
Delhi,73264,Silver Anklet,MOBILE,91,Delhi,Added via app,2024-04-06 02:13:29,,293153166,9577384799,,Amit Kohli,52,India,,5098406,,7570000280,False,False,False,False,False,True,False,False,True,False,False,True,False,False,[],0,[],[],2024-04-28 20:17:34,8:17 PM,Is this available in stock?,,2024-04-28 20:17:34,True,[],[],,True,[],False,True,marketplace,#00AEEF,7570000280,,4,
Bengaluru,77756,Polki Necklace Set,LANDLINE,91,Karnataka,Contact added through Website form,2024-04-03 22:23:19,ABC Traders,228092671,9002867735,9232404394,Deepak Mishra,52,India,,5176264,,7570000281,False,False,False,False,True,True,False,False,False,False,False,False,False,True,[],0,[],[],2024-04-11 01:03:49,1:03 AM,Interested - send more pics,,,True,[],[],,True,[],False,True,ad,#22C55E,7570000281,0,1,
Jaipur,79140,Kundan Bracelet,LANDLINE,91,Rajasthan,Added via app,2025-01-09 16:58:09,,258440193,9373855956,,Arjun Jain,51,India,,5683768,,7570000282,False,False,False,False,True,True,False,False,True,False,False,True,True,True,[],0,[],[],2025-01-26 12:04:42,12:04 PM,Please share price and images,,,False,[],[],,True,[],False,True,referral,#00AEEF,7570000282,,5,
Ahmedabad,79954,Diamond Earrings,MOBILE,91,Gujarat,Imported from CSV,2025-07-12 03:46:56,,284857827,9526456141,,Deepak Sharma,51,India,,5476557,,7570000283,False,True,False,True,False,True,False,True,False,True,False,True,True,True,[],0,[],[],2025-07-14 00:16:51,12:16 AM,Can I get a discount?,,,True,[],[],,True,[],True,True,ad,#00AEEF,7570000283,0,2,
Bengaluru,79970,Silver Anklet,LANDLINE,91,Karnataka,Contact added through Website form,2024-01-04 11:19:44,,226666834,9542739803,,Maya Verma,54,India,,5722171,,7570000284,True,True,True,True,False,False,False,True,True,False,False,True,False,True,[],0,[],[],2024-01-17 18:17:09,6:17 PM,Is this available in stock?,,,True,[],[],,True,[],False,True,referral,#F4B536,7570000284,,4,
Bengaluru,72300,Pearl Necklace,LANDLINE,91,Karnataka,Contact added through Website form,2024-07-11 09:55:56,,275838379,9444510617,,Pooja Kumar,53,India,,5330868,,7570000285,False,False,True,True,False,True,False,False,False,False,False,True,False,True,[],0,[],[],2024-07-21 02:02:44,2:02 AM,Interested - send more pics,,,False,[],[],,True,[],False,False,organic,#F4B536,7570000285,0,1,
Mumbai,77655,Diamond Earrings,LANDLINE,91,Maharashtra,Added manually,2024-02-04 11:44:13,,278761749,9399735559,,Kavita Nair,51,India,,5338680,,7570000286,False,False,True,True,False,True,False,False,False,True,False,False,True,True,[],0,[],[],2024-02-09 13:37:11,1:37 PM,Interested - send more pics,,,False,[],[],,False,[],True,True,organic,#22C55E,7570000286,,5,
Kolkata,79716,Silver Anklet,MOBILE,91,West Bengal,Contact added through Website form,2024-11-03 21:43:50,,203832610,9549975232,,Neha Naik,52,India,,5171993,,7570000287,False,False,True,True,True,True,True,False,True,False,False,True,True,False,[],0,[],[],2024-11-29 08:20:03,8:20 AM,Can I get a discount?,,2024-11-29 08:20:03,True,[],[],,True,[],False,True,referral,#F4B536,7570000287,,1,
Ahmedabad,79008,Mangalsutra,MOBILE,91,Gujarat,Added via app,2025-04-28 13:42:01,,292178915,9750309046,,Anushka Patel,52,India,,5413188,,7570000288,False,False,False,True,False,True,True,False,False,True,True,True,False,False,[],0,[],[],2025-05-21 01:41:53,1:41 AM,Please share price and images,,,True,[],[],,True,[],False,False,organic,#FF5733,7570000288,,5,
Delhi,74946,Pearl Necklace,MOBILE,91,Delhi,Added via app,2024-07-03 15:29:58,Shree Enterprises,258438483,9364628392,,Ankit Verma,52,India,,5097360,,7570000289,False,True,False,True,False,True,False,True,False,False,False,False,True,True,[],0,[],[],2024-07-10 23:07:59,11:07 PM,Need details about Pearl Necklace,,,False,[],[],,False,[],True,False,marketplace,#00AEEF,7570000289,0,2,
Ahmedabad,78225,Mangalsutra,MOBILE,91,Gujarat,Imported from CSV,2025-07-01 13:17:03,,250039766,9508467523,9906418925,Ravi Mishra,53,India,,5818941,,7570000290,False,False,True,True,False,True,True,False,False,False,True,True,False,True,[],0,[],[],2025-07-06 23:23:29,11:23 PM,Can I get a discount?,,,False,[],[],,True,[],False,False,ad,#00AEEF,7570000290,3,1,
Chennai,74877,Gold Ring,MOBILE,91,Tamil Nadu,Imported from CSV,2024-02-07 19:20:34,,285360153,9639712731,,Amit Bhat,54,India,,5037345,,7570000291,False,False,False,False,False,True,True,False,False,False,False,True,False,True,[],0,[],[],2024-02-27 00:57:58,12:57 AM,Interested - send more pics,,,True,[],[],,False,[],False,True,referral,#22C55E,7570000291,,1,
Jaipur,77101,Polki Necklace Set,LANDLINE,91,Rajasthan,Added manually,2024-11-06 22:24:45,,215626356,9205775789,,Kavita Jain,54,India,,5832196,,7570000292,True,False,False,True,False,True,False,False,False,False,False,True,True,True,[],0,[],[],2024-12-01 21:18:43,9:18 PM,Please share price and images,,2024-12-01 21:18:43,False,[],[],,True,[],True,True,organic,#00AEEF,7570000292,1,4,
Pune,77547,Silver Anklet,LANDLINE,91,Maharashtra,Added via app,2025-07-08 14:09:52,Golden Jewels,278908503,9681581955,,Manish Kohli,54,India,,5441203,,7570000293,True,False,False,True,False,False,True,True,False,True,False,True,True,True,[],0,[],[],2025-07-31 16:16:55,4:16 PM,Please share price and images,,,False,[],[],,True,[],False,True,ad,#FF5733,7570000293,0,4,
Kolkata,70383,Gold Ring,MOBILE,91,West Bengal,Added manually,2024-08-28 13:39:49,,238102759,9798919770,,Deepak Agarwal,51,India,,5583469,,7570000294,True,False,False,True,False,False,True,False,False,False,False,True,True,True,[],0,[],[],2024-09-23 16:00:16,4:00 PM,Is this available in stock?,,,False,[],[],,False,[],False,False,ad,#FF5733,7570000294,3,1,
Chennai,77602,Kundan Bracelet,MOBILE,91,Tamil Nadu,Contact added through Website form,2025-03-04 15:13:43,,288072413,9733743378,9411622607,Amit Khan,54,India,,5180638,,7570000295,False,False,True,True,True,False,True,False,True,False,False,False,False,False,[],0,[],[],2025-03-24 13:15:19,1:15 PM,Can I get a discount?,,,True,[],[],,False,[],True,False,organic,#F4B536,7570000295,0,1,
Delhi,79883,Kundan Bracelet,LANDLINE,91,Delhi,Contact added through Website form,2025-04-17 18:12:44,,259546123,9855507623,,Maya Bhat,51,India,,5253633,,7570000296,False,False,True,True,False,True,False,True,True,False,False,True,True,True,[],0,[],[],2025-04-23 03:43:11,3:43 AM,Need details about Mangalsutra,,,False,[],[],,False,[],True,True,ad,#00AEEF,7570000296,,4,
Mumbai,76004,Gold Ring,LANDLINE,91,Maharashtra,Added manually,2024-09-05 17:34:14,,255417567,9364894655,,Deepak Patel,53,India,,5688428,,7570000297,False,False,False,True,False,True,False,True,True,False,False,True,True,True,[],0,[],[],2024-09-15 22:20:14,10:20 PM,Please share price and images,,,True,[],[],,True,[],False,False,marketplace,#22C55E,7570000297,0,2,
Mumbai,79952,Polki Necklace Set,LANDLINE,91,Maharashtra,Added via app,2024-08-21 01:01:10,,239236254,9412560249,,Sneha Gupta,54,India,,5900881,,7570000298,True,False,False,False,False,True,False,False,False,True,False,True,False,False,[],0,[],[],2024-08-31 07:37:24,7:37 AM,Can I get a discount?,,2024-08-31 07:37:24,True,[],[],,False,[],True,False,ad,#FF5733,7570000298,,4,
Delhi,75840,Polki Necklace Set,LANDLINE,91,Delhi,Contact added through Website form,2024-01-13 19:04:57,ABC Traders,266946493,9611397169,9973134392,Manish Patel,53,India,,5481633,,7570000299,True,False,False,False,False,False,False,False,True,False,False,True,True,True,[],0,[],[],2024-01-24 21:09:15,9:09 PM,Need details about Polki Earrings,,,True,[],[],,True,[],False,False,organic,#FF5733,7570000299,0,5,
Ahmedabad,77606,Pearl Necklace,MOBILE,91,Gujarat,Contact added through Website form,2024-03-15 07:09:05,,213189607,9946654502,9342371535,Deepak Naik,52,India,,5563015,,7570000300,False,True,False,True,True,True,False,False,False,False,False,False,False,True,[],0,[],[],2024-04-07 12:24:36,12:24 PM,Is this available in stock?,,,False,[],[],,True,[],False,True,referral,#00AEEF,7570000300,,0,1755241438
Hyderabad,78242,Diamond Earrings,MOBILE,91,Telangana,Contact added through Website form,2024-07-05 17:45:08,,241446973,9472493439,,Vikram Jain,53,India,,5656326,,7570000301,False,False,False,False,False,True,True,False,False,True,False,False,False,True,[],0,[],[],2024-07-06 01:20:43,1:20 AM,Please share price and images,,,True,[],[],,True,[],False,True,referral,#FF5733,7570000301,0,2,
Mumbai,79996,Silver Anklet,MOBILE,91,Maharashtra,Added via app,2025-03-02 09:48:28,,288931424,9349697588,9508712246,Siddharth Kumar,53,India,,5164765,,7570000302,False,False,False,True,False,True,False,True,False,False,False,False,False,True,[],0,[],[],2025-03-13 12:17:24,12:17 PM,Is this available in stock?,,,False,[],[],,False,[],False,True,referral,#22C55E,7570000302,0,2,
Hyderabad,73267,Pearl Necklace,LANDLINE,91,Telangana,Contact added through Website form,2024-10-07 03:53:23,,228854107,9540031385,,Vikram Khan,54,India,,5647554,,7570000303,True,False,False,True,True,True,True,False,False,True,False,False,False,True,[],0,[],[],2024-10-10 18:36:12,6:36 PM,Is this available in stock?,,,True,[],[],,False,[],False,False,ad,#FF5733,7570000303,0,1,
Hyderabad,71441,Gold Ring,LANDLINE,91,Telangana,Added via app,2024-09-23 20:16:04,Shree Enterprises,258822422,9352017789,,Deepak Mehta,52,India,,5257138,,7570000304,False,False,True,True,False,False,True,False,False,True,True,True,True,True,[],0,[],[],2024-10-19 14:57:34,2:57 PM,Can I get a discount?,,,True,[],[],,True,[],True,True,referral,#F4B536,7570000304,,2,
Chennai,78827,Diamond Earrings,MOBILE,91,Tamil Nadu,Added manually,2024-03-09 02:45:02,,266036393,9617203413,,Rahul Joshi,52,India,,5296376,,7570000305,False,False,False,True,False,True,False,True,True,True,False,False,False,True,[],0,[],[],2024-04-05 13:22:50,1:22 PM,Can I get a discount?,,,True,[],[],,True,[],False,True,organic,#FF5733,7570000305,0,0,
Delhi,79574,Diamond Earrings,MOBILE,91,Delhi,Added via app,2024-07-24 20:54:52,,290534999,9350704776,,Sneha Jain,51,India,,5805074,,7570000306,True,False,True,False,False,True,False,False,True,False,False,False,False,False,[],0,[],[],2024-08-11 02:06:22,2:06 AM,Please share price and images,,2024-08-11 02:06:22,False,[],[],,True,[],False,True,marketplace,#FF5733,7570000306,,5,
Kolkata,73254,Kundan Bracelet,MOBILE,91,West Bengal,Added manually,2024-05-07 03:22:50,,227599495,9408564010,,Maya Bhat,53,India,,5808435,,7570000307,False,False,True,True,False,False,False,True,False,False,True,False,False,True,[],0,[],[],2024-05-15 15:22:59,3:22 PM,Please share price and images,,,False,[],[],,True,[],False,True,referral,#FF5733,7570000307,,4,1755068638
Udaipur,74500,Diamond Earrings,MOBILE,91,Rajasthan,Added manually,2024-05-24 09:03:56,,297929161,9963502034,,Siddharth Nair,51,India,,5678805,,7570000308,False,False,False,True,False,False,True,False,True,True,False,False,True,False,[],0,[],[],2024-06-01 23:42:10,11:42 PM,Can I get a discount?,,2024-06-01 23:42:10,False,[],[],,True,[],False,False,referral,#F4B536,7570000308,,4,
Ahmedabad,70560,Gold Ring,MOBILE,91,Gujarat,Added via app,2025-07-06 13:43:38,ABC Traders,298643431,9154984763,9049928404,Vikram Sharma,54,India,,5914387,,7570000309,True,False,False,True,False,True,False,True,False,False,False,False,True,True,[],0,[],[],2025-08-04 15:02:20,3:02 PM,Interested - send more pics,,,True,[],[],,False,[],False,True,ad,#FF5733,7570000309,,5,
Delhi,71346,Polki Earrings,LANDLINE,91,Delhi,Added manually,2024-04-17 09:05:39,,299748634,9770160720,,Sneha Gupta,53,India,,5099393,,7570000310,False,False,False,False,True,True,False,True,True,False,True,True,False,True,[],0,[],[],2024-04-28 08:39:48,8:39 AM,Is this available in stock?,,,True,[],[],,True,[],False,False,referral,#FF5733,7570000310,1,2,
Ahmedabad,73519,Polki Earrings,LANDLINE,91,Gujarat,Added manually,2024-04-30 10:10:09,,260826614,9282184330,,Deepak Kapoor,54,India,,5651493,,7570000311,False,False,True,False,False,True,True,False,True,False,False,True,True,True,[],0,[],[],2024-05-25 09:35:40,9:35 AM,Please share price and images,,,False,[],[],,True,[],True,True,ad,#22C55E,7570000311,,2,1755673438
Delhi,70273,Silver Anklet,MOBILE,91,Delhi,Imported from CSV,2024-06-04 20:29:38,,226665991,9799503651,,Ankit Gupta,51,India,,5769038,,7570000312,True,False,False,True,False,False,True,False,False,False,False,False,False,True,[],0,[],[],2024-06-30 14:38:34,2:38 PM,Please share price and images,,2024-06-30 14:38:34,False,[],[],,True,[],False,True,referral,#FF5733,7570000312,0,4,1755759838
Udaipur,76723,Kundan Bracelet,MOBILE,91,Rajasthan,Added via app,2024-09-05 14:14:40,,218831186,9516396932,9820975401,Manish Singh,53,India,,5150776,,7570000313,False,True,False,False,False,False,True,False,False,False,True,True,False,True,[],0,[],[],2024-09-13 08:00:32,8:00 AM,Is this available in stock?,,,False,[],[],,True,[],False,True,marketplace,#FF5733,7570000313,0,5,
Udaipur,76250,Silver Anklet,MOBILE,91,Rajasthan,Added manually,2024-06-21 17:44:31,Shree Enterprises,234286237,9673126960,,Vikram Jain,54,India,,5118318,,7570000314,True,False,False,False,False,True,False,False,False,True,False,False,True,True,[],0,[],[],2024-07-05 20:54:21,8:54 PM,Can I get a discount?,,2024-07-05 20:54:21,False,[],[],,True,[],False,False,referral,#F4B536,7570000314,,1,1755587038
Pune,76157,Gold Ring,MOBILE,91,Maharashtra,Imported from CSV,2024-02-13 21:54:21,,281420209,9934577861,9410799907,Isha Mishra,54,India,,5544176,,7570000315,True,False,False,True,False,True,False,True,False,True,False,True,True,False,[],0,[],[],2024-02-19 03:29:57,3:29 AM,Need details about Diamond Earrings,,,False,[],[],,True,[],False,False,organic,#22C55E,7570000315,0,4,1755327838
Chennai,74074,Silver Anklet,LANDLINE,91,Tamil Nadu,Added via app,2025-04-14 23:06:45,,237128982,9841501994,,Anushka Rathore,52,India,,5467672,,7570000316,True,False,False,False,False,False,True,True,False,False,False,True,True,True,[],0,[],[],2025-04-27 17:43:55,5:43 PM,Please share price and images,,,False,[],[],,False,[],False,False,referral,#FF5733,7570000316,1,1,1755414238
Delhi,79532,Gold Ring,MOBILE,91,Delhi,Contact added through Website form,2024-10-30 20:23:09,,241678306,9543441434,9601816496,Amit Patel,54,India,,5952977,,7570000317,True,False,False,False,False,True,False,True,False,True,True,False,True,True,[],0,[],[],2024-11-25 23:29:51,11:29 PM,Is this available in stock?,,,False,[],[],,True,[],False,True,ad,#FF5733,7570000317,3,1,1755587038
Udaipur,74862,Diamond Earrings,LANDLINE,91,Rajasthan,Added manually,2025-03-25 15:05:32,,232706202,9920767267,,Ankit Gupta,53,India,,5021783,,7570000318,False,False,False,False,False,True,False,True,True,False,False,True,False,False,[],0,[],[],2025-04-21 15:15:17,3:15 PM,Interested - send more pics,,,False,[],[],,True,[],False,True,referral,#FF5733,7570000318,0,4,
Ahmedabad,77174,Pearl Necklace,MOBILE,91,Gujarat,Contact added through Website form,2024-06-24 00:48:18,,266724054,9468349279,,Deepak Verma,51,India,,5619774,,7570000319,False,True,False,True,False,True,True,False,True,True,False,False,False,True,[],0,[],[],2024-07-21 05:12:15,5:12 AM,Is this available in stock?,,,False,[],[],,True,[],False,True,referral,#F4B536,7570000319,0,3,1754982238
Jaipur,71163,Polki Necklace Set,LANDLINE,91,Rajasthan,Contact added through Website form,2024-06-14 07:05:09,,282389614,9568838330,,Anushka Naik,51,India,,5066719,,7570000320,False,False,False,True,False,False,True,True,False,False,False,True,False,True,[],0,[],[],2024-06-26 08:57:29,8:57 AM,Need details about Pearl Necklace,,2024-06-26 08:57:29,False,[],[],,True,[],True,False,organic,#00AEEF,7570000320,,4,
Bengaluru,70334,Silver Anklet,LANDLINE,91,Karnataka,Added via app,2025-01-17 03:28:36,,281357341,9598212050,,Ravi Joshi,53,India,,5063859,,7570000321,True,False,False,True,False,True,True,False,True,True,False,True,False,False,[],0,[],[],2025-01-25 07:48:31,7:48 AM,Is this available in stock?,,,False,[],[],,True,[],False,True,organic,#00AEEF,7570000321,,0,1755068638
Pune,78494,Gold Ring,MOBILE,91,Maharashtra,Added via app,2024-06-07 22:19:32,,222466075,9107075216,,Anushka Kumar,52,India,,5943960,,7570000322,False,False,False,True,False,True,False,True,True,True,False,True,False,True,[],0,[],[],2024-06-24 07:25:16,7:25 AM,Please share price and images,,,False,[],[],,True,[],False,True,marketplace,#22C55E,7570000322,0,3,
Udaipur,78048,Polki Necklace Set,MOBILE,91,Rajasthan,Contact added through Website form,2025-02-02 11:08:14,,214001392,9602640810,,Priya Nair,52,India,,5337132,,7570000323,True,True,True,False,False,True,False,True,False,True,False,True,False,True,[],0,[],[],2025-02-26 14:54:00,2:54 PM,Need details about Kundan Bracelet,,,True,[],[],,True,[],False,False,organic,#FF5733,7570000323,0,2,
Udaipur,70741,Mangalsutra,MOBILE,91,Rajasthan,Added via app,2024-10-24 00:10:21,Shree Enterprises,251202550,9966711988,,Deepak Mishra,51,India,,5216037,,7570000324,True,False,False,False,False,True,False,False,True,True,False,False,False,True,[],0,[],[],2024-11-04 16:14:38,4:14 PM,Can I get a discount?,,,True,[],[],,False,[],False,True,organic,#22C55E,7570000324,,5,
Delhi,71155,Polki Earrings,LANDLINE,91,Delhi,Added via app,2025-05-15 02:25:16,,285576828,9123779242,,Maya Gupta,53,India,,5119936,,7570000325,True,True,False,False,True,True,False,False,True,True,True,False,False,True,[],0,[],[],2025-05-24 00:02:57,12:02 AM,Is this available in stock?,,2025-05-24 00:02:57,False,[],[],,True,[],True,True,organic,#FF5733,7570000325,,4,
Mumbai,77242,Polki Necklace Set,MOBILE,91,Maharashtra,Added via app,2025-05-30 06:52:48,Rising Exports,280128181,9044079149,,Anushka Bhat,52,India,,5806487,,7570000326,False,False,False,True,False,False,True,False,True,False,False,True,True,True,[],0,[],[],2025-06-09 12:03:01,12:03 PM,Need details about Pearl Necklace,,,True,[],[],,True,[],False,True,referral,#FF5733,7570000326,,5,
Jaipur,71067,Kundan Bracelet,MOBILE,91,Rajasthan,Added manually,2024-06-22 11:42:40,,255019090,9573672094,,Vikram Verma,51,India,,5543211,,7570000327,True,False,False,True,True,True,False,False,False,False,False,False,False,False,[],0,[],[],2024-07-10 11:13:33,11:13 AM,Interested - send more pics,,2024-07-10 11:13:33,False,[],[],,False,[],True,False,referral,#FF5733,7570000327,,0,
Bengaluru,72626,Kundan Bracelet,LANDLINE,91,Karnataka,Imported from CSV,2024-11-03 05:14:32,Rising Exports,249402605,9022481067,,Kavita Kapoor,52,India,,5775952,,7570000328,False,False,False,True,False,False,False,False,False,False,False,True,False,False,[],0,[],[],2024-11-05 06:49:20,6:49 AM,Is this available in stock?,,,True,[],[],,True,[],False,True,referral,#22C55E,7570000328,3,3,
Bengaluru,73498,Silver Anklet,MOBILE,91,Karnataka,Added manually,2025-04-08 10:56:03,Shree Enterprises,252724691,9504908250,,Raj Rathore,52,India,,5148196,,7570000329,True,False,False,False,False,True,False,False,False,True,False,True,False,True,[],0,[],[],2025-04-28 11:05:10,11:05 AM,Is this available in stock?,,,True,[],[],,False,[],False,True,organic,#F4B536,7570000329,,0,
Udaipur,70864,Silver Anklet,LANDLINE,91,Rajasthan,Added manually,2024-12-31 07:23:28,,244494335,9096579827,,Priya Sharma,52,India,,5894016,,7570000330,False,True,False,False,False,True,False,True,False,False,False,True,False,False,[],0,[],[],2025-01-07 14:51:22,2:51 PM,Is this available in stock?,,,True,[],[],,True,[],True,False,marketplace,#22C55E,7570000330,,1,
Chennai,77224,Silver Anklet,MOBILE,91,Tamil Nadu,Imported from CSV,2024-01-21 17:54:16,,278502768,9195242415,,Amit Naik,53,India,,5599691,,7570000331,True,True,False,False,False,False,False,True,False,True,False,True,False,True,[],0,[],[],2024-02-18 06:15:16,6:15 AM,Please share price and images,,,True,[],[],,True,[],False,True,organic,#22C55E,7570000331,,2,
Delhi,75023,Polki Necklace Set,MOBILE,91,Delhi,Contact added through Website form,2024-10-06 23:54:34,,235314481,9464876172,,Kavita Verma,51,India,,5470738,,7570000332,False,False,False,True,False,True,False,False,False,False,False,True,False,True,[],0,[],[],2024-10-29 05:37:12,5:37 AM,Is this available in stock?,,,False,[],[],,True,[],True,False,referral,#00AEEF,7570000332,0,5,
Chennai,78336,Diamond Earrings,MOBILE,91,Tamil Nadu,Contact added through Website form,2024-04-19 08:50:45,ABC Traders,215237104,9870541642,,Maya Singh,51,India,,5024125,,7570000333,True,False,False,True,False,True,True,True,True,True,False,True,False,True,[],0,[],[],2024-04-22 23:32:42,11:32 PM,Need details about Diamond Earrings,,,True,[],[],,True,[],False,True,ad,#FF5733,7570000333,,1,
Chennai,78672,Polki Necklace Set,LANDLINE,91,Tamil Nadu,Imported from CSV,2025-05-22 22:02:38,,225855513,9877838630,,Priya Kapoor,51,India,,5499168,,7570000334,True,False,True,False,True,True,True,False,True,False,False,True,False,True,[],0,[],[],2025-05-31 22:49:30,10:49 PM,Interested - send more pics,,,True,[],[],,False,[],False,False,ad,#F4B536,7570000334,2,3,
Mumbai,71059,Gold Ring,LANDLINE,91,Maharashtra,Added via app,2024-03-02 22:34:04,,208270439,9530345834,,Neha Kohli,51,India,,5065832,,7570000335,False,False,False,True,False,False,False,False,False,True,False,True,False,False,[],0,[],[],2024-03-23 19:39:52,7:39 PM,Please share price and images,,,False,[],[],,False,[],False,False,marketplace,#22C55E,7570000335,,0,
Udaipur,72284,Diamond Earrings,MOBILE,91,Rajasthan,Contact added through Website form,2025-02-13 13:18:54,,242509908,9934424366,,Siddharth Agarwal,54,India,,5399987,,7570000336,False,False,True,True,False,False,True,False,False,False,False,False,False,True,[],0,[],[],2025-02-14 05:34:05,5:34 AM,Can I get a discount?,,,True,[],[],,False,[],False,True,referral,#F4B536,7570000336,,3,
Pune,74740,Diamond Earrings,LANDLINE,91,Maharashtra,Added via app,2024-08-09 15:09:31,,218988828,9557017204,9862882603,Vikram Nair,54,India,,5246575,,7570000337,True,False,False,False,False,False,False,False,True,False,False,False,False,False,[],0,[],[],2024-09-02 10:38:25,10:38 AM,Please share price and images,,,False,[],[],,True,[],False,False,referral,#00AEEF,7570000337,2,0,
Pune,73750,Gold Ring,LANDLINE,91,Maharashtra,Imported from CSV,2024-09-12 17:47:20,,295040228,9654324436,,Sneha Chopra,51,India,,5621632,,7570000338,False,False,True,True,False,True,False,False,False,False,False,True,True,True,[],0,[],[],2024-10-10 02:04:43,2:04 AM,Please share price and images,,,False,[],[],,True,[],True,False,referral,#22C55E,7570000338,0,3,1755759838
Delhi,79790,Mangalsutra,MOBILE,91,Delhi,Added via app,2024-07-18 19:03:36,,281212652,9317419100,9789731609,Isha Mehta,52,India,,5126209,,7570000339,True,True,False,True,True,False,False,False,False,True,False,True,True,True,[],0,[],[],2024-08-12 06:24:47,6:24 AM,Need details about Silver Anklet,,,False,[],[],,False,[],True,True,marketplace,#00AEEF,7570000339,0,2,
Udaipur,72030,Polki Necklace Set,LANDLINE,91,Rajasthan,Added via app,2025-01-12 05:09:39,,207036160,9350617550,,Sneha Chopra,53,India,,5909888,,7570000340,False,False,False,True,True,True,False,False,False,False,True,True,True,True,[],0,[],[],2025-01-27 12:28:31,12:28 PM,Is this available in stock?,,2025-01-27 12:28:31,False,[],[],,False,[],False,True,marketplace,#00AEEF,7570000340,3,5,
Hyderabad,71018,Gold Ring,LANDLINE,91,Telangana,Imported from CSV,2024-06-07 19:57:20,,270421269,9689147591,9745806690,Arjun Kapoor,51,India,,5436577,,7570000341,True,False,True,True,False,True,True,False,False,False,False,True,False,True,[],0,[],[],2024-06-12 04:11:59,4:11 AM,Interested - send more pics,,,False,[],[],,True,[],False,True,marketplace,#F4B536,7570000341,,1,
Delhi,73760,Kundan Bracelet,MOBILE,91,Delhi,Contact added through Website form,2024-03-23 21:10:29,Rising Exports,278213929,9007679805,,Deepak Verma,53,India,,5515338,,7570000342,False,False,True,False,False,True,False,False,False,False,False,False,True,True,[],0,[],[],2024-04-10 18:03:48,6:03 PM,Is this available in stock?,,2024-04-10 18:03:48,True,[],[],,False,[],True,True,ad,#FF5733,7570000342,0,4,
Pune,74970,Polki Necklace Set,MOBILE,91,Maharashtra,Imported from CSV,2024-08-23 20:38:17,Golden Jewels,248444321,9058376718,,Pooja Mehta,54,India,,5486308,,7570000343,False,False,False,False,False,False,False,False,True,False,True,True,True,True,[],0,[],[],2024-09-05 02:37:36,2:37 AM,Please share price and images,,,False,[],[],,False,[],False,True,ad,#F4B536,7570000343,0,1,
Kolkata,76108,Pearl Necklace,MOBILE,91,West Bengal,Contact added through Website form,2024-10-31 01:16:26,ABC Traders,210213902,9448273280,,Ankit Mehta,54,India,,5293578,,7570000344,True,True,True,False,False,True,False,False,False,False,False,True,False,False,[],0,[],[],2024-11-05 21:10:23,9:10 PM,Need details about Kundan Bracelet,,,False,[],[],,True,[],True,False,marketplace,#22C55E,7570000344,0,2,
Udaipur,71032,Pearl Necklace,MOBILE,91,Rajasthan,Contact added through Website form,2024-09-30 00:53:19,Shree Enterprises,237691414,9302331987,9217645994,Amit Naik,54,India,,5744385,,7570000345,True,False,False,True,False,False,False,False,False,True,False,True,False,False,[],0,[],[],2024-10-13 05:44:52,5:44 AM,Please share price and images,,,False,[],[],,False,[],False,False,referral,#FF5733,7570000345,1,1,1755587038
Chennai,77073,Silver Anklet,MOBILE,91,Tamil Nadu,Added via app,2025-01-02 23:30:02,,211602526,9271871756,9357345648,Isha Agarwal,52,India,,5631402,,7570000346,True,False,True,True,True,True,False,True,True,True,True,False,False,False,[],0,[],[],2025-01-25 15:04:36,3:04 PM,Please share price and images,,,False,[],[],,True,[],False,True,marketplace,#22C55E,7570000346,,3,
Jaipur,73699,Gold Ring,LANDLINE,91,Rajasthan,Imported from CSV,2024-07-11 00:01:18,,285962340,9487107372,,Anushka Agarwal,53,India,,5675180,,7570000347,True,False,True,True,True,False,True,False,True,True,True,True,False,True,[],0,[],[],2024-08-04 11:49:10,11:49 AM,Can I get a discount?,,,False,[],[],,True,[],False,True,referral,#00AEEF,7570000347,,0,
Kolkata,79661,Polki Earrings,LANDLINE,91,West Bengal,Added manually,2025-05-18 01:08:51,,264215060,9660139881,,Ankit Kohli,51,India,,5666076,,7570000348,False,False,True,True,True,False,True,False,False,True,True,True,True,True,[],0,[],[],2025-06-11 07:41:01,7:41 AM,Can I get a discount?,,,True,[],[],,True,[],False,True,referral,#00AEEF,7570000348,,2,
Pune,76727,Polki Earrings,LANDLINE,91,Maharashtra,Contact added through Website form,2024-01-29 18:26:01,,212744478,9734250195,,Maya Mehta,51,India,,5010793,,7570000349,True,False,False,False,True,False,False,False,False,False,False,True,True,True,[],0,[],[],2024-02-20 08:13:55,8:13 AM,Is this available in stock?,,2024-02-20 08:13:55,True,[],[],,False,[],True,False,ad,#FF5733,7570000349,0,0,
Delhi,77285,Pearl Necklace,LANDLINE,91,Delhi,Added manually,2024-06-17 05:04:05,,294057102,9978882319,,Deepak Nair,53,India,,5994093,,7570000350,False,False,True,False,False,True,False,False,True,False,True,False,False,True,[],0,[],[],2024-06-23 14:51:28,2:51 PM,Can I get a discount?,,,True,[],[],,True,[],True,True,ad,#F4B536,7570000350,0,5,
Hyderabad,76116,Kundan Bracelet,MOBILE,91,Telangana,Added via app,2024-07-08 21:11:39,,274808730,9513119468,,Ankit Bhat,54,India,,5275782,,7570000351,False,True,False,True,True,True,False,False,True,False,False,False,True,True,[],0,[],[],2024-07-28 22:40:19,10:40 PM,Is this available in stock?,,,False,[],[],,False,[],True,True,ad,#22C55E,7570000351,,0,
Mumbai,72080,Mangalsutra,LANDLINE,91,Maharashtra,Imported from CSV,2025-06-09 02:38:34,Shree Enterprises,268433310,9924690858,9512914010,Isha Singh,51,India,,5152465,,7570000352,True,False,False,True,False,True,False,False,False,False,False,True,True,True,[],0,[],[],2025-07-06 14:15:50,2:15 PM,Is this available in stock?,,2025-07-06 14:15:50,False,[],[],,False,[],True,False,organic,#22C55E,7570000352,1,1,
Udaipur,76054,Pearl Necklace,LANDLINE,91,Rajasthan,Added manually,2024-12-15 11:02:59,,237230579,9301542652,,Priya Gupta,52,India,,5412370,,7570000353,False,True,False,True,False,True,False,True,False,True,False,False,False,False,[],0,[],[],2025-01-10 10:42:31,10:42 AM,Please share price and images,,,True,[],[],,False,[],False,True,referral,#22C55E,7570000353,0,4,
Delhi,72281,Diamond Earrings,MOBILE,91,Delhi,Added via app,2025-01-05 19:45:42,,292386381,9203974495,,Manish Agarwal,52,India,,5309345,,7570000354,True,False,False,False,False,False,False,False,False,True,False,True,False,True,[],0,[],[],2025-02-01 15:56:26,3:56 PM,Need details about Polki Earrings,,,False,[],[],,True,[],True,True,referral,#22C55E,7570000354,0,2,
Bengaluru,78374,Mangalsutra,LANDLINE,91,Karnataka,Added via app,2025-03-13 22:52:07,,276162338,9213878650,,Isha Naik,52,India,,5440919,,7570000355,False,True,True,True,False,True,False,False,True,False,False,True,True,True,[],0,[],[],2025-04-06 17:14:48,5:14 PM,Need details about Polki Necklace Set,,,False,[],[],,False,[],False,True,ad,#FF5733,7570000355,0,4,
Hyderabad,75792,Polki Necklace Set,MOBILE,91,Telangana,Contact added through Website form,2024-11-20 08:00:19,,231724015,9024646738,,Deepak Jain,53,India,,5159072,,7570000356,True,True,True,True,False,True,False,False,True,False,False,True,True,False,[],0,[],[],2024-11-28 16:12:57,4:12 PM,Can I get a discount?,,,False,[],[],,False,[],True,True,organic,#F4B536,7570000356,1,3,
Mumbai,76299,Polki Necklace Set,LANDLINE,91,Maharashtra,Added manually,2024-10-05 07:28:06,Golden Jewels,282551005,9408196522,,Maya Bhat,53,India,,5787159,,7570000357,True,False,True,True,False,True,False,False,False,False,False,True,False,False,[],0,[],[],2024-10-29 04:07:49,4:07 AM,Interested - send more pics,,,True,[],[],,True,[],False,True,organic,#22C55E,7570000357,0,3,
Pune,75655,Kundan Bracelet,LANDLINE,91,Maharashtra,Added via app,2025-04-01 15:26:32,Rising Exports,248254034,9022005392,,Amit Kapoor,54,India,,5399476,,7570000358,True,False,False,False,True,False,False,True,True,False,False,True,False,True,[],0,[],[],2025-04-05 23:40:18,11:40 PM,Need details about Polki Earrings,,,False,[],[],,False,[],True,False,ad,#22C55E,7570000358,0,3,
Kolkata,75105,Pearl Necklace,LANDLINE,91,West Bengal,Imported from CSV,2024-04-04 22:36:28,,222364538,9071703302,,Kavita Reddy,52,India,,5545792,,7570000359,True,True,False,False,True,False,False,False,True,False,False,True,True,True,[],0,[],[],2024-04-07 11:21:46,11:21 AM,Please share price and images,,,True,[],[],,True,[],False,True,marketplace,#FF5733,7570000359,0,4,
Mumbai,73963,Gold Ring,MOBILE,91,Maharashtra,Imported from CSV,2024-10-12 16:50:08,,281734449,9394268170,,Arjun Gupta,51,India,,5874805,,7570000360,False,False,True,False,False,True,False,False,False,True,False,True,False,True,[],0,[],[],2024-10-24 15:12:01,3:12 PM,Please share price and images,,,False,[],[],,True,[],False,False,ad,#F4B536,7570000360,1,3,
Bengaluru,71892,Polki Necklace Set,MOBILE,91,Karnataka,Added manually,2024-11-02 13:36:11,,281120624,9442825092,,Manish Rathore,52,India,,5948085,,7570000361,True,False,False,False,False,True,True,False,False,False,False,False,False,True,[],0,[],[],2024-11-03 17:25:13,5:25 PM,Is this available in stock?,,,False,[],[],,True,[],True,True,organic,#00AEEF,7570000361,,2,
Kolkata,77100,Silver Anklet,LANDLINE,91,West Bengal,Imported from CSV,2025-06-08 20:05:00,,210485555,9315627526,,Anushka Bhat,52,India,,5627296,,7570000362,True,False,False,False,True,True,False,False,False,False,False,False,False,True,[],0,[],[],2025-07-01 23:57:16,11:57 PM,Interested - send more pics,,,False,[],[],,True,[],False,True,organic,#22C55E,7570000362,,0,
Udaipur,78978,Polki Earrings,MOBILE,91,Rajasthan,Imported from CSV,2024-06-06 13:45:35,,297799685,9608114299,,Raj Joshi,52,India,,5785317,,7570000363,False,False,False,False,True,True,False,True,True,False,False,True,True,True,[],0,[],[],2024-06-22 14:24:53,2:24 PM,Can I get a discount?,,,False,[],[],,True,[],True,True,ad,#F4B536,7570000363,3,5,
Delhi,77672,Polki Earrings,LANDLINE,91,Delhi,Added via app,2024-03-22 16:44:01,,222226983,9722211420,,Arjun Singh,53,India,,5969745,,7570000364,True,True,False,True,False,False,False,False,False,True,False,True,False,True,[],0,[],[],2024-04-08 08:03:04,8:03 AM,Need details about Polki Earrings,,,True,[],[],,True,[],True,False,ad,#F4B536,7570000364,0,4,
Kolkata,76551,Polki Necklace Set,LANDLINE,91,West Bengal,Added manually,2024-09-05 05:54:52,Golden Jewels,256276356,9355637397,,Karan Rathore,54,India,,5594094,,7570000365,True,False,False,True,False,True,False,False,False,True,False,False,False,False,[],0,[],[],2024-09-28 14:31:20,2:31 PM,Is this available in stock?,,,True,[],[],,False,[],True,True,referral,#22C55E,7570000365,0,5,1755068638
Udaipur,72458,Diamond Earrings,LANDLINE,91,Rajasthan,Added via app,2024-06-04 01:52:11,,272527294,9528977271,9852110109,Priya Singh,53,India,,5449359,,7570000366,True,False,False,False,True,True,False,True,True,True,True,True,True,True,[],0,[],[],2024-06-04 04:18:05,4:18 AM,Need details about Pearl Necklace,,2024-06-04 04:18:05,False,[],[],,True,[],False,True,referral,#FF5733,7570000366,,3,
Mumbai,78435,Pearl Necklace,LANDLINE,91,Maharashtra,Added via app,2024-10-17 01:09:58,Rising Exports,212901033,9651206798,,Manish Jain,53,India,,5520529,,7570000367,False,False,False,False,False,True,False,False,True,False,True,True,False,True,[],0,[],[],2024-11-05 03:30:09,3:30 AM,Need details about Diamond Earrings,,,True,[],[],,True,[],False,True,referral,#00AEEF,7570000367,1,2,
Ahmedabad,77132,Polki Necklace Set,LANDLINE,91,Gujarat,Imported from CSV,2025-07-19 21:23:47,,255013238,9998443821,,Deepak Reddy,53,India,,5128574,,7570000368,True,True,False,True,False,False,False,False,False,False,False,False,False,True,[],0,[],[],2025-08-03 13:53:16,1:53 PM,Interested - send more pics,,,True,[],[],,True,[],True,False,marketplace,#F4B536,7570000368,0,5,
Udaipur,72299,Silver Anklet,LANDLINE,91,Rajasthan,Added via app,2024-10-11 07:21:50,,232215392,9648456134,,Vikram Gupta,51,India,,5537693,,7570000369,True,False,True,False,False,True,False,False,False,True,True,False,False,True,[],0,[],[],2024-10-20 01:40:36,1:40 AM,Need details about Pearl Necklace,,2024-10-20 01:40:36,True,[],[],,False,[],False,True,organic,#22C55E,7570000369,,3,1755500638
Pune,73783,Polki Earrings,MOBILE,91,Maharashtra,Imported from CSV,2024-09-28 10:55:58,,242302682,9634467244,,Maya Mishra,54,India,,5875353,,7570000370,False,True,False,True,True,False,False,False,True,True,False,True,False,True,[],0,[],[],2024-09-30 08:02:01,8:02 AM,Interested - send more pics,,2024-09-30 08:02:01,False,[],[],,True,[],True,False,referral,#FF5733,7570000370,0,1,
Kolkata,71305,Polki Earrings,LANDLINE,91,West Bengal,Imported from CSV,2024-04-11 04:43:43,Golden Jewels,244127410,9263707031,9022216686,Ankit Sharma,52,India,,5678264,,7570000371,True,False,False,True,True,True,True,True,True,False,False,True,True,True,[],0,[],[],2024-04-23 17:32:43,5:32 PM,Need details about Silver Anklet,,,False,[],[],,True,[],True,False,referral,#F4B536,7570000371,2,1,
Mumbai,76355,Kundan Bracelet,LANDLINE,91,Maharashtra,Added via app,2024-03-29 02:18:34,,225407437,9268731717,9978092826,Priya Rathore,54,India,,5571793,,7570000372,True,False,True,False,False,True,False,False,True,True,False,True,False,True,[],0,[],[],2024-04-05 23:23:36,11:23 PM,Please share price and images,,,True,[],[],,True,[],True,False,ad,#F4B536,7570000372,,1,
Chennai,76808,Diamond Earrings,LANDLINE,91,Tamil Nadu,Added manually,2024-05-17 03:29:39,,200998284,9925572801,,Amit Rathore,53,India,,5330479,,7570000373,True,False,True,False,False,False,True,True,True,False,False,True,False,True,[],0,[],[],2024-06-15 00:18:35,12:18 AM,Please share price and images,,,False,[],[],,True,[],False,False,organic,#22C55E,7570000373,0,4,
Udaipur,70428,Gold Ring,MOBILE,91,Rajasthan,Added via app,2024-05-20 19:06:46,,238272885,9198401874,9933623760,Pooja Agarwal,53,India,,5343674,,7570000374,True,False,False,True,False,True,False,False,True,True,False,True,False,True,[],0,[],[],2024-06-19 01:32:58,1:32 AM,Can I get a discount?,,,True,[],[],,False,[],False,True,referral,#00AEEF,7570000374,0,4,
Jaipur,79638,Diamond Earrings,MOBILE,91,Rajasthan,Contact added through Website form,2025-04-25 13:08:53,,200538139,9957136015,,Sneha Singh,52,India,,5112018,,7570000375,True,False,True,False,False,True,False,False,False,False,False,True,False,False,[],0,[],[],2025-05-15 06:09:32,6:09 AM,Interested - send more pics,,2025-05-15 06:09:32,False,[],[],,True,[],False,True,marketplace,#FF5733,7570000375,0,4,1755327838
Kolkata,79679,Pearl Necklace,MOBILE,91,West Bengal,Contact added through Website form,2024-09-12 22:26:30,,255236368,9620978931,,Anushka Gupta,52,India,,5954986,,7570000376,True,False,False,True,False,True,False,True,True,False,True,True,True,True,[],0,[],[],2024-09-18 23:40:04,11:40 PM,Is this available in stock?,,2024-09-18 23:40:04,True,[],[],,True,[],True,True,ad,#F4B536,7570000376,0,5,1754982238
Chennai,73380,Polki Earrings,LANDLINE,91,Tamil Nadu,Imported from CSV,2024-05-06 13:25:33,Golden Jewels,260005324,9157826680,9843528875,Raj Patel,52,India,,5151397,,7570000377,False,False,False,False,False,False,False,False,True,False,True,False,False,False,[],0,[],[],2024-05-22 08:12:29,8:12 AM,Need details about Polki Necklace Set,,,False,[],[],,True,[],False,True,referral,#FF5733,7570000377,3,3,
Udaipur,77753,Polki Earrings,LANDLINE,91,Rajasthan,Added manually,2024-11-06 23:27:23,,271080683,9629732882,,Kavita Agarwal,54,India,,5068466,,7570000378,False,False,True,False,False,False,True,False,True,False,False,True,False,True,[],0,[],[],2024-11-17 20:48:11,8:48 PM,Interested - send more pics,,,False,[],[],,True,[],True,True,organic,#FF5733,7570000378,1,3,1755327838
Pune,79411,Mangalsutra,LANDLINE,91,Maharashtra,Contact added through Website form,2025-06-25 00:07:21,,271124566,9196438104,,Rohit Khan,52,India,,5966606,,7570000379,False,False,False,False,False,True,False,False,True,False,False,True,True,False,[],0,[],[],2025-07-02 05:49:56,5:49 AM,Need details about Silver Anklet,,,False,[],[],,False,[],True,True,referral,#22C55E,7570000379,2,0,
Jaipur,71690,Pearl Necklace,MOBILE,91,Rajasthan,Imported from CSV,2024-02-14 07:27:44,,275854351,9147098055,,Isha Sharma,52,India,,5939445,,7570000380,True,True,False,True,False,True,False,False,True,False,False,True,False,True,[],0,[],[],2024-03-07 23:39:11,11:39 PM,Please share price and images,,,True,[],[],,True,[],False,True,referral,#FF5733,7570000380,,3,
Delhi,76747,Silver Anklet,LANDLINE,91,Delhi,Added manually,2024-08-22 20:57:34,,244391723,9095251839,,Amit Nair,52,India,,5104955,,7570000381,True,True,False,False,False,True,True,False,True,True,False,True,True,False,[],0,[],[],2024-09-05 08:28:06,8:28 AM,Please share price and images,,,False,[],[],,True,[],False,True,organic,#F4B536,7570000381,3,0,
Bengaluru,77074,Diamond Earrings,LANDLINE,91,Karnataka,Contact added through Website form,2025-04-30 13:45:56,,220660064,9067933472,9170798896,Ankit Rathore,52,India,,5721333,,7570000382,True,False,False,True,False,True,False,False,False,True,False,False,True,False,[],0,[],[],2025-04-30 22:38:48,10:38 PM,Can I get a discount?,,2025-04-30 22:38:48,False,[],[],,False,[],False,False,ad,#F4B536,7570000382,,1,
Hyderabad,77616,Pearl Necklace,LANDLINE,91,Telangana,Imported from CSV,2024-05-09 01:57:30,,212217134,9624276204,,Pooja Kapoor,52,India,,5917215,,7570000383,True,False,True,True,False,True,False,True,False,True,True,False,False,True,[],0,[],[],2024-05-20 05:37:20,5:37 AM,Is this available in stock?,,2024-05-20 05:37:20,False,[],[],,True,[],True,True,organic,#FF5733,7570000383,0,5,
Hyderabad,71313,Polki Necklace Set,MOBILE,91,Telangana,Contact added through Website form,2024-10-09 12:17:40,,299017935,9345575662,,Priya Agarwal,51,India,,5797064,,7570000384,True,False,True,True,False,True,False,True,True,False,False,False,False,True,[],0,[],[],2024-10-10 23:12:01,11:12 PM,Please share price and images,,2024-10-10 23:12:01,True,[],[],,True,[],True,True,marketplace,#00AEEF,7570000384,,0,
Mumbai,74734,Polki Necklace Set,MOBILE,91,Maharashtra,Contact added through Website form,2025-01-23 17:04:16,,267298838,9846441270,,Priya Gupta,53,India,,5651852,,7570000385,False,False,False,False,True,False,False,False,True,False,False,True,True,False,[],0,[],[],2025-01-25 16:07:15,4:07 PM,Is this available in stock?,,,True,[],[],,False,[],False,True,organic,#00AEEF,7570000385,0,4,
Kolkata,70686,Pearl Necklace,LANDLINE,91,West Bengal,Contact added through Website form,2024-02-24 14:48:31,,274161109,9042279655,,Kavita Naik,52,India,,5748985,,7570000386,True,True,False,True,True,False,False,True,True,False,False,True,True,True,[],0,[],[],2024-03-05 17:02:56,5:02 PM,Is this available in stock?,,,False,[],[],,True,[],True,True,organic,#22C55E,7570000386,3,1,
Mumbai,76554,Polki Necklace Set,MOBILE,91,Maharashtra,Added manually,2025-08-08 23:29:25,,283090797,9316916095,9560196312,Sneha Singh,52,India,,5710832,,7570000387,False,False,True,False,False,True,False,True,False,False,False,True,False,True,[],0,[],[],2025-08-08 23:29:25,11:29 PM,Need details about Polki Earrings,,2025-08-08 23:29:25,True,[],[],,True,[],False,False,referral,#FF5733,7570000387,,3,
Ahmedabad,76181,Gold Ring,LANDLINE,91,Gujarat,Imported from CSV,2024-10-24 18:40:37,,241302750,9850504212,,Amit Singh,52,India,,5431165,,7570000388,False,False,False,True,False,True,False,True,False,False,False,True,True,True,[],0,[],[],2024-11-21 17:25:37,5:25 PM,Interested - send more pics,,2024-11-21 17:25:37,False,[],[],,True,[],True,False,ad,#FF5733,7570000388,,4,1755068638
Ahmedabad,78621,Kundan Bracelet,LANDLINE,91,Gujarat,Imported from CSV,2024-02-19 22:04:49,,262605861,9943385841,9584521339,Ravi Mishra,53,India,,5756287,,7570000389,True,False,True,True,True,True,False,False,False,False,True,False,False,True,[],0,[],[],2024-02-29 13:29:16,1:29 PM,Need details about Polki Necklace Set,,,True,[],[],,True,[],True,True,organic,#00AEEF,7570000389,0,1,
Mumbai,79784,Polki Earrings,MOBILE,91,Maharashtra,Added manually,2025-01-21 12:09:18,Golden Jewels,270312606,9014087710,,Ravi Khan,54,India,,5969226,,7570000390,False,False,True,True,False,True,True,True,False,False,False,True,True,True,[],0,[],[],2025-02-13 10:23:34,10:23 AM,Please share price and images,,,True,[],[],,False,[],True,True,ad,#FF5733,7570000390,0,5,
Jaipur,73934,Mangalsutra,MOBILE,91,Rajasthan,Added via app,2024-03-19 03:21:28,,260571378,9359908886,,Karan Gupta,53,India,,5288379,,7570000391,False,False,False,True,True,True,False,True,True,True,False,False,True,True,[],0,[],[],2024-03-31 12:37:33,12:37 PM,Need details about Kundan Bracelet,,,True,[],[],,False,[],False,False,organic,#F4B536,7570000391,,0,
Chennai,73487,Gold Ring,LANDLINE,91,Tamil Nadu,Added manually,2024-12-14 12:57:14,,213414490,9188450446,9272759324,Maya Singh,52,India,,5999069,,7570000392,False,False,False,True,True,True,False,True,False,False,False,False,True,True,[],0,[],[],2024-12-17 01:35:56,1:35 AM,Can I get a discount?,,2024-12-17 01:35:56,True,[],[],,True,[],False,True,organic,#F4B536,7570000392,0,3,
Udaipur,79923,Pearl Necklace,LANDLINE,91,Rajasthan,Imported from CSV,2024-03-07 10:32:05,,206374169,9395397717,9623676092,Anushka Bhat,54,India,,5532046,,7570000393,False,False,True,False,False,True,False,False,True,False,False,True,True,True,[],0,[],[],2024-03-21 07:28:27,7:28 AM,Interested - send more pics,,,True,[],[],,True,[],True,True,ad,#FF5733,7570000393,,4,
Kolkata,79239,Gold Ring,LANDLINE,91,West Bengal,Added manually,2024-01-24 20:18:46,ABC Traders,275141628,9058811546,,Sneha Agarwal,54,India,,5983070,,7570000394,True,False,False,False,False,False,False,False,True,True,False,True,False,True,[],0,[],[],2024-02-16 19:22:17,7:22 PM,Need details about Polki Earrings,,,False,[],[],,True,[],True,True,marketplace,#00AEEF,7570000394,3,1,
Pune,75877,Mangalsutra,MOBILE,91,Maharashtra,Imported from CSV,2024-09-29 03:24:14,,273081609,9157423726,,Sneha Kapoor,54,India,,5709418,,7570000395,True,False,True,False,False,True,False,False,False,False,False,True,False,True,[],0,[],[],2024-10-25 20:54:56,8:54 PM,Need details about Polki Earrings,,,True,[],[],,False,[],True,True,organic,#22C55E,7570000395,0,3,
Udaipur,71913,Mangalsutra,MOBILE,91,Rajasthan,Added via app,2024-07-16 22:16:41,,251967417,9216958854,,Siddharth Singh,51,India,,5528376,,7570000396,True,False,False,False,False,True,False,False,True,False,False,True,False,True,[],0,[],[],2024-08-02 04:23:45,4:23 AM,Need details about Polki Earrings,,,False,[],[],,False,[],False,False,marketplace,#FF5733,7570000396,,0,
Kolkata,76744,Pearl Necklace,LANDLINE,91,West Bengal,Contact added through Website form,2024-01-20 20:13:25,ABC Traders,290112900,9640285150,,Maya Gupta,53,India,,5136345,,7570000397,False,False,True,False,False,True,False,False,True,False,False,False,False,False,[],0,[],[],2024-01-25 07:29:32,7:29 AM,Please share price and images,,,False,[],[],,True,[],False,True,organic,#22C55E,7570000397,3,5,
Jaipur,79878,Pearl Necklace,LANDLINE,91,Rajasthan,Added via app,2025-03-08 08:39:51,,221928870,9407838874,,Kavita Patel,52,India,,5000487,,7570000398,False,True,False,False,False,False,False,True,True,True,False,True,True,True,[],0,[],[],2025-04-02 06:41:43,6:41 AM,Interested - send more pics,,2025-04-02 06:41:43,True,[],[],,False,[],False,False,organic,#FF5733,7570000398,,5,
Kolkata,77707,Polki Necklace Set,MOBILE,91,West Bengal,Contact added through Website form,2025-04-19 18:11:31,Golden Jewels,271696670,9996093059,,Neha Patel,51,India,,5113542,,7570000399,False,False,True,False,False,True,False,False,True,False,False,True,True,True,[],0,[],[],2025-05-14 16:20:08,4:20 PM,Interested - send more pics,,,False,[],[],,False,[],True,False,ad,#22C55E,7570000399,,1,1754982238
Hyderabad,77023,Diamond Earrings,MOBILE,91,Telangana,Added via app,2025-05-04 02:13:27,,254060403,9995471857,9487021077,Arjun Naik,54,India,,5713813,,7570000400,True,False,True,False,False,False,False,False,True,False,False,True,False,True,[],0,[],[],2025-05-23 15:21:22,3:21 PM,Please share price and images,,,True,[],[],,True,[],True,True,ad,#F4B536,7570000400,0,3,1755155038
Kolkata,77482,Polki Necklace Set,MOBILE,91,West Bengal,Imported from CSV,2024-10-01 08:33:50,ABC Traders,279748303,9598639425,,Vikram Naik,53,India,,5041350,,7570000401,True,False,False,False,False,True,True,False,False,True,True,True,True,True,[],0,[],[],2024-10-22 05:30:17,5:30 AM,Can I get a discount?,,,False,[],[],,True,[],False,True,marketplace,#F4B536,7570000401,2,4,
Hyderabad,76580,Gold Ring,MOBILE,91,Telangana,Added manually,2024-07-10 00:57:16,,260073059,9512820638,,Kavita Reddy,54,India,,5409464,,7570000402,True,False,False,True,False,True,False,False,False,True,True,True,False,True,[],0,[],[],2024-08-08 22:09:37,10:09 PM,Can I get a discount?,,,True,[],[],,False,[],True,True,referral,#F4B536,7570000402,0,3,
Kolkata,75437,Silver Anklet,LANDLINE,91,West Bengal,Added via app,2024-05-07 06:06:49,,292021340,9611166848,,Anushka Kapoor,54,India,,5478816,,7570000403,False,False,True,False,False,True,False,False,True,True,False,False,True,False,[],0,[],[],2024-05-20 19:52:04,7:52 PM,Please share price and images,,,False,[],[],,True,[],False,True,referral,#FF5733,7570000403,1,4,
Mumbai,75625,Kundan Bracelet,MOBILE,91,Maharashtra,Added manually,2024-08-14 08:05:33,,252220968,9617877949,,Vikram Nair,51,India,,5175824,,7570000404,False,False,False,False,True,True,False,False,False,False,False,True,True,True,[],0,[],[],2024-08-31 00:05:42,12:05 AM,Interested - send more pics,,,True,[],[],,True,[],False,True,marketplace,#FF5733,7570000404,,4,
Pune,73866,Polki Earrings,LANDLINE,91,Maharashtra,Contact added through Website form,2025-01-07 07:39:09,,236122524,9040469917,,Karan Chopra,53,India,,5831994,,7570000405,True,False,False,False,False,True,True,False,False,True,True,True,False,True,[],0,[],[],2025-01-26 11:18:50,11:18 AM,Need details about Silver Anklet,,2025-01-26 11:18:50,False,[],[],,True,[],False,True,organic,#00AEEF,7570000405,0,2,1755068638
Mumbai,77481,Polki Necklace Set,LANDLINE,91,Maharashtra,Added via app,2025-06-20 17:13:02,,251396315,9568237183,9131011214,Rahul Rathore,53,India,,5645627,,7570000406,True,False,False,True,False,True,False,False,False,True,False,False,False,False,[],0,[],[],2025-07-17 23:23:43,11:23 PM,Can I get a discount?,,,False,[],[],,True,[],False,False,referral,#22C55E,7570000406,0,0,1755414238
Mumbai,78225,Polki Necklace Set,MOBILE,91,Maharashtra,Added via app,2025-03-14 12:05:54,,217300241,9659688210,9089096814,Manish Kohli,52,India,,5319335,,7570000407,True,False,True,True,False,False,True,False,True,False,False,False,True,False,[],0,[],[],2025-03-15 17:41:11,5:41 PM,Interested - send more pics,,,True,[],[],,False,[],False,False,marketplace,#22C55E,7570000407,,1,
Ahmedabad,73638,Silver Anklet,MOBILE,91,Gujarat,Added via app,2025-03-27 10:39:20,,256783807,9965152986,,Arjun Gupta,51,India,,5470815,,7570000408,True,True,False,False,False,True,True,False,True,True,True,True,False,True,[],0,[],[],2025-04-16 12:09:39,12:09 PM,Can I get a discount?,,,True,[],[],,True,[],True,False,referral,#22C55E,7570000408,,1,
Chennai,70396,Pearl Necklace,LANDLINE,91,Tamil Nadu,Added via app,2025-06-15 03:10:15,,271472700,9823490206,,Isha Bhat,53,India,,5173077,,7570000409,False,False,False,False,True,False,True,True,False,False,False,True,True,True,[],0,[],[],2025-07-07 06:28:52,6:28 AM,Interested - send more pics,,,False,[],[],,True,[],False,False,ad,#F4B536,7570000409,0,1,
Ahmedabad,73559,Kundan Bracelet,LANDLINE,91,Gujarat,Imported from CSV,2024-01-30 11:51:46,Shree Enterprises,275763872,9625513051,9899646413,Ankit Mehta,53,India,,5687232,,7570000410,False,False,False,False,False,True,False,False,True,True,False,False,False,True,[],0,[],[],2024-02-08 07:39:45,7:39 AM,Can I get a discount?,,2024-02-08 07:39:45,False,[],[],,True,[],False,False,ad,#FF5733,7570000410,1,1,1755327838
Pune,75449,Pearl Necklace,MOBILE,91,Maharashtra,Imported from CSV,2025-05-25 22:15:12,,235035917,9272619016,,Rohit Sharma,54,India,,5907472,,7570000411,True,True,False,False,False,True,False,True,True,False,False,True,False,False,[],0,[],[],2025-05-31 13:57:39,1:57 PM,Is this available in stock?,,2025-05-31 13:57:39,True,[],[],,True,[],False,False,organic,#FF5733,7570000411,3,1,
Hyderabad,78010,Kundan Bracelet,LANDLINE,91,Telangana,Added via app,2025-05-30 18:25:11,,281413784,9736602505,9556868272,Rahul Jain,54,India,,5850219,,7570000412,True,False,True,False,False,True,False,True,False,False,False,True,False,False,[],0,[],[],2025-06-27 09:15:39,9:15 AM,Interested - send more pics,,,True,[],[],,True,[],True,True,ad,#00AEEF,7570000412,2,3,
Delhi,77831,Gold Ring,MOBILE,91,Delhi,Added manually,2024-02-28 22:17:06,,237203031,9931854307,9207072487,Priya Kohli,51,India,,5685511,,7570000413,False,True,False,False,False,True,True,False,True,True,False,False,False,False,[],0,[],[],2024-03-09 11:01:44,11:01 AM,Need details about Polki Necklace Set,,,True,[],[],,True,[],True,False,marketplace,#F4B536,7570000413,0,0,
Jaipur,70522,Polki Earrings,MOBILE,91,Rajasthan,Added manually,2025-06-25 15:56:01,,259927008,9776314648,,Kavita Verma,52,India,,5142592,,7570000414,True,False,False,False,True,True,False,False,True,False,False,True,False,True,[],0,[],[],2025-07-07 17:39:34,5:39 PM,Please share price and images,,,False,[],[],,True,[],True,True,referral,#22C55E,7570000414,,1,
Chennai,75733,Pearl Necklace,MOBILE,91,Tamil Nadu,Contact added through Website form,2024-01-02 07:48:50,,296848050,9901563090,9870229749,Deepak Mehta,54,India,,5398978,,7570000415,True,False,True,True,False,True,False,False,False,False,False,True,True,True,[],0,[],[],2024-01-29 22:35:44,10:35 PM,Is this available in stock?,,2024-01-29 22:35:44,False,[],[],,True,[],False,True,referral,#FF5733,7570000415,,4,
Bengaluru,70988,Kundan Bracelet,MOBILE,91,Karnataka,Imported from CSV,2024-03-28 15:42:01,ABC Traders,222327365,9665102292,,Isha Nair,53,India,,5628167,,7570000416,False,False,False,True,False,True,False,False,True,False,True,True,True,True,[],0,[],[],2024-04-18 08:15:28,8:15 AM,Can I get a discount?,,,False,[],[],,False,[],False,False,organic,#00AEEF,7570000416,0,4,
Bengaluru,76965,Gold Ring,MOBILE,91,Karnataka,Contact added through Website form,2024-04-18 04:58:58,,223150209,9264245218,,Anushka Rathore,51,India,,5991711,,7570000417,True,True,False,True,False,True,False,False,False,False,False,True,False,True,[],0,[],[],2024-04-30 09:32:05,9:32 AM,Interested - send more pics,,2024-04-30 09:32:05,False,[],[],,False,[],True,True,organic,#F4B536,7570000417,,3,1754982238
Delhi,78329,Polki Earrings,LANDLINE,91,Delhi,Added via app,2024-02-25 16:49:08,,205697626,9486365460,,Maya Singh,52,India,,5428434,,7570000418,True,True,False,False,True,True,False,False,True,False,False,False,False,True,[],0,[],[],2024-03-07 19:50:36,7:50 PM,Can I get a discount?,,2024-03-07 19:50:36,True,[],[],,True,[],True,False,ad,#FF5733,7570000418,,2,
Bengaluru,77167,Pearl Necklace,MOBILE,91,Karnataka,Contact added through Website form,2024-12-27 21:18:16,,252831328,9883896833,,Kavita Bhat,53,India,,5458027,,7570000419,False,False,True,False,False,True,False,True,True,False,True,False,False,True,[],0,[],[],2024-12-30 23:57:24,11:57 PM,Need details about Pearl Necklace,,,True,[],[],,True,[],False,True,referral,#FF5733,7570000419,,4,
Pune,74416,Polki Necklace Set,LANDLINE,91,Maharashtra,Added manually,2024-03-08 11:31:46,Shree Enterprises,277063639,9338279112,,Isha Singh,54,India,,5003173,,7570000420,True,False,False,True,True,False,False,False,True,False,False,True,True,False,[],0,[],[],2024-03-16 20:03:52,8:03 PM,Please share price and images,,,False,[],[],,False,[],False,False,ad,#FF5733,7570000420,2,0,1755414238
Delhi,78444,Polki Earrings,MOBILE,91,Delhi,Added manually,2025-08-05 04:08:54,Golden Jewels,289889840,9639006672,,Raj Kumar,51,India,,5619682,,7570000421,False,True,False,True,False,True,True,False,True,False,True,True,False,True,[],0,[],[],2025-08-05 04:08:54,4:08 AM,Interested - send more pics,,,True,[],[],,True,[],False,True,marketplace,#FF5733,7570000421,,3,1755068638
Hyderabad,78251,Diamond Earrings,MOBILE,91,Telangana,Contact added through Website form,2024-02-01 02:34:14,,284015019,9311134568,9545694386,Maya Sharma,53,India,,5616192,,7570000422,False,False,False,True,False,True,True,False,True,False,False,False,False,True,[],0,[],[],2024-02-27 15:25:36,3:25 PM,Is this available in stock?,,,True,[],[],,False,[],False,False,organic,#F4B536,7570000422,0,3,1755673438
Bengaluru,72709,Pearl Necklace,MOBILE,91,Karnataka,Added via app,2025-05-31 05:28:38,,280517444,9454702302,,Arjun Naik,53,India,,5702978,,7570000423,True,False,True,True,True,False,False,True,False,True,False,True,False,True,[],0,[],[],2025-06-22 17:19:46,5:19 PM,Please share price and images,,,False,[],[],,True,[],False,True,marketplace,#FF5733,7570000423,3,5,
Kolkata,74637,Polki Earrings,MOBILE,91,West Bengal,Contact added through Website form,2024-09-28 22:16:30,,281849299,9412027676,,Rahul Mishra,52,India,,5394594,,7570000424,True,False,True,False,False,True,True,False,False,True,False,True,False,False,[],0,[],[],2024-10-19 18:27:19,6:27 PM,Interested - send more pics,,,True,[],[],,True,[],True,False,ad,#00AEEF,7570000424,0,0,
Ahmedabad,79862,Kundan Bracelet,LANDLINE,91,Gujarat,Imported from CSV,2024-03-05 03:14:49,Golden Jewels,277275890,9456248404,,Sneha Joshi,54,India,,5071460,,7570000425,True,False,False,True,True,False,True,False,True,False,False,True,False,True,[],0,[],[],2024-03-19 16:39:19,4:39 PM,Please share price and images,,,True,[],[],,True,[],False,False,referral,#22C55E,7570000425,,0,
Jaipur,77027,Gold Ring,LANDLINE,91,Rajasthan,Added manually,2024-10-23 09:57:41,ABC Traders,242665624,9033893513,9748413676,Ravi Mishra,52,India,,5681874,,7570000426,True,True,False,True,False,True,False,True,False,False,False,True,True,False,[],0,[],[],2024-10-24 18:52:50,6:52 PM,Interested - send more pics,,2024-10-24 18:52:50,False,[],[],,True,[],False,False,marketplace,#FF5733,7570000426,0,4,
Pune,79003,Polki Earrings,LANDLINE,91,Maharashtra,Contact added through Website form,2025-08-03 11:22:20,,259102324,9998912533,,Deepak Kapoor,52,India,,5326752,,7570000427,True,False,False,False,False,True,True,False,True,False,False,True,False,True,[],0,[],[],2025-08-07 20:34:28,8:34 PM,Interested - send more pics,,,False,[],[],,True,[],False,False,ad,#22C55E,7570000427,2,2,1755155038
Pune,74258,Polki Earrings,LANDLINE,91,Maharashtra,Imported from CSV,2025-05-12 00:16:46,,243976954,9643701616,,Ravi Joshi,54,India,,5390477,,7570000428,False,False,False,True,False,True,False,False,False,False,True,False,False,True,[],0,[],[],2025-05-14 09:32:43,9:32 AM,Can I get a discount?,,,False,[],[],,True,[],True,True,marketplace,#00AEEF,7570000428,,0,
Hyderabad,79971,Diamond Earrings,LANDLINE,91,Telangana,Added via app,2025-01-13 09:23:48,,203877729,9140505379,,Rohit Mehta,51,India,,5445803,,7570000429,False,False,False,False,False,True,True,False,True,False,True,True,True,True,[],0,[],[],2025-02-02 00:35:57,12:35 AM,Can I get a discount?,,,False,[],[],,True,[],False,False,referral,#22C55E,7570000429,1,3,
Jaipur,76392,Mangalsutra,MOBILE,91,Rajasthan,Contact added through Website form,2024-04-12 03:21:37,,203724394,9084895487,,Vikram Mishra,51,India,,5108691,,7570000430,False,False,False,True,False,True,True,False,False,False,True,False,False,False,[],0,[],[],2024-04-30 05:21:54,5:21 AM,Please share price and images,,,False,[],[],,True,[],True,True,organic,#FF5733,7570000430,2,4,
Delhi,77843,Diamond Earrings,LANDLINE,91,Delhi,Added via app,2025-01-30 19:22:48,Golden Jewels,245922639,9461798876,,Karan Jain,53,India,,5239050,,7570000431,True,False,False,False,False,False,False,True,True,True,False,False,False,True,[],0,[],[],2025-02-02 03:24:47,3:24 AM,Can I get a discount?,,,True,[],[],,True,[],True,True,ad,#FF5733,7570000431,2,3,
Hyderabad,78048,Polki Earrings,MOBILE,91,Telangana,Added manually,2025-04-06 15:57:40,,291559588,9666568218,9091125018,Maya Kohli,52,India,,5985750,,7570000432,True,True,False,False,True,True,False,True,True,True,False,True,True,True,[],0,[],[],2025-04-25 23:49:56,11:49 PM,Is this available in stock?,,2025-04-25 23:49:56,True,[],[],,False,[],False,True,ad,#00AEEF,7570000432,1,1,
Delhi,75006,Pearl Necklace,LANDLINE,91,Delhi,Contact added through Website form,2024-04-16 18:44:23,Rising Exports,201585823,9921097040,9751624282,Rohit Chopra,52,India,,5037501,,7570000433,False,False,False,False,False,False,False,True,True,True,False,True,True,True,[],0,[],[],2024-04-20 03:16:28,3:16 AM,Can I get a discount?,,,True,[],[],,True,[],False,True,referral,#FF5733,7570000433,0,5,
Hyderabad,77479,Diamond Earrings,MOBILE,91,Telangana,Added via app,2025-07-05 14:03:13,Rising Exports,267422829,9709819021,,Ravi Gupta,54,India,,5537387,,7570000434,False,True,False,True,False,False,False,False,True,False,False,True,False,False,[],0,[],[],2025-08-02 03:42:12,3:42 AM,Is this available in stock?,,,True,[],[],,True,[],False,True,ad,#FF5733,7570000434,3,4,
Jaipur,79006,Kundan Bracelet,MOBILE,91,Rajasthan,Imported from CSV,2025-08-03 07:38:56,,267104727,9420796380,9168702405,Ravi Gupta,51,India,,5031544,,7570000435,True,False,True,True,True,True,False,False,False,False,False,True,True,True,[],0,[],[],2025-08-03 07:38:56,7:38 AM,Can I get a discount?,,2025-08-03 07:38:56,True,[],[],,False,[],True,False,marketplace,#F4B536,7570000435,0,4,
Bengaluru,75231,Diamond Earrings,MOBILE,91,Karnataka,Added via app,2025-06-06 01:43:28,,287224832,9688433093,9633113217,Rohit Khan,53,India,,5255819,,7570000436,True,True,True,True,False,False,True,True,False,False,False,True,False,True,[],0,[],[],2025-06-29 11:58:48,11:58 AM,Need details about Pearl Necklace,,,True,[],[],,False,[],False,True,marketplace,#22C55E,7570000436,3,2,
Kolkata,76077,Mangalsutra,LANDLINE,91,West Bengal,Added manually,2024-08-18 10:16:27,,240143289,9092923494,9755999768,Priya Sharma,51,India,,5909643,,7570000437,True,False,False,False,False,True,True,False,False,False,False,True,False,True,[],0,[],[],2024-08-18 12:07:17,12:07 PM,Interested - send more pics,,,True,[],[],,False,[],False,True,marketplace,#F4B536,7570000437,,3,
Kolkata,72959,Polki Necklace Set,MOBILE,91,West Bengal,Imported from CSV,2025-04-10 13:43:41,,248723900,9906123163,,Anushka Naik,53,India,,5475565,,7570000438,True,False,True,False,True,True,True,False,True,False,False,False,False,True,[],0,[],[],2025-04-11 16:57:37,4:57 PM,Can I get a discount?,,,False,[],[],,True,[],True,True,ad,#22C55E,7570000438,,5,
Jaipur,71582,Mangalsutra,LANDLINE,91,Rajasthan,Imported from CSV,2024-05-28 10:12:23,,272720596,9856024190,9592088966,Manish Kumar,54,India,,5705664,,7570000439,True,False,True,False,False,False,True,True,False,True,False,False,False,True,[],0,[],[],2024-06-01 21:16:48,9:16 PM,Can I get a discount?,,,True,[],[],,True,[],False,True,ad,#00AEEF,7570000439,,4,
Udaipur,70815,Kundan Bracelet,MOBILE,91,Rajasthan,Added via app,2024-12-16 14:55:40,Shree Enterprises,208505287,9428743432,,Amit Naik,52,India,,5662824,,7570000440,False,False,True,True,True,False,False,False,True,True,False,True,False,False,[],0,[],[],2024-12-29 23:27:10,11:27 PM,Is this available in stock?,,,True,[],[],,False,[],False,False,organic,#22C55E,7570000440,,0,
Udaipur,71498,Diamond Earrings,LANDLINE,91,Rajasthan,Contact added through Website form,2024-07-01 16:53:14,,215591892,9399218823,9655431781,Anushka Khan,51,India,,5602261,,7570000441,True,False,True,False,False,True,True,False,True,False,False,True,True,True,[],0,[],[],2024-07-07 00:07:22,12:07 AM,Please share price and images,,,True,[],[],,True,[],False,False,referral,#00AEEF,7570000441,0,5,
Hyderabad,77673,Pearl Necklace,MOBILE,91,Telangana,Added manually,2025-02-26 12:32:49,ABC Traders,255459350,9596284182,,Sneha Naik,52,India,,5621908,,7570000442,True,False,False,True,False,True,True,True,False,False,True,True,False,True,[],0,[],[],2025-03-04 21:45:41,9:45 PM,Is this available in stock?,,2025-03-04 21:45:41,False,[],[],,True,[],False,False,marketplace,#00AEEF,7570000442,0,4,
Mumbai,76892,Kundan Bracelet,LANDLINE,91,Maharashtra,Added via app,2025-03-21 01:25:01,Golden Jewels,271127300,9435543580,9585908727,Rohit Chopra,53,India,,5063413,,7570000443,False,False,False,False,False,True,False,True,False,False,True,False,False,True,[],0,[],[],2025-04-10 21:32:56,9:32 PM,Can I get a discount?,,,False,[],[],,False,[],True,False,marketplace,#FF5733,7570000443,1,3,
Pune,70557,Polki Necklace Set,MOBILE,91,Maharashtra,Imported from CSV,2024-04-19 01:32:51,,272590604,9357885126,9348485542,Kavita Sharma,51,India,,5982429,,7570000444,False,False,True,True,False,False,False,False,False,False,False,True,False,True,[],0,[],[],2024-05-13 00:22:55,12:22 AM,Interested - send more pics,,,True,[],[],,False,[],False,True,organic,#FF5733,7570000444,2,5,1755068638
Ahmedabad,75140,Silver Anklet,MOBILE,91,Gujarat,Imported from CSV,2024-06-10 15:12:26,Rising Exports,275952511,9936220121,9011355547,Sneha Kumar,53,India,,5374702,,7570000445,False,True,False,False,True,False,True,False,True,False,False,True,False,True,[],0,[],[],2024-06-13 02:21:47,2:21 AM,Interested - send more pics,,,True,[],[],,True,[],False,True,organic,#F4B536,7570000445,,0,1755327838
Bengaluru,70199,Mangalsutra,MOBILE,91,Karnataka,Added via app,2024-01-04 10:06:03,,227281556,9963428181,,Manish Mehta,53,India,,5723548,,7570000446,True,False,False,False,False,False,True,False,False,False,True,False,False,True,[],0,[],[],2024-01-21 07:47:40,7:47 AM,Need details about Polki Necklace Set,,,False,[],[],,True,[],False,True,organic,#22C55E,7570000446,,1,
Jaipur,78957,Diamond Earrings,MOBILE,91,Rajasthan,Imported from CSV,2024-02-15 08:47:51,,251923119,9471622115,,Isha Verma,53,India,,5751964,,7570000447,False,False,True,True,False,False,False,False,True,False,False,True,True,False,[],0,[],[],2024-03-09 14:51:07,2:51 PM,Need details about Silver Anklet,,2024-03-09 14:51:07,True,[],[],,False,[],False,False,ad,#22C55E,7570000447,2,4,
Hyderabad,74174,Gold Ring,MOBILE,91,Telangana,Contact added through Website form,2025-08-09 05:26:28,,224665225,9065657494,,Ravi Bhat,51,India,,5610389,,7570000448,False,True,False,False,True,True,False,False,False,False,True,True,True,True,[],0,[],[],2025-08-09 05:26:28,5:26 AM,Can I get a discount?,,,True,[],[],,True,[],True,False,referral,#22C55E,7570000448,0,1,
Hyderabad,77391,Mangalsutra,MOBILE,91,Telangana,Imported from CSV,2024-06-24 21:36:20,Golden Jewels,243389587,9607301562,9094195977,Deepak Khan,54,India,,5898849,,7570000449,True,False,False,False,False,True,True,True,False,False,False,True,False,False,[],0,[],[],2024-07-23 17:11:44,5:11 PM,Can I get a discount?,,2024-07-23 17:11:44,False,[],[],,True,[],True,True,organic,#FF5733,7570000449,,3,
Pune,72800,Silver Anklet,MOBILE,91,Maharashtra,Added manually,2024-05-07 19:00:52,,209063074,9973781137,9843613555,Kavita Patel,51,India,,5369698,,7570000450,True,False,False,True,False,True,False,False,False,False,True,False,False,True,[],0,[],[],2024-06-04 14:26:02,2:26 PM,Please share price and images,,,False,[],[],,True,[],False,True,ad,#F4B536,7570000450,0,3,
Mumbai,78331,Gold Ring,MOBILE,91,Maharashtra,Imported from CSV,2025-06-05 10:03:10,,278099210,9965524418,,Siddharth Mishra,54,India,,5502888,,7570000451,True,True,True,False,False,True,True,False,True,True,False,True,False,True,[],0,[],[],2025-06-21 12:30:35,12:30 PM,Please share price and images,,,False,[],[],,True,[],True,True,ad,#F4B536,7570000451,0,2,
Pune,73215,Polki Earrings,MOBILE,91,Maharashtra,Imported from CSV,2024-01-14 04:38:42,Golden Jewels,294100154,9722763821,,Anushka Naik,54,India,,5010703,,7570000452,False,False,False,True,False,False,False,False,True,False,True,False,False,True,[],0,[],[],2024-01-15 22:43:22,10:43 PM,Please share price and images,,,True,[],[],,True,[],True,False,ad,#22C55E,7570000452,,5,
Pune,71572,Gold Ring,LANDLINE,91,Maharashtra,Added via app,2024-03-13 00:50:03,,282021157,9240781191,,Anushka Kapoor,51,India,,5563367,,7570000453,True,True,True,False,False,True,False,False,True,True,False,False,True,False,[],0,[],[],2024-03-20 21:27:37,9:27 PM,Is this available in stock?,,,False,[],[],,False,[],True,True,organic,#00AEEF,7570000453,0,4,
Kolkata,77544,Silver Anklet,MOBILE,91,West Bengal,Added via app,2024-06-05 03:03:44,,205446471,9251113725,9998431246,Anushka Agarwal,53,India,,5401777,,7570000454,True,False,False,True,False,True,False,False,True,True,False,False,True,True,[],0,[],[],2024-07-02 19:32:32,7:32 PM,Is this available in stock?,,,True,[],[],,True,[],False,True,marketplace,#F4B536,7570000454,0,4,
Delhi,76732,Polki Necklace Set,LANDLINE,91,Delhi,Contact added through Website form,2025-07-22 11:40:16,,289317146,9987450726,9368854654,Sneha Jain,54,India,,5144121,,7570000455,True,False,False,True,False,False,True,False,False,False,False,True,False,True,[],0,[],[],2025-08-04 10:13:48,10:13 AM,Please share price and images,,,False,[],[],,True,[],True,True,ad,#00AEEF,7570000455,,5,1754982238
Jaipur,75993,Polki Earrings,LANDLINE,91,Rajasthan,Added via app,2025-01-17 09:43:26,,289719331,9536342896,,Rohit Singh,54,India,,5554698,,7570000456,False,False,False,False,False,False,False,False,False,False,False,True,False,True,[],0,[],[],2025-02-04 08:33:58,8:33 AM,Can I get a discount?,,2025-02-04 08:33:58,False,[],[],,True,[],True,True,referral,#00AEEF,7570000456,3,3,
Pune,75440,Silver Anklet,LANDLINE,91,Maharashtra,Added manually,2024-12-15 06:44:56,,282990227,9328940268,,Isha Sharma,54,India,,5961612,,7570000457,True,False,True,True,False,True,True,False,True,False,False,False,True,True,[],0,[],[],2025-01-03 15:44:06,3:44 PM,Please share price and images,,,True,[],[],,True,[],True,False,organic,#00AEEF,7570000457,0,4,
Udaipur,77418,Gold Ring,LANDLINE,91,Rajasthan,Added via app,2025-04-13 08:13:42,Golden Jewels,276043905,9236234705,,Pooja Mehta,51,India,,5432694,,7570000458,False,False,True,False,False,True,True,False,False,True,False,False,False,True,[],0,[],[],2025-04-18 09:41:17,9:41 AM,Please share price and images,,,False,[],[],,True,[],True,False,ad,#FF5733,7570000458,,5,1754982238
Chennai,72418,Kundan Bracelet,MOBILE,91,Tamil Nadu,Added manually,2024-05-15 21:01:08,,229872087,9477503267,,Karan Agarwal,53,India,,5948895,,7570000459,True,False,True,True,True,True,False,False,True,False,True,True,False,False,[],0,[],[],2024-06-05 17:58:32,5:58 PM,Need details about Diamond Earrings,,,False,[],[],,False,[],False,True,organic,#22C55E,7570000459,0,3,
Pune,72022,Kundan Bracelet,LANDLINE,91,Maharashtra,Added via app,2024-03-29 17:59:58,,229208016,9427344964,,Pooja Reddy,52,India,,5800130,,7570000460,True,True,False,False,False,True,False,False,False,True,False,True,False,False,[],0,[],[],2024-04-06 17:37:50,5:37 PM,Is this available in stock?,,2024-04-06 17:37:50,False,[],[],,True,[],False,True,ad,#FF5733,7570000460,,0,
Delhi,75800,Gold Ring,MOBILE,91,Delhi,Added manually,2024-03-30 18:28:09,,230266345,9243349813,,Anushka Nair,52,India,,5135478,,7570000461,False,True,False,False,False,False,True,True,True,False,True,True,False,True,[],0,[],[],2024-04-16 18:15:29,6:15 PM,Interested - send more pics,,2024-04-16 18:15:29,True,[],[],,True,[],True,False,marketplace,#00AEEF,7570000461,0,0,
Ahmedabad,73281,Diamond Earrings,MOBILE,91,Gujarat,Contact added through Website form,2024-05-28 07:38:21,,243528399,9809334673,,Neha Kapoor,53,India,,5464116,,7570000462,True,False,False,False,False,True,False,False,False,False,False,True,False,True,[],0,[],[],2024-06-07 20:06:08,8:06 PM,Please share price and images,,,False,[],[],,True,[],False,True,marketplace,#FF5733,7570000462,,5,
Udaipur,74449,Polki Earrings,MOBILE,91,Rajasthan,Added via app,2024-04-17 08:36:14,,253260244,9851458799,,Ravi Khan,51,India,,5716884,,7570000463,False,False,False,True,False,True,False,False,False,True,False,False,True,True,[],0,[],[],2024-04-17 15:57:32,3:57 PM,Can I get a discount?,,2024-04-17 15:57:32,False,[],[],,False,[],False,True,ad,#F4B536,7570000463,,3,
Jaipur,71269,Mangalsutra,MOBILE,91,Rajasthan,Added via app,2024-12-03 15:35:33,,275997625,9986029996,,Raj Jain,54,India,,5803657,,7570000464,True,True,False,True,False,True,False,False,False,False,True,True,False,True,[],0,[],[],2024-12-16 20:03:06,8:03 PM,Is this available in stock?,,,True,[],[],,True,[],False,True,ad,#FF5733,7570000464,0,0,
Kolkata,77581,Diamond Earrings,LANDLINE,91,West Bengal,Added manually,2024-02-07 20:37:18,Golden Jewels,271401187,9694996875,,Raj Mishra,51,India,,5594049,,7570000465,True,False,False,True,True,False,False,False,False,False,False,True,True,True,[],0,[],[],2024-03-04 06:13:01,6:13 AM,Need details about Kundan Bracelet,,,False,[],[],,False,[],False,True,organic,#00AEEF,7570000465,,3,
Udaipur,72597,Pearl Necklace,LANDLINE,91,Rajasthan,Added manually,2024-01-25 12:42:37,,216247241,9074359934,,Ravi Gupta,51,India,,5614563,,7570000466,True,False,False,True,False,False,False,False,False,False,False,True,False,True,[],0,[],[],2024-02-18 03:16:44,3:16 AM,Need details about Polki Earrings,,,True,[],[],,False,[],False,False,organic,#00AEEF,7570000466,0,3,1754982238
Delhi,75783,Diamond Earrings,LANDLINE,91,Delhi,Added manually,2024-02-08 21:26:23,,242242979,9236857562,,Amit Agarwal,53,India,,5732987,,7570000467,False,False,False,False,True,True,False,False,True,False,False,False,True,False,[],0,[],[],2024-02-27 15:18:11,3:18 PM,Can I get a discount?,,,True,[],[],,False,[],False,True,organic,#00AEEF,7570000467,3,2,
Hyderabad,79337,Polki Earrings,LANDLINE,91,Telangana,Imported from CSV,2024-10-15 15:04:16,,245016517,9422486191,,Karan Mishra,53,India,,5641439,,7570000468,False,True,False,False,False,True,False,False,False,False,False,True,False,True,[],0,[],[],2024-11-05 17:26:43,5:26 PM,Need details about Polki Earrings,,,True,[],[],,True,[],True,True,referral,#22C55E,7570000468,0,1,
Pune,78735,Pearl Necklace,MOBILE,91,Maharashtra,Contact added through Website form,2024-10-03 03:37:55,,286240962,9947401973,,Arjun Mehta,51,India,,5807966,,7570000469,True,False,False,False,False,True,False,False,False,False,False,True,True,False,[],0,[],[],2024-10-15 05:56:40,5:56 AM,Is this available in stock?,,2024-10-15 05:56:40,False,[],[],,False,[],False,False,referral,#22C55E,7570000469,,1,1755155038
Pune,70894,Mangalsutra,LANDLINE,91,Maharashtra,Added manually,2024-04-19 04:57:53,,203675662,9963402882,9382006738,Manish Reddy,53,India,,5148305,,7570000470,True,False,True,False,True,False,False,False,False,False,False,True,False,True,[],0,[],[],2024-04-24 18:42:53,6:42 PM,Is this available in stock?,,2024-04-24 18:42:53,True,[],[],,True,[],False,False,organic,#FF5733,7570000470,0,1,
Kolkata,72581,Polki Earrings,LANDLINE,91,West Bengal,Imported from CSV,2024-09-11 07:05:46,,290026340,9145740980,,Kavita Mehta,51,India,,5776849,,7570000471,True,False,False,True,False,True,True,True,False,True,False,True,False,True,[],0,[],[],2024-09-26 08:18:15,8:18 AM,Is this available in stock?,,,True,[],[],,True,[],False,False,marketplace,#00AEEF,7570000471,,3,
Udaipur,74949,Polki Earrings,LANDLINE,91,Rajasthan,Added manually,2024-08-21 19:32:08,,227895721,9342026461,,Neha Mehta,54,India,,5882347,,7570000472,True,False,True,False,False,True,True,True,True,False,False,False,False,True,[],0,[],[],2024-09-08 14:40:13,2:40 PM,Is this available in stock?,,,True,[],[],,True,[],True,True,referral,#22C55E,7570000472,,0,
Kolkata,77475,Kundan Bracelet,MOBILE,91,West Bengal,Imported from CSV,2025-03-13 05:10:11,,249016327,9875942568,,Priya Patel,53,India,,5978127,,7570000473,True,True,True,False,False,False,True,False,True,False,False,True,True,True,[],0,[],[],2025-04-05 10:31:56,10:31 AM,Interested - send more pics,,2025-04-05 10:31:56,True,[],[],,True,[],False,True,organic,#22C55E,7570000473,0,4,
Bengaluru,70853,Pearl Necklace,LANDLINE,91,Karnataka,Added via app,2025-02-27 09:25:40,,250103462,9471744824,9775469593,Kavita Gupta,52,India,,5061330,,7570000474,True,False,False,False,False,True,False,False,True,False,True,True,True,True,[],0,[],[],2025-03-25 22:06:18,10:06 PM,Interested - send more pics,,,False,[],[],,False,[],False,True,referral,#00AEEF,7570000474,0,3,1755155038
Delhi,73074,Gold Ring,LANDLINE,91,Delhi,Contact added through Website form,2024-07-09 03:37:51,,260581790,9826159475,9853011821,Rohit Nair,53,India,,5601257,,7570000475,True,True,False,True,False,False,False,True,True,True,False,False,True,True,[],0,[],[],2024-07-15 11:04:51,11:04 AM,Is this available in stock?,,,True,[],[],,False,[],True,True,ad,#FF5733,7570000475,,0,1755500638
Delhi,79135,Mangalsutra,LANDLINE,91,Delhi,Added via app,2024-10-23 05:26:55,,260989006,9175610233,,Neha Reddy,54,India,,5190618,,7570000476,True,True,False,False,False,False,False,False,False,False,False,True,False,True,[],0,[],[],2024-10-30 05:37:09,5:37 AM,Need details about Silver Anklet,,2024-10-30 05:37:09,True,[],[],,True,[],True,False,marketplace,#00AEEF,7570000476,,0,
Ahmedabad,78140,Kundan Bracelet,LANDLINE,91,Gujarat,Imported from CSV,2025-03-13 23:06:26,,234544778,9753756887,9426555697,Vikram Mehta,54,India,,5654221,,7570000477,False,False,True,False,False,True,False,True,False,False,True,True,False,False,[],0,[],[],2025-03-24 02:50:47,2:50 AM,Please share price and images,,,True,[],[],,True,[],False,False,organic,#F4B536,7570000477,0,1,
Udaipur,72484,Diamond Earrings,LANDLINE,91,Rajasthan,Imported from CSV,2025-02-15 08:28:06,Rising Exports,279378026,9339092647,9752834128,Raj Mehta,52,India,,5333180,,7570000478,False,False,True,False,False,True,False,True,False,False,False,True,False,True,[],0,[],[],2025-03-08 12:19:08,12:19 PM,Interested - send more pics,,,True,[],[],,True,[],False,True,ad,#FF5733,7570000478,3,1,
Mumbai,71546,Diamond Earrings,LANDLINE,91,Maharashtra,Added manually,2024-10-30 18:37:05,,223205676,9081893688,,Priya Kumar,54,India,,5820102,,7570000479,True,True,False,True,False,False,False,True,False,False,False,True,False,True,[],0,[],[],2024-11-05 05:52:04,5:52 AM,Can I get a discount?,,2024-11-05 05:52:04,False,[],[],,False,[],False,True,marketplace,#FF5733,7570000479,2,5,1755673438
Kolkata,74616,Diamond Earrings,LANDLINE,91,West Bengal,Imported from CSV,2025-03-21 04:42:27,,253592573,9333710596,9127508942,Vikram Kapoor,52,India,,5785314,,7570000480,True,False,False,True,True,False,True,False,True,False,False,True,False,True,[],0,[],[],2025-03-31 18:21:35,6:21 PM,Can I get a discount?,,,False,[],[],,True,[],False,True,referral,#F4B536,7570000480,,2,
Jaipur,79003,Polki Necklace Set,LANDLINE,91,Rajasthan,Imported from CSV,2025-02-23 00:45:44,,202671254,9235514710,9453385696,Karan Mehta,53,India,,5059782,,7570000481,False,False,True,True,False,True,True,False,True,False,False,True,True,True,[],0,[],[],2025-03-03 04:36:10,4:36 AM,Interested - send more pics,,,False,[],[],,True,[],True,True,organic,#F4B536,7570000481,,5,
Mumbai,77493,Kundan Bracelet,MOBILE,91,Maharashtra,Added manually,2025-07-23 07:31:46,,258538757,9262063464,9190385594,Isha Agarwal,51,India,,5978911,,7570000482,True,False,True,True,False,True,True,False,False,False,True,True,True,False,[],0,[],[],2025-07-23 07:31:46,7:31 AM,Is this available in stock?,,,True,[],[],,True,[],False,True,ad,#00AEEF,7570000482,3,4,1755587038
Hyderabad,77813,Polki Necklace Set,LANDLINE,91,Telangana,Added via app,2024-01-21 14:47:03,Golden Jewels,243669997,9820611315,9751959902,Manish Singh,51,India,,5742650,,7570000483,False,False,True,False,False,True,False,False,True,False,True,False,False,True,[],0,[],[],2024-02-14 00:40:45,12:40 AM,Interested - send more pics,,,False,[],[],,True,[],False,True,organic,#FF5733,7570000483,,3,
Kolkata,78746,Kundan Bracelet,LANDLINE,91,West Bengal,Imported from CSV,2024-12-28 20:55:33,,251602986,9183411133,,Siddharth Rathore,52,India,,5800817,,7570000484,False,True,False,False,False,True,False,True,False,False,False,True,False,True,[],0,[],[],2025-01-02 10:40:39,10:40 AM,Interested - send more pics,,,False,[],[],,True,[],False,True,marketplace,#22C55E,7570000484,0,1,
Pune,77492,Polki Earrings,MOBILE,91,Maharashtra,Imported from CSV,2025-07-26 12:48:49,Rising Exports,241203973,9729839136,,Amit Khan,51,India,,5719324,,7570000485,False,False,False,True,False,True,False,True,False,False,True,False,False,True,[],0,[],[],2025-07-26 12:48:49,12:48 PM,Interested - send more pics,,2025-07-26 12:48:49,False,[],[],,True,[],False,True,organic,#F4B536,7570000485,0,4,
Udaipur,76499,Polki Earrings,LANDLINE,91,Rajasthan,Contact added through Website form,2024-03-03 00:39:29,,253715916,9593647102,,Sneha Bhat,51,India,,5303959,,7570000486,True,False,False,False,False,True,False,False,False,True,True,True,False,True,[],0,[],[],2024-03-29 10:53:17,10:53 AM,Need details about Kundan Bracelet,,2024-03-29 10:53:17,False,[],[],,False,[],True,True,organic,#FF5733,7570000486,2,1,
Kolkata,71668,Polki Earrings,MOBILE,91,West Bengal,Added manually,2024-07-27 00:37:45,Rising Exports,279480231,9933552759,9382135011,Anushka Kapoor,54,India,,5931769,,7570000487,True,False,False,True,True,True,False,False,False,True,True,True,True,False,[],0,[],[],2024-08-13 09:04:21,9:04 AM,Please share price and images,,,True,[],[],,True,[],True,False,referral,#00AEEF,7570000487,,3,1755327838
Pune,70708,Polki Necklace Set,LANDLINE,91,Maharashtra,Imported from CSV,2025-03-08 20:20:20,,252800537,9294483082,,Sneha Mishra,52,India,,5507456,,7570000488,False,False,False,True,False,True,False,False,True,False,False,True,False,True,[],0,[],[],2025-03-28 07:23:07,7:23 AM,Is this available in stock?,,2025-03-28 07:23:07,False,[],[],,False,[],True,False,marketplace,#00AEEF,7570000488,0,2,
Hyderabad,74727,Kundan Bracelet,MOBILE,91,Telangana,Added via app,2024-08-16 21:52:25,,291903481,9349696563,,Siddharth Kohli,51,India,,5823622,,7570000489,False,False,False,False,False,True,True,True,True,True,False,False,True,False,[],0,[],[],2024-09-07 03:06:03,3:06 AM,Need details about Gold Ring,,,False,[],[],,True,[],False,True,marketplace,#22C55E,7570000489,,2,
Hyderabad,74036,Polki Earrings,MOBILE,91,Telangana,Added via app,2024-11-24 20:10:32,,282877501,9596662282,,Neha Khan,53,India,,5363336,,7570000490,False,True,False,False,False,False,False,True,False,False,True,False,True,True,[],0,[],[],2024-12-10 14:30:23,2:30 PM,Please share price and images,,,False,[],[],,False,[],False,False,referral,#22C55E,7570000490,1,1,
Chennai,72312,Polki Earrings,LANDLINE,91,Tamil Nadu,Imported from CSV,2024-10-29 04:04:57,,239938244,9938283963,,Anushka Mehta,52,India,,5459654,,7570000491,False,False,False,True,False,True,True,False,False,False,True,True,True,False,[],0,[],[],2024-11-20 13:28:14,1:28 PM,Can I get a discount?,,,False,[],[],,True,[],False,True,organic,#00AEEF,7570000491,2,0,
Ahmedabad,73216,Pearl Necklace,LANDLINE,91,Gujarat,Added manually,2024-07-07 11:30:14,,201294218,9888209893,,Arjun Khan,52,India,,5299096,,7570000492,True,False,False,True,True,True,False,True,False,False,False,True,False,True,[],0,[],[],2024-07-10 12:25:55,12:25 PM,Can I get a discount?,,2024-07-10 12:25:55,False,[],[],,False,[],False,False,ad,#22C55E,7570000492,,2,
Delhi,73439,Polki Necklace Set,MOBILE,91,Delhi,Contact added through Website form,2024-09-20 13:41:32,,253157438,9630995948,,Priya Kohli,53,India,,5143184,,7570000493,True,True,False,False,False,True,True,True,False,True,False,False,True,True,[],0,[],[],2024-10-11 10:41:31,10:41 AM,Please share price and images,,,False,[],[],,True,[],False,True,marketplace,#00AEEF,7570000493,,2,
Ahmedabad,75383,Polki Necklace Set,MOBILE,91,Gujarat,Imported from CSV,2025-06-16 04:36:09,,285242946,9613122335,,Isha Rathore,54,India,,5744466,,7570000494,True,False,False,False,False,True,False,True,False,True,False,False,False,True,[],0,[],[],2025-07-11 08:28:50,8:28 AM,Is this available in stock?,,,True,[],[],,True,[],False,True,organic,#F4B536,7570000494,0,5,
Delhi,78653,Pearl Necklace,MOBILE,91,Delhi,Added via app,2025-07-03 04:09:12,Rising Exports,267481652,9807438286,,Ankit Sharma,51,India,,5358318,,7570000495,True,True,False,True,True,False,False,False,False,False,False,True,False,True,[],0,[],[],2025-07-07 03:35:32,3:35 AM,Interested - send more pics,,,True,[],[],,True,[],False,True,organic,#00AEEF,7570000495,1,4,
Jaipur,71996,Diamond Earrings,LANDLINE,91,Rajasthan,Added via app,2024-01-11 09:03:07,,277265558,9845319144,,Siddharth Sharma,54,India,,5252844,,7570000496,True,False,False,True,True,True,False,False,True,False,False,True,False,True,[],0,[],[],2024-02-06 05:37:13,5:37 AM,Can I get a discount?,,2024-02-06 05:37:13,False,[],[],,True,[],False,False,ad,#22C55E,7570000496,0,1,
Jaipur,73555,Polki Necklace Set,MOBILE,91,Rajasthan,Added via app,2025-08-04 08:55:57,,292638031,9547240037,9430509514,Sneha Bhat,54,India,,5365616,,7570000497,False,False,False,False,True,True,False,False,False,False,False,True,True,True,[],0,[],[],2025-08-04 08:55:57,8:55 AM,Need details about Silver Anklet,,2025-08-04 08:55:57,False,[],[],,True,[],False,True,organic,#FF5733,7570000497,1,2,1755241438
Mumbai,77486,Kundan Bracelet,LANDLINE,91,Maharashtra,Imported from CSV,2025-03-07 23:40:17,,203781320,9170089241,,Arjun Nair,54,India,,5896805,,7570000498,False,True,False,True,True,True,True,False,False,True,False,False,False,True,[],0,[],[],2025-03-26 08:19:06,8:19 AM,Please share price and images,,2025-03-26 08:19:06,False,[],[],,True,[],True,True,organic,#FF5733,7570000498,0,3,
Bengaluru,72338,Polki Earrings,LANDLINE,91,Karnataka,Contact added through Website form,2025-06-05 03:43:48,,265311205,9223908049,,Ankit Sharma,52,India,,5440085,,7570000499,True,True,False,True,True,False,False,False,False,True,True,True,True,False,[],0,[],[],2025-06-17 22:29:36,10:29 PM,Interested - send more pics,,,False,[],[],,False,[],False,True,ad,#00AEEF,7570000499,2,5,
Ahmedabad,72019,Polki Earrings,MOBILE,91,Gujarat,Imported from CSV,2025-03-11 20:07:36,,260869451,9953768340,,Maya Gupta,52,India,,5278797,,7570000500,False,False,False,True,False,True,False,False,True,True,False,True,False,True,[],0,[],[],2025-04-08 00:30:59,12:30 AM,Can I get a discount?,,2025-04-08 00:30:59,False,[],[],,True,[],True,True,organic,#F4B536,7570000500,0,0,
Delhi,78399,Diamond Earrings,MOBILE,91,Delhi,Added via app,2025-07-12 04:39:00,,285485363,9450038635,9200027050,Ravi Rathore,52,India,,5915771,,7570000501,True,True,False,False,False,False,True,True,False,False,True,True,True,True,[],0,[],[],2025-07-31 09:54:16,9:54 AM,Need details about Polki Earrings,,,True,[],[],,False,[],False,True,organic,#F4B536,7570000501,0,1,
Jaipur,72366,Mangalsutra,LANDLINE,91,Rajasthan,Added manually,2025-04-21 01:01:31,,219353979,9297477863,,Manish Kohli,52,India,,5787116,,7570000502,True,False,False,False,False,False,True,False,True,False,False,True,True,True,[],0,[],[],2025-05-19 13:22:28,1:22 PM,Is this available in stock?,,,False,[],[],,True,[],False,False,ad,#F4B536,7570000502,,5,
Kolkata,77350,Mangalsutra,LANDLINE,91,West Bengal,Imported from CSV,2024-06-04 01:16:46,,293208651,9182359183,,Sneha Khan,53,India,,5684508,,7570000503,False,True,True,False,False,False,False,False,True,False,True,False,True,False,[],0,[],[],2024-06-05 14:19:34,2:19 PM,Interested - send more pics,,,True,[],[],,False,[],True,True,marketplace,#F4B536,7570000503,,4,
Mumbai,72625,Mangalsutra,LANDLINE,91,Maharashtra,Imported from CSV,2025-01-24 20:37:15,,212552604,9219251480,,Rahul Bhat,51,India,,5114459,,7570000504,False,False,False,True,True,False,True,False,True,False,True,False,False,True,[],0,[],[],2025-01-26 20:41:17,8:41 PM,Can I get a discount?,,2025-01-26 20:41:17,True,[],[],,True,[],False,False,ad,#FF5733,7570000504,,5,
Udaipur,72360,Pearl Necklace,LANDLINE,91,Rajasthan,Imported from CSV,2024-03-25 05:10:01,,245945576,9230504270,9289779406,Priya Kapoor,51,India,,5189880,,7570000505,True,False,False,False,False,True,True,False,False,False,True,True,False,True,[],0,[],[],2024-03-26 00:59:38,12:59 AM,Is this available in stock?,,2024-03-26 00:59:38,False,[],[],,True,[],False,True,referral,#F4B536,7570000505,0,4,
Jaipur,79420,Polki Earrings,LANDLINE,91,Rajasthan,Added via app,2024-04-03 06:12:57,,289578903,9343242122,9576625202,Sneha Patel,54,India,,5115804,,7570000506,True,False,False,True,True,True,False,False,False,False,False,True,False,False,[],0,[],[],2024-04-24 03:02:50,3:02 AM,Interested - send more pics,,,True,[],[],,True,[],True,False,referral,#FF5733,7570000506,3,4,
Udaipur,76613,Silver Anklet,MOBILE,91,Rajasthan,Added via app,2024-07-25 14:18:36,,276675984,9779643548,9884634188,Pooja Verma,54,India,,5772776,,7570000507,False,True,False,False,True,True,False,False,False,False,False,True,True,True,[],0,[],[],2024-08-24 02:35:56,2:35 AM,Need details about Diamond Earrings,,,True,[],[],,True,[],False,False,ad,#F4B536,7570000507,,5,
Delhi,73568,Kundan Bracelet,MOBILE,91,Delhi,Contact added through Website form,2025-06-15 13:43:21,,200265528,9022141829,,Vikram Sharma,51,India,,5063920,,7570000508,False,True,False,True,True,True,True,False,True,False,False,True,False,False,[],0,[],[],2025-06-27 15:26:25,3:26 PM,Interested - send more pics,,,False,[],[],,True,[],False,True,organic,#22C55E,7570000508,0,2,
Hyderabad,71346,Kundan Bracelet,MOBILE,91,Telangana,Added manually,2024-09-07 01:28:45,,273499395,9515427110,9417157152,Vikram Kohli,51,India,,5445914,,7570000509,False,True,True,True,False,True,False,False,False,False,False,True,False,False,[],0,[],[],2024-09-09 12:30:17,12:30 PM,Is this available in stock?,,,True,[],[],,True,[],False,True,referral,#FF5733,7570000509,2,0,
Ahmedabad,75269,Mangalsutra,LANDLINE,91,Gujarat,Imported from CSV,2024-09-13 10:19:03,,250339944,9617137562,,Raj Sharma,51,India,,5989278,,7570000510,True,False,False,True,False,True,False,True,True,False,False,True,False,True,[],0,[],[],2024-10-11 16:24:07,4:24 PM,Is this available in stock?,,,False,[],[],,True,[],True,True,referral,#F4B536,7570000510,0,5,
Ahmedabad,73725,Polki Earrings,MOBILE,91,Gujarat,Imported from CSV,2024-06-12 08:05:33,,248118532,9206860005,,Vikram Gupta,52,India,,5668124,,7570000511,True,True,False,True,True,True,True,False,False,True,True,False,False,True,[],0,[],[],2024-06-29 01:23:42,1:23 AM,Need details about Gold Ring,,2024-06-29 01:23:42,True,[],[],,True,[],True,False,marketplace,#22C55E,7570000511,,3,
Hyderabad,73969,Silver Anklet,MOBILE,91,Telangana,Imported from CSV,2024-04-01 06:23:59,,270111528,9492075731,,Priya Gupta,53,India,,5150286,,7570000512,True,False,False,True,False,False,True,False,False,False,True,False,False,False,[],0,[],[],2024-04-11 00:00:13,12:00 AM,Can I get a discount?,,,True,[],[],,True,[],False,False,organic,#F4B536,7570000512,,1,
Udaipur,75995,Mangalsutra,MOBILE,91,Rajasthan,Added manually,2024-11-12 17:54:23,Golden Jewels,267004252,9798350328,9220071781,Vikram Reddy,52,India,,5754113,,7570000513,True,False,False,False,False,False,True,False,False,True,False,False,False,True,[],0,[],[],2024-11-19 23:23:18,11:23 PM,Is this available in stock?,,2024-11-19 23:23:18,True,[],[],,True,[],False,False,marketplace,#00AEEF,7570000513,0,2,
Ahmedabad,71319,Polki Earrings,LANDLINE,91,Gujarat,Added via app,2024-07-31 13:09:56,Golden Jewels,288904677,9620817231,,Pooja Nair,52,India,,5167398,,7570000514,False,False,False,True,False,True,False,False,True,False,False,True,False,True,[],0,[],[],2024-08-01 06:41:38,6:41 AM,Interested - send more pics,,,False,[],[],,True,[],False,False,ad,#F4B536,7570000514,,0,1755327838
Jaipur,71656,Kundan Bracelet,MOBILE,91,Rajasthan,Added manually,2024-07-19 19:54:17,,290003806,9657622966,,Pooja Singh,52,India,,5744758,,7570000515,False,False,False,True,False,True,False,True,False,False,False,True,False,True,[],0,[],[],2024-08-15 13:12:12,1:12 PM,Need details about Gold Ring,,2024-08-15 13:12:12,True,[],[],,False,[],False,True,referral,#F4B536,7570000515,0,0,1755155038
Jaipur,76577,Mangalsutra,MOBILE,91,Rajasthan,Contact added through Website form,2025-03-10 00:09:09,,206839427,9656379201,9566820349,Rohit Sharma,51,India,,5326060,,7570000516,True,False,False,True,True,True,False,True,True,False,False,False,True,False,[],0,[],[],2025-03-21 15:26:36,3:26 PM,Can I get a discount?,,,False,[],[],,True,[],False,False,organic,#F4B536,7570000516,,3,1755500638
Pune,70834,Polki Necklace Set,MOBILE,91,Maharashtra,Contact added through Website form,2024-10-18 23:09:39,,296872791,9277423226,,Sneha Rathore,54,India,,5531970,,7570000517,True,False,False,False,True,True,False,False,False,True,True,False,True,True,[],0,[],[],2024-11-10 14:51:30,2:51 PM,Is this available in stock?,,,False,[],[],,True,[],False,True,organic,#22C55E,7570000517,0,4,1755155038
Pune,79635,Polki Necklace Set,LANDLINE,91,Maharashtra,Added manually,2024-05-03 19:29:45,,285059580,9269846581,,Sneha Mehta,51,India,,5402860,,7570000518,True,False,False,True,False,False,False,True,True,False,False,True,False,False,[],0,[],[],2024-05-13 10:08:32,10:08 AM,Is this available in stock?,,,True,[],[],,True,[],True,False,organic,#22C55E,7570000518,,3,
Chennai,77469,Gold Ring,MOBILE,91,Tamil Nadu,Added via app,2025-02-02 16:06:37,,234840452,9715522004,,Siddharth Khan,52,India,,5417763,,7570000519,False,True,False,True,False,False,True,False,True,False,False,True,True,False,[],0,[],[],2025-02-19 23:28:17,11:28 PM,Need details about Silver Anklet,,,False,[],[],,True,[],False,True,organic,#FF5733,7570000519,3,0,
Bengaluru,78247,Kundan Bracelet,MOBILE,91,Karnataka,Imported from CSV,2024-04-19 15:28:36,,208852788,9025324302,,Pooja Khan,51,India,,5231096,,7570000520,False,False,False,True,False,False,False,False,True,True,False,True,False,True,[],0,[],[],2024-05-18 19:19:39,7:19 PM,Need details about Gold Ring,,,True,[],[],,False,[],False,False,referral,#FF5733,7570000520,0,0,
Jaipur,75243,Silver Anklet,MOBILE,91,Rajasthan,Imported from CSV,2024-04-23 04:58:52,,263412327,9592500968,,Deepak Agarwal,53,India,,5258769,,7570000521,True,False,False,False,False,False,False,True,False,False,False,True,False,True,[],0,[],[],2024-05-19 17:07:38,5:07 PM,Please share price and images,,,False,[],[],,True,[],False,False,marketplace,#22C55E,7570000521,0,0,
Jaipur,77234,Pearl Necklace,MOBILE,91,Rajasthan,Added manually,2025-05-27 16:53:17,,213656066,9494664874,,Rahul Rathore,51,India,,5028643,,7570000522,True,False,False,False,False,True,True,False,False,False,True,False,False,True,[],0,[],[],2025-06-02 15:36:52,3:36 PM,Is this available in stock?,,,True,[],[],,True,[],True,False,referral,#22C55E,7570000522,0,2,
Ahmedabad,73046,Polki Necklace Set,LANDLINE,91,Gujarat,Added manually,2024-02-16 16:20:11,,274490910,9895399192,,Siddharth Gupta,52,India,,5541269,,7570000523,True,False,False,False,False,False,False,False,False,True,False,True,False,True,[],0,[],[],2024-03-07 21:43:59,9:43 PM,Interested - send more pics,,2024-03-07 21:43:59,True,[],[],,False,[],False,True,marketplace,#FF5733,7570000523,,3,
Delhi,74255,Mangalsutra,MOBILE,91,Delhi,Added via app,2025-06-21 21:59:25,,200808854,9846330579,,Vikram Rathore,54,India,,5363701,,7570000524,False,True,False,False,False,False,False,True,False,True,False,False,False,True,[],0,[],[],2025-06-28 22:40:59,10:40 PM,Please share price and images,,2025-06-28 22:40:59,True,[],[],,True,[],False,True,ad,#00AEEF,7570000524,1,3,
Delhi,76593,Gold Ring,MOBILE,91,Delhi,Contact added through Website form,2024-03-02 06:24:37,Rising Exports,217480237,9782374165,,Kavita Nair,54,India,,5477565,,7570000525,True,False,True,True,False,True,False,False,False,False,False,False,False,True,[],0,[],[],2024-03-10 18:48:50,6:48 PM,Need details about Kundan Bracelet,,,True,[],[],,False,[],False,True,ad,#FF5733,7570000525,0,5,
Pune,79004,Polki Necklace Set,MOBILE,91,Maharashtra,Added manually,2025-02-11 09:46:50,,201867528,9956149313,,Kavita Agarwal,51,India,,5100301,,7570000526,True,False,True,True,True,False,False,True,True,False,False,True,True,True,[],0,[],[],2025-03-07 11:01:41,11:01 AM,Is this available in stock?,,2025-03-07 11:01:41,False,[],[],,False,[],False,True,organic,#22C55E,7570000526,0,0,
Kolkata,73959,Diamond Earrings,LANDLINE,91,West Bengal,Added via app,2025-07-30 01:11:01,,274518625,9579746759,,Neha Bhat,52,India,,5005588,,7570000527,True,False,False,False,False,True,False,True,True,True,True,False,True,True,[],0,[],[],2025-07-30 01:11:01,1:11 AM,Please share price and images,,,False,[],[],,True,[],True,False,marketplace,#22C55E,7570000527,,2,
Ahmedabad,72723,Pearl Necklace,MOBILE,91,Gujarat,Added manually,2024-07-29 21:24:45,,274217674,9326119443,,Vikram Kumar,51,India,,5675829,,7570000528,False,False,False,True,False,True,False,True,True,True,False,True,True,False,[],0,[],[],2024-08-22 15:25:56,3:25 PM,Need details about Diamond Earrings,,,False,[],[],,True,[],False,True,referral,#00AEEF,7570000528,,2,
Delhi,72840,Polki Necklace Set,MOBILE,91,Delhi,Added via app,2024-06-26 00:14:19,Rising Exports,221055735,9206618540,,Rahul Naik,53,India,,5365424,,7570000529,True,False,False,False,False,True,False,True,True,False,False,True,True,False,[],0,[],[],2024-07-04 03:42:28,3:42 AM,Is this available in stock?,,,False,[],[],,True,[],False,True,marketplace,#FF5733,7570000529,,1,
Chennai,79245,Polki Necklace Set,LANDLINE,91,Tamil Nadu,Added via app,2024-05-09 09:48:39,,299377345,9692681026,,Isha Sharma,54,India,,5564517,,7570000530,True,True,True,False,False,False,False,False,True,False,False,False,False,True,[],0,[],[],2024-05-22 12:38:35,12:38 PM,Is this available in stock?,,2024-05-22 12:38:35,True,[],[],,False,[],True,True,referral,#F4B536,7570000530,1,0,
Pune,71602,Mangalsutra,MOBILE,91,Maharashtra,Added manually,2024-03-18 08:20:25,Rising Exports,278645798,9194144833,,Maya Chopra,54,India,,5138872,,7570000531,True,False,False,True,True,True,False,True,False,False,False,True,True,True,[],0,[],[],2024-03-23 04:42:09,4:42 AM,Interested - send more pics,,,False,[],[],,True,[],False,True,ad,#FF5733,7570000531,,3,
Delhi,75437,Kundan Bracelet,MOBILE,91,Delhi,Added manually,2024-08-02 05:04:54,,247597060,9341229846,,Priya Rathore,54,India,,5010415,,7570000532,False,False,False,False,False,True,False,False,True,False,True,True,False,False,[],0,[],[],2024-08-07 02:01:05,2:01 AM,Please share price and images,,,True,[],[],,True,[],True,True,organic,#00AEEF,7570000532,0,4,
Udaipur,77068,Gold Ring,LANDLINE,91,Rajasthan,Contact added through Website form,2024-08-01 08:32:13,,266130323,9410388218,9212895369,Arjun Nair,54,India,,5664846,,7570000533,False,False,True,False,False,True,False,False,True,False,False,True,False,False,[],0,[],[],2024-08-09 14:46:57,2:46 PM,Is this available in stock?,,2024-08-09 14:46:57,False,[],[],,False,[],False,True,ad,#00AEEF,7570000533,0,4,
Chennai,71313,Diamond Earrings,LANDLINE,91,Tamil Nadu,Added manually,2024-06-25 06:41:00,,278598201,9181218634,,Ankit Chopra,53,India,,5410821,,7570000534,True,False,True,False,False,True,True,True,True,False,False,False,True,True,[],0,[],[],2024-07-12 06:53:09,6:53 AM,Interested - send more pics,,2024-07-12 06:53:09,True,[],[],,True,[],False,True,marketplace,#22C55E,7570000534,0,0,
Mumbai,76715,Diamond Earrings,MOBILE,91,Maharashtra,Added manually,2024-12-16 01:54:56,ABC Traders,253486022,9281616927,9957622132,Maya Verma,51,India,,5000258,,7570000535,True,True,False,True,False,True,False,False,True,False,False,False,False,True,[],0,[],[],2025-01-13 06:29:40,6:29 AM,Interested - send more pics,,2025-01-13 06:29:40,True,[],[],,True,[],True,False,organic,#FF5733,7570000535,,2,
Kolkata,74603,Polki Earrings,MOBILE,91,West Bengal,Added via app,2025-03-04 01:59:54,,253718401,9991567159,,Rahul Chopra,53,India,,5116284,,7570000536,False,False,True,False,False,True,False,False,True,False,True,True,True,True,[],0,[],[],2025-03-27 02:15:00,2:15 AM,Need details about Gold Ring,,,False,[],[],,False,[],False,True,marketplace,#00AEEF,7570000536,0,3,
Kolkata,75717,Mangalsutra,LANDLINE,91,West Bengal,Added manually,2024-07-20 16:44:22,ABC Traders,237047016,9877383817,,Ankit Patel,54,India,,5943643,,7570000537,False,False,True,True,False,False,True,False,False,False,True,True,False,True,[],0,[],[],2024-07-29 08:54:48,8:54 AM,Need details about Polki Necklace Set,,,False,[],[],,True,[],False,True,ad,#FF5733,7570000537,3,3,
Mumbai,74702,Silver Anklet,LANDLINE,91,Maharashtra,Added via app,2024-09-30 02:49:53,,275210503,9478133290,,Kavita Verma,54,India,,5229840,,7570000538,False,True,True,False,False,True,False,False,False,False,False,True,False,True,[],0,[],[],2024-10-24 04:57:29,4:57 AM,Can I get a discount?,,2024-10-24 04:57:29,False,[],[],,True,[],False,False,organic,#F4B536,7570000538,0,1,1754982238
Delhi,78206,Silver Anklet,MOBILE,91,Delhi,Contact added through Website form,2024-10-01 06:20:56,,245260386,9950944828,,Manish Chopra,52,India,,5656221,,7570000539,True,False,False,True,True,False,False,False,True,False,False,False,False,True,[],0,[],[],2024-10-05 16:48:10,4:48 PM,Is this available in stock?,,,False,[],[],,True,[],False,True,marketplace,#00AEEF,7570000539,,3,1755327838
Mumbai,76352,Silver Anklet,MOBILE,91,Maharashtra,Contact added through Website form,2024-03-09 13:23:20,,231385480,9594265300,9967794647,Raj Bhat,54,India,,5423763,,7570000540,True,True,False,False,False,True,False,False,False,False,False,True,False,True,[],0,[],[],2024-03-23 23:20:34,11:20 PM,Need details about Mangalsutra,,,True,[],[],,True,[],False,True,marketplace,#00AEEF,7570000540,0,5,1755759838
Delhi,70443,Diamond Earrings,MOBILE,91,Delhi,Imported from CSV,2024-08-04 00:48:36,,253198276,9692146986,,Karan Reddy,54,India,,5506511,,7570000541,True,True,False,True,False,False,True,False,True,False,False,True,False,True,[],0,[],[],2024-08-23 16:08:48,4:08 PM,Please share price and images,,,True,[],[],,True,[],False,True,marketplace,#22C55E,7570000541,0,3,
Udaipur,74959,Gold Ring,LANDLINE,91,Rajasthan,Added manually,2025-04-11 02:08:11,,276638551,9149248949,9745680750,Vikram Chopra,54,India,,5144756,,7570000542,True,True,True,True,False,True,False,True,False,False,False,True,False,True,[],0,[],[],2025-04-23 19:48:35,7:48 PM,Can I get a discount?,,2025-04-23 19:48:35,True,[],[],,False,[],False,False,ad,#FF5733,7570000542,3,5,
Hyderabad,76928,Kundan Bracelet,LANDLINE,91,Telangana,Added via app,2024-10-25 05:44:34,,241333822,9281765452,,Maya Sharma,51,India,,5640413,,7570000543,False,False,False,True,False,True,False,False,True,True,False,True,False,False,[],0,[],[],2024-10-26 16:56:11,4:56 PM,Please share price and images,,2024-10-26 16:56:11,True,[],[],,False,[],True,True,referral,#FF5733,7570000543,,1,1755155038
Hyderabad,71829,Kundan Bracelet,MOBILE,91,Telangana,Added via app,2025-01-30 23:05:01,ABC Traders,255604429,9539016181,9005991892,Priya Bhat,51,India,,5494378,,7570000544,False,False,False,True,False,True,True,False,True,False,False,True,False,False,[],0,[],[],2025-02-18 06:12:35,6:12 AM,Please share price and images,,2025-02-18 06:12:35,True,[],[],,True,[],True,True,organic,#F4B536,7570000544,2,5,
Hyderabad,72713,Polki Necklace Set,LANDLINE,91,Telangana,Imported from CSV,2024-10-30 10:53:29,,280616304,9445193859,,Siddharth Gupta,53,India,,5991815,,7570000545,False,False,True,True,False,True,True,False,True,True,False,True,True,True,[],0,[],[],2024-11-25 00:23:54,12:23 AM,Can I get a discount?,,2024-11-25 00:23:54,True,[],[],,True,[],True,True,ad,#F4B536,7570000545,0,2,
Delhi,74334,Pearl Necklace,MOBILE,91,Delhi,Contact added through Website form,2025-01-25 22:56:43,,237662975,9234442969,,Kavita Agarwal,53,India,,5282406,,7570000546,False,False,False,False,False,False,False,True,True,False,False,False,False,False,[],0,[],[],2025-02-03 21:10:53,9:10 PM,Is this available in stock?,,,False,[],[],,True,[],False,False,organic,#FF5733,7570000546,0,5,
Mumbai,74811,Mangalsutra,LANDLINE,91,Maharashtra,Contact added through Website form,2024-11-11 01:31:48,,232518680,9341713055,,Maya Sharma,54,India,,5393669,,7570000547,False,True,True,True,False,True,False,False,True,False,False,False,True,True,[],0,[],[],2024-11-28 03:33:31,3:33 AM,Can I get a discount?,,,True,[],[],,True,[],True,False,organic,#22C55E,7570000547,1,2,
Pune,78666,Diamond Earrings,MOBILE,91,Maharashtra,Contact added through Website form,2025-01-16 21:10:15,Golden Jewels,254727631,9628468793,,Maya Mishra,54,India,,5297485,,7570000548,True,False,False,False,True,False,False,False,True,False,False,True,True,True,[],0,[],[],2025-01-31 22:49:37,10:49 PM,Interested - send more pics,,,True,[],[],,True,[],False,True,ad,#FF5733,7570000548,3,4,
Kolkata,79109,Kundan Bracelet,LANDLINE,91,West Bengal,Imported from CSV,2024-07-10 13:33:00,,269090975,9762480777,,Isha Nair,53,India,,5486530,,7570000549,True,False,True,False,True,True,True,False,True,False,True,True,False,True,[],0,[],[],2024-07-31 14:59:47,2:59 PM,Can I get a discount?,,,True,[],[],,True,[],False,True,organic,#00AEEF,7570000549,,0,
Bengaluru,79240,Pearl Necklace,MOBILE,91,Karnataka,Contact added through Website form,2024-07-28 18:48:29,,209491470,9322679822,,Rohit Verma,54,India,,5228303,,7570000550,False,False,True,False,False,True,False,False,True,True,False,True,False,False,[],0,[],[],2024-08-25 16:37:43,4:37 PM,Interested - send more pics,,,False,[],[],,False,[],False,True,referral,#22C55E,7570000550,,3,
Udaipur,76062,Mangalsutra,LANDLINE,91,Rajasthan,Contact added through Website form,2025-04-30 23:59:20,Shree Enterprises,253995555,9141421017,9091456029,Deepak Khan,53,India,,5559885,,7570000551,True,False,True,False,False,False,False,False,True,True,False,False,True,True,[],0,[],[],2025-05-18 16:39:24,4:39 PM,Can I get a discount?,,,False,[],[],,False,[],True,True,organic,#22C55E,7570000551,0,1,
Jaipur,78131,Gold Ring,MOBILE,91,Rajasthan,Added manually,2024-07-02 01:38:16,,246924109,9242403386,,Ankit Kumar,54,India,,5065126,,7570000552,True,False,False,False,False,False,False,False,False,True,True,False,False,True,[],0,[],[],2024-07-09 04:27:14,4:27 AM,Can I get a discount?,,,False,[],[],,True,[],True,False,organic,#F4B536,7570000552,2,5,
Chennai,71248,Kundan Bracelet,MOBILE,91,Tamil Nadu,Added via app,2024-02-04 20:17:34,,281644753,9844420203,,Arjun Agarwal,53,India,,5074755,,7570000553,True,False,True,True,False,True,True,False,False,True,True,True,False,True,[],0,[],[],2024-02-22 04:33:14,4:33 AM,Can I get a discount?,,2024-02-22 04:33:14,False,[],[],,True,[],False,True,organic,#22C55E,7570000553,3,0,
Udaipur,70828,Polki Earrings,MOBILE,91,Rajasthan,Imported from CSV,2024-01-13 11:20:26,,238259629,9631180025,,Arjun Nair,52,India,,5011857,,7570000554,True,True,False,False,False,False,True,True,True,True,False,True,False,True,[],0,[],[],2024-01-28 22:55:28,10:55 PM,Need details about Polki Earrings,,,True,[],[],,True,[],False,False,ad,#00AEEF,7570000554,0,2,
Kolkata,79835,Pearl Necklace,LANDLINE,91,West Bengal,Added via app,2025-03-03 04:48:41,ABC Traders,227735636,9218746632,9367805751,Siddharth Kohli,54,India,,5909064,,7570000555,True,False,True,False,True,True,False,True,True,True,False,True,True,True,[],0,[],[],2025-03-12 21:55:48,9:55 PM,Is this available in stock?,,,False,[],[],,True,[],True,False,referral,#00AEEF,7570000555,1,0,
Kolkata,73948,Polki Necklace Set,LANDLINE,91,West Bengal,Imported from CSV,2025-02-16 01:10:39,,225027676,9128102634,,Vikram Kumar,54,India,,5690109,,7570000556,False,False,False,False,False,False,False,True,True,True,False,True,False,True,[],0,[],[],2025-03-02 09:11:25,9:11 AM,Can I get a discount?,,,False,[],[],,True,[],True,True,referral,#22C55E,7570000556,,3,1755587038
Mumbai,76675,Mangalsutra,MOBILE,91,Maharashtra,Added via app,2025-01-19 00:06:03,,224132613,9350809554,9618709384,Siddharth Agarwal,53,India,,5260253,,7570000557,False,True,True,True,False,True,False,True,False,False,True,False,False,False,[],0,[],[],2025-02-05 15:22:42,3:22 PM,Need details about Mangalsutra,,,True,[],[],,True,[],False,True,organic,#22C55E,7570000557,,1,
Hyderabad,79629,Kundan Bracelet,MOBILE,91,Telangana,Imported from CSV,2024-02-14 21:34:02,,216197802,9922968188,,Amit Mishra,51,India,,5011480,,7570000558,False,False,False,False,False,False,False,False,False,False,True,True,False,False,[],0,[],[],2024-02-20 15:21:23,3:21 PM,Need details about Mangalsutra,,2024-02-20 15:21:23,False,[],[],,True,[],True,False,referral,#22C55E,7570000558,0,1,1755414238
Pune,72245,Polki Necklace Set,MOBILE,91,Maharashtra,Added manually,2024-10-15 10:23:16,,205884742,9306907606,9649586853,Neha Jain,53,India,,5334519,,7570000559,False,False,False,True,False,True,True,False,True,False,False,True,False,True,[],0,[],[],2024-10-31 10:08:26,10:08 AM,Can I get a discount?,,,True,[],[],,False,[],True,False,ad,#00AEEF,7570000559,,1,
Udaipur,74855,Gold Ring,LANDLINE,91,Rajasthan,Added via app,2025-03-07 14:47:08,,260251644,9687567335,,Amit Bhat,53,India,,5905647,,7570000560,True,True,False,False,True,False,False,True,False,False,True,False,False,True,[],0,[],[],2025-03-08 09:28:05,9:28 AM,Please share price and images,,2025-03-08 09:28:05,False,[],[],,False,[],True,True,ad,#00AEEF,7570000560,0,1,
Udaipur,76150,Pearl Necklace,MOBILE,91,Rajasthan,Contact added through Website form,2024-04-09 11:38:46,,235462260,9800300051,,Deepak Jain,54,India,,5767476,,7570000561,False,False,False,False,False,False,False,True,True,False,False,True,False,True,[],0,[],[],2024-05-02 04:22:03,4:22 AM,Interested - send more pics,,,True,[],[],,False,[],False,False,organic,#FF5733,7570000561,0,4,1755587038
Hyderabad,74347,Pearl Necklace,MOBILE,91,Telangana,Imported from CSV,2025-07-31 06:45:28,,232797531,9006420084,9107655062,Arjun Singh,52,India,,5897097,,7570000562,True,False,True,True,False,False,True,False,True,False,False,True,False,True,[],0,[],[],2025-08-08 05:45:52,5:45 AM,Interested - send more pics,,,True,[],[],,False,[],True,False,marketplace,#FF5733,7570000562,0,0,
Hyderabad,75540,Polki Necklace Set,MOBILE,91,Telangana,Added manually,2024-07-05 00:47:23,,287470440,9050180357,,Kavita Reddy,52,India,,5147525,,7570000563,False,False,True,False,False,False,False,True,True,True,True,True,False,True,[],0,[],[],2024-08-01 22:58:59,10:58 PM,Need details about Silver Anklet,,,False,[],[],,True,[],False,True,marketplace,#F4B536,7570000563,2,0,1755587038
Pune,79983,Kundan Bracelet,MOBILE,91,Maharashtra,Imported from CSV,2024-08-14 04:31:34,,283528488,9216616149,,Vikram Agarwal,54,India,,5072813,,7570000564,True,False,False,True,False,True,True,True,False,True,True,False,False,True,[],0,[],[],2024-08-15 14:50:34,2:50 PM,Need details about Pearl Necklace,,,False,[],[],,True,[],True,True,referral,#F4B536,7570000564,0,0,
Pune,75131,Polki Earrings,MOBILE,91,Maharashtra,Imported from CSV,2024-10-21 03:05:16,Rising Exports,222745303,9540546713,9145247252,Rahul Chopra,51,India,,5654211,,7570000565,False,False,False,False,False,False,False,False,False,True,True,False,True,True,[],0,[],[],2024-10-22 22:53:14,10:53 PM,Is this available in stock?,,,True,[],[],,True,[],False,False,marketplace,#00AEEF,7570000565,3,5,1755068638
Ahmedabad,74378,Polki Earrings,MOBILE,91,Gujarat,Added via app,2024-08-01 03:48:15,,242286809,9521517702,,Pooja Naik,54,India,,5623915,,7570000566,False,False,True,False,False,True,False,False,False,False,False,True,False,False,[],0,[],[],2024-08-26 12:48:55,12:48 PM,Can I get a discount?,,2024-08-26 12:48:55,True,[],[],,True,[],False,True,organic,#F4B536,7570000566,3,1,
Chennai,73735,Kundan Bracelet,LANDLINE,91,Tamil Nadu,Added manually,2024-07-05 16:23:58,,233752783,9004384912,,Pooja Khan,52,India,,5017074,,7570000567,False,False,False,True,True,True,False,False,True,False,False,True,False,True,[],0,[],[],2024-07-26 21:28:06,9:28 PM,Please share price and images,,,False,[],[],,True,[],False,True,organic,#22C55E,7570000567,,5,
Pune,76063,Mangalsutra,LANDLINE,91,Maharashtra,Added via app,2025-07-03 09:52:02,,253796351,9502015777,9617352585,Ankit Jain,54,India,,5320809,,7570000568,True,True,False,True,False,True,False,True,True,True,True,True,True,True,[],0,[],[],2025-07-22 09:53:55,9:53 AM,Can I get a discount?,,,True,[],[],,True,[],False,False,referral,#00AEEF,7570000568,2,0,
Bengaluru,75415,Gold Ring,MOBILE,91,Karnataka,Added via app,2025-02-12 11:44:27,,267009843,9995132163,,Karan Agarwal,53,India,,5697837,,7570000569,True,True,False,True,False,True,False,False,False,True,True,False,True,True,[],0,[],[],2025-02-28 09:37:48,9:37 AM,Please share price and images,,2025-02-28 09:37:48,True,[],[],,True,[],True,False,referral,#00AEEF,7570000569,0,2,
Pune,77738,Kundan Bracelet,LANDLINE,91,Maharashtra,Added manually,2024-07-25 07:20:22,ABC Traders,239742688,9154318493,9894628785,Karan Naik,54,India,,5005178,,7570000570,True,False,True,True,False,False,True,False,False,False,False,True,False,True,[],0,[],[],2024-08-19 23:59:58,11:59 PM,Interested - send more pics,,,True,[],[],,True,[],False,False,organic,#FF5733,7570000570,,3,
Pune,77098,Diamond Earrings,LANDLINE,91,Maharashtra,Contact added through Website form,2025-05-11 20:57:58,,285626890,9884411612,,Deepak Sharma,54,India,,5069429,,7570000571,True,False,False,True,False,True,False,False,False,False,True,True,False,True,[],0,[],[],2025-06-04 12:20:14,12:20 PM,Interested - send more pics,,2025-06-04 12:20:14,True,[],[],,False,[],False,True,organic,#FF5733,7570000571,0,1,
Mumbai,74111,Polki Earrings,MOBILE,91,Maharashtra,Added manually,2024-02-15 08:29:34,,236274334,9698655471,9919781684,Raj Sharma,53,India,,5154286,,7570000572,True,False,True,True,False,False,False,False,False,False,False,True,False,True,[],0,[],[],2024-02-19 17:22:38,5:22 PM,Interested - send more pics,,,False,[],[],,True,[],False,True,ad,#FF5733,7570000572,0,2,
Pune,75242,Kundan Bracelet,MOBILE,91,Maharashtra,Imported from CSV,2025-06-10 10:03:55,Shree Enterprises,286085615,9938226959,,Karan Gupta,51,India,,5545259,,7570000573,False,False,True,True,False,False,False,False,True,False,False,True,True,True,[],0,[],[],2025-06-15 13:35:20,1:35 PM,Is this available in stock?,,,True,[],[],,True,[],False,True,organic,#00AEEF,7570000573,,4,
Ahmedabad,78861,Polki Necklace Set,LANDLINE,91,Gujarat,Imported from CSV,2025-01-25 13:10:23,,267196472,9316647587,9951715346,Karan Singh,54,India,,5156847,,7570000574,True,False,True,True,True,True,True,False,False,True,True,True,False,True,[],0,[],[],2025-02-11 01:10:07,1:10 AM,Please share price and images,,,False,[],[],,True,[],False,True,referral,#22C55E,7570000574,0,4,1755759838
Jaipur,77293,Kundan Bracelet,LANDLINE,91,Rajasthan,Contact added through Website form,2025-06-21 02:49:04,,256467984,9337112192,,Vikram Jain,51,India,,5520512,,7570000575,False,True,False,False,False,True,False,False,True,False,False,True,False,True,[],0,[],[],2025-07-17 13:22:35,1:22 PM,Is this available in stock?,,,True,[],[],,True,[],False,False,marketplace,#F4B536,7570000575,0,4,
Jaipur,72955,Gold Ring,MOBILE,91,Rajasthan,Added manually,2024-01-29 23:00:42,ABC Traders,215370116,9678171718,9647066078,Deepak Kapoor,52,India,,5981104,,7570000576,False,True,False,True,True,True,True,False,True,False,False,True,False,False,[],0,[],[],2024-02-15 03:50:47,3:50 AM,Interested - send more pics,,,True,[],[],,True,[],False,True,marketplace,#00AEEF,7570000576,0,5,
Delhi,75180,Silver Anklet,LANDLINE,91,Delhi,Added manually,2025-06-07 22:21:42,,205937620,9527024480,,Maya Verma,54,India,,5441160,,7570000577,True,True,True,False,True,False,False,False,True,True,False,False,False,True,[],0,[],[],2025-06-28 00:26:01,12:26 AM,Is this available in stock?,,,False,[],[],,True,[],False,True,ad,#00AEEF,7570000577,,4,
Udaipur,75098,Gold Ring,MOBILE,91,Rajasthan,Imported from CSV,2024-03-19 11:20:11,Rising Exports,249344407,9577023396,,Neha Jain,51,India,,5533830,,7570000578,False,False,True,False,False,True,False,True,True,True,False,False,False,True,[],0,[],[],2024-03-22 13:46:30,1:46 PM,Is this available in stock?,,2024-03-22 13:46:30,False,[],[],,True,[],False,False,marketplace,#00AEEF,7570000578,,2,
Bengaluru,70405,Diamond Earrings,LANDLINE,91,Karnataka,Added manually,2025-03-13 10:51:20,,231125430,9829091014,,Arjun Naik,54,India,,5859206,,7570000579,True,False,False,True,False,False,False,False,True,True,False,True,True,True,[],0,[],[],2025-03-14 12:04:42,12:04 PM,Need details about Kundan Bracelet,,2025-03-14 12:04:42,True,[],[],,False,[],False,False,referral,#FF5733,7570000579,,0,1755241438
Bengaluru,71482,Mangalsutra,LANDLINE,91,Karnataka,Contact added through Website form,2025-07-17 12:37:56,Golden Jewels,250454492,9790690604,,Rohit Kumar,53,India,,5896046,,7570000580,False,False,False,False,False,True,False,True,False,True,False,True,False,True,[],0,[],[],2025-07-29 20:54:03,8:54 PM,Please share price and images,,,True,[],[],,False,[],True,False,organic,#00AEEF,7570000580,1,4,
Jaipur,78415,Polki Earrings,LANDLINE,91,Rajasthan,Added manually,2024-03-14 23:30:10,,289174845,9434317284,,Kavita Kumar,51,India,,5098611,,7570000581,True,False,False,False,True,True,True,False,False,False,False,True,True,False,[],0,[],[],2024-03-28 21:30:29,9:30 PM,Please share price and images,,,True,[],[],,True,[],False,True,marketplace,#FF5733,7570000581,0,0,
Kolkata,77412,Mangalsutra,MOBILE,91,West Bengal,Added via app,2025-02-27 15:51:22,,261697164,9644012293,9446126710,Ankit Agarwal,51,India,,5129094,,7570000582,True,False,False,False,False,True,False,True,True,False,False,False,False,False,[],0,[],[],2025-03-03 10:41:07,10:41 AM,Can I get a discount?,,,True,[],[],,True,[],False,False,organic,#00AEEF,7570000582,0,0,
Kolkata,71970,Mangalsutra,LANDLINE,91,West Bengal,Added manually,2024-08-04 08:55:53,Golden Jewels,236822340,9028885565,,Pooja Jain,54,India,,5308035,,7570000583,True,False,True,True,False,False,True,True,False,True,False,True,False,True,[],0,[],[],2024-08-21 09:14:56,9:14 AM,Interested - send more pics,,,True,[],[],,False,[],False,False,marketplace,#00AEEF,7570000583,0,0,1755327838
Udaipur,73544,Polki Earrings,LANDLINE,91,Rajasthan,Added manually,2024-12-08 12:29:53,,273494016,9002663028,9797737670,Manish Verma,52,India,,5339084,,7570000584,True,False,False,False,False,True,False,False,False,False,True,False,False,True,[],0,[],[],2024-12-11 14:32:03,2:32 PM,Interested - send more pics,,,True,[],[],,False,[],True,True,referral,#22C55E,7570000584,0,5,
Chennai,73500,Pearl Necklace,LANDLINE,91,Tamil Nadu,Added manually,2024-10-23 00:30:30,,208526538,9939361501,,Maya Naik,52,India,,5140522,,7570000585,False,True,True,True,False,True,True,False,True,True,True,False,True,True,[],0,[],[],2024-11-20 07:56:32,7:56 AM,Is this available in stock?,,,False,[],[],,True,[],False,True,organic,#22C55E,7570000585,,2,
Ahmedabad,71594,Pearl Necklace,MOBILE,91,Gujarat,Added manually,2025-06-21 11:39:13,,206085071,9720897372,,Priya Khan,51,India,,5645020,,7570000586,False,False,True,True,False,False,True,False,True,False,True,True,True,False,[],0,[],[],2025-07-12 00:46:09,12:46 AM,Is this available in stock?,,,False,[],[],,False,[],False,True,referral,#F4B536,7570000586,0,2,
Bengaluru,71565,Gold Ring,LANDLINE,91,Karnataka,Added via app,2025-02-17 14:53:09,,212863109,9846389170,,Sneha Kumar,52,India,,5303327,,7570000587,True,False,False,False,False,True,False,False,True,False,False,False,True,True,[],0,[],[],2025-03-12 22:35:31,10:35 PM,Is this available in stock?,,,True,[],[],,True,[],False,True,organic,#00AEEF,7570000587,0,0,
Pune,70759,Kundan Bracelet,MOBILE,91,Maharashtra,Added via app,2025-07-01 11:10:05,,210136881,9814073126,,Amit Patel,54,India,,5119403,,7570000588,True,False,True,False,False,False,False,False,False,False,False,False,True,True,[],0,[],[],2025-07-11 14:45:32,2:45 PM,Please share price and images,,,False,[],[],,True,[],True,False,marketplace,#22C55E,7570000588,,1,
Pune,75842,Pearl Necklace,MOBILE,91,Maharashtra,Added via app,2025-04-29 22:45:33,,233221198,9805686686,,Kavita Verma,51,India,,5458506,,7570000589,True,False,False,False,False,True,True,False,False,False,False,False,True,True,[],0,[],[],2025-05-11 17:17:44,5:17 PM,Can I get a discount?,,,False,[],[],,False,[],False,True,ad,#22C55E,7570000589,,2,1755414238
Ahmedabad,74436,Silver Anklet,MOBILE,91,Gujarat,Imported from CSV,2024-08-26 12:18:30,,252855838,9772749635,,Kavita Kohli,54,India,,5455398,,7570000590,True,False,True,False,False,True,True,False,False,False,False,False,False,False,[],0,[],[],2024-09-05 15:05:12,3:05 PM,Can I get a discount?,,,False,[],[],,True,[],False,True,organic,#22C55E,7570000590,,4,
Mumbai,74850,Kundan Bracelet,MOBILE,91,Maharashtra,Contact added through Website form,2025-07-13 23:55:50,,275901032,9633762907,,Siddharth Khan,52,India,,5493238,,7570000591,True,True,True,True,False,True,False,False,False,False,False,True,True,True,[],0,[],[],2025-07-17 17:49:59,5:49 PM,Please share price and images,,,False,[],[],,False,[],False,True,organic,#FF5733,7570000591,0,3,
Delhi,71930,Silver Anklet,LANDLINE,91,Delhi,Imported from CSV,2024-07-20 21:33:34,,217691897,9306526419,,Neha Naik,52,India,,5128435,,7570000592,False,False,False,False,False,True,True,False,True,True,False,True,True,True,[],0,[],[],2024-08-04 08:34:48,8:34 AM,Interested - send more pics,,,True,[],[],,True,[],True,True,marketplace,#22C55E,7570000592,,3,
Jaipur,76717,Gold Ring,MOBILE,91,Rajasthan,Contact added through Website form,2025-07-17 08:09:45,ABC Traders,260599012,9027460749,,Deepak Bhat,52,India,,5704889,,7570000593,True,True,False,False,False,True,False,True,True,False,False,True,False,True,[],0,[],[],2025-07-27 22:40:34,10:40 PM,Can I get a discount?,,,False,[],[],,False,[],False,True,referral,#F4B536,7570000593,1,2,
Bengaluru,71451,Mangalsutra,MOBILE,91,Karnataka,Added via app,2024-08-09 01:22:21,,297760220,9076406146,9530024523,Deepak Khan,51,India,,5065091,,7570000594,True,False,False,False,True,True,False,False,False,False,False,True,True,True,[],0,[],[],2024-08-12 15:29:16,3:29 PM,Is this available in stock?,,2024-08-12 15:29:16,True,[],[],,True,[],False,True,referral,#00AEEF,7570000594,,2,
Delhi,75230,Mangalsutra,MOBILE,91,Delhi,Contact added through Website form,2025-05-04 20:35:17,,226505555,9456841831,,Sneha Verma,54,India,,5078315,,7570000595,True,False,True,False,False,True,True,False,True,False,False,False,False,True,[],0,[],[],2025-05-09 12:37:56,12:37 PM,Interested - send more pics,,,True,[],[],,False,[],True,True,ad,#22C55E,7570000595,,3,1755327838
Ahmedabad,71230,Kundan Bracelet,MOBILE,91,Gujarat,Imported from CSV,2025-06-06 13:25:00,,281546931,9468301555,,Vikram Gupta,51,India,,5223479,,7570000596,False,False,False,True,False,True,False,False,True,False,False,True,False,True,[],0,[],[],2025-06-30 09:18:33,9:18 AM,Need details about Polki Necklace Set,,,True,[],[],,False,[],True,False,organic,#22C55E,7570000596,0,3,
Kolkata,71088,Polki Earrings,MOBILE,91,West Bengal,Contact added through Website form,2024-06-20 11:45:59,,254562184,9271947554,9361996126,Raj Kumar,53,India,,5574480,,7570000597,False,True,False,True,False,True,False,False,False,False,False,True,False,False,[],0,[],[],2024-06-29 00:14:20,12:14 AM,Need details about Polki Necklace Set,,,False,[],[],,False,[],False,False,marketplace,#FF5733,7570000597,3,5,
Mumbai,73018,Silver Anklet,MOBILE,91,Maharashtra,Added via app,2024-06-08 14:11:20,,260163745,9777830352,,Karan Kohli,51,India,,5669150,,7570000598,True,True,True,False,False,True,True,True,False,True,False,True,False,True,[],0,[],[],2024-06-28 05:07:28,5:07 AM,Need details about Pearl Necklace,,,True,[],[],,True,[],False,False,organic,#00AEEF,7570000598,0,1,1755068638
Hyderabad,72305,Kundan Bracelet,MOBILE,91,Telangana,Imported from CSV,2025-05-28 04:03:11,,201034506,9437704234,,Arjun Gupta,52,India,,5494626,,7570000599,True,False,False,False,False,True,True,False,False,False,True,False,True,True,[],0,[],[],2025-06-03 01:51:39,1:51 AM,Can I get a discount?,,,True,[],[],,True,[],False,True,organic,#FF5733,7570000599,,2,
Delhi,75221,Gold Ring,LANDLINE,91,Delhi,Added manually,2025-06-27 21:33:21,,259457952,9156357107,,Amit Chopra,51,India,,5972706,,7570000600,True,True,True,True,True,True,False,True,False,True,False,True,False,True,[],0,[],[],2025-07-04 06:28:31,6:28 AM,Is this available in stock?,,,True,[],[],,True,[],False,False,marketplace,#22C55E,7570000600,0,0,
Hyderabad,70596,Silver Anklet,LANDLINE,91,Telangana,Contact added through Website form,2025-07-22 22:13:05,,223526512,9688869169,,Pooja Gupta,52,India,,5089131,,7570000601,True,False,True,False,False,False,True,False,True,False,False,True,False,True,[],0,[],[],2025-08-02 18:20:58,6:20 PM,Please share price and images,,,False,[],[],,True,[],True,True,referral,#FF5733,7570000601,,0,
Pune,77043,Mangalsutra,MOBILE,91,Maharashtra,Contact added through Website form,2025-01-02 05:34:43,,276026118,9052440411,,Amit Agarwal,54,India,,5668606,,7570000602,True,False,False,False,False,False,True,True,False,False,False,False,False,True,[],0,[],[],2025-01-27 11:12:54,11:12 AM,Can I get a discount?,,,True,[],[],,False,[],False,True,organic,#FF5733,7570000602,,4,
Bengaluru,73185,Polki Earrings,LANDLINE,91,Karnataka,Added manually,2024-06-13 23:18:25,Golden Jewels,264278296,9427852041,,Amit Joshi,53,India,,5758000,,7570000603,False,False,True,False,False,True,True,False,True,False,False,True,False,False,[],0,[],[],2024-07-13 17:21:06,5:21 PM,Need details about Polki Earrings,,,False,[],[],,True,[],False,True,organic,#00AEEF,7570000603,0,3,
Bengaluru,79583,Pearl Necklace,MOBILE,91,Karnataka,Imported from CSV,2025-01-22 00:32:39,Golden Jewels,203864700,9186956883,9604623578,Vikram Bhat,52,India,,5402834,,7570000604,False,False,False,False,False,True,False,False,False,False,True,False,True,False,[],0,[],[],2025-01-29 21:27:51,9:27 PM,Can I get a discount?,,2025-01-29 21:27:51,True,[],[],,False,[],True,True,marketplace,#00AEEF,7570000604,0,2,1755759838
Udaipur,74948,Diamond Earrings,LANDLINE,91,Rajasthan,Added manually,2024-06-30 04:20:26,,211678669,9498227721,,Sneha Gupta,54,India,,5427054,,7570000605,False,False,True,False,True,True,True,False,True,True,True,False,False,True,[],0,[],[],2024-07-17 14:49:07,2:49 PM,Is this available in stock?,,2024-07-17 14:49:07,False,[],[],,True,[],False,True,organic,#F4B536,7570000605,1,5,
Chennai,73697,Silver Anklet,LANDLINE,91,Tamil Nadu,Contact added through Website form,2024-03-04 00:04:30,,265687367,9523141589,,Rohit Mehta,52,India,,5633544,,7570000606,False,False,False,True,True,True,False,False,False,True,False,True,False,True,[],0,[],[],2024-03-06 19:48:25,7:48 PM,Is this available in stock?,,2024-03-06 19:48:25,False,[],[],,True,[],True,True,ad,#F4B536,7570000606,,5,1755587038
Jaipur,74667,Polki Earrings,LANDLINE,91,Rajasthan,Imported from CSV,2024-10-21 08:55:20,,244492862,9310982800,,Maya Khan,51,India,,5395150,,7570000607,False,False,False,True,False,False,True,False,True,True,False,True,False,True,[],0,[],[],2024-11-11 22:08:50,10:08 PM,Need details about Diamond Earrings,,,True,[],[],,True,[],True,True,referral,#22C55E,7570000607,0,0,
Pune,70980,Mangalsutra,LANDLINE,91,Maharashtra,Added manually,2024-04-26 14:13:41,,220921814,9264040072,,Raj Singh,52,India,,5138459,,7570000608,True,False,False,True,True,True,False,False,True,False,False,True,False,True,[],0,[],[],2024-05-19 19:40:29,7:40 PM,Can I get a discount?,,2024-05-19 19:40:29,False,[],[],,True,[],True,False,ad,#00AEEF,7570000608,,5,
Delhi,77431,Diamond Earrings,LANDLINE,91,Delhi,Added manually,2025-07-04 20:33:23,,245184673,9975312503,,Rahul Sharma,54,India,,5810453,,7570000609,True,False,False,False,True,False,False,False,False,False,False,True,True,True,[],0,[],[],2025-07-12 01:34:28,1:34 AM,Interested - send more pics,,2025-07-12 01:34:28,True,[],[],,True,[],False,True,organic,#22C55E,7570000609,,1,1755155038
Bengaluru,73014,Silver Anklet,LANDLINE,91,Karnataka,Imported from CSV,2025-01-12 02:18:57,Golden Jewels,257858924,9929644213,9236576444,Raj Kapoor,54,India,,5466738,,7570000610,False,False,False,True,False,False,False,False,False,True,False,True,True,True,[],0,[],[],2025-01-19 02:40:13,2:40 AM,Please share price and images,,,True,[],[],,False,[],False,True,ad,#00AEEF,7570000610,0,3,
Mumbai,79297,Diamond Earrings,LANDLINE,91,Maharashtra,Added manually,2024-12-07 03:59:59,,256211276,9411326341,,Raj Naik,52,India,,5342874,,7570000611,False,True,False,True,False,False,False,False,True,False,False,True,True,True,[],0,[],[],2024-12-14 02:36:01,2:36 AM,Please share price and images,,,True,[],[],,True,[],True,False,marketplace,#22C55E,7570000611,0,5,
Chennai,78073,Polki Necklace Set,MOBILE,91,Tamil Nadu,Imported from CSV,2025-01-17 04:13:52,,297044726,9497830785,9147038561,Amit Kohli,52,India,,5594791,,7570000612,False,False,False,False,False,True,False,False,True,True,False,False,True,True,[],0,[],[],2025-02-11 09:47:11,9:47 AM,Can I get a discount?,,,False,[],[],,True,[],False,True,marketplace,#FF5733,7570000612,0,2,
Delhi,70071,Polki Earrings,MOBILE,91,Delhi,Added manually,2024-06-04 00:59:07,Golden Jewels,215142946,9148518128,9886310870,Karan Agarwal,52,India,,5070635,,7570000613,False,False,False,True,True,True,True,False,False,True,True,True,True,True,[],0,[],[],2024-06-06 10:05:11,10:05 AM,Please share price and images,,,False,[],[],,True,[],False,False,ad,#F4B536,7570000613,2,5,
Bengaluru,79310,Kundan Bracelet,LANDLINE,91,Karnataka,Contact added through Website form,2024-07-11 05:18:00,ABC Traders,295991483,9055833040,,Anushka Agarwal,51,India,,5874453,,7570000614,False,False,False,True,False,False,False,True,True,False,True,False,False,True,[],0,[],[],2024-07-23 22:01:44,10:01 PM,Please share price and images,,2024-07-23 22:01:44,True,[],[],,True,[],False,False,marketplace,#00AEEF,7570000614,,4,
Delhi,78559,Polki Necklace Set,MOBILE,91,Delhi,Contact added through Website form,2024-08-10 17:22:42,,285135030,9110625281,,Ankit Chopra,51,India,,5686324,,7570000615,False,False,False,False,False,True,False,False,False,False,True,True,True,False,[],0,[],[],2024-08-25 18:53:50,6:53 PM,Need details about Pearl Necklace,,,True,[],[],,False,[],False,True,marketplace,#F4B536,7570000615,0,3,
Kolkata,78476,Kundan Bracelet,MOBILE,91,West Bengal,Added manually,2025-04-26 14:01:52,,256692915,9091469330,,Karan Kapoor,51,India,,5118303,,7570000616,True,False,False,False,False,True,False,False,True,True,False,False,False,True,[],0,[],[],2025-05-17 20:58:05,8:58 PM,Interested - send more pics,,,False,[],[],,True,[],True,True,ad,#00AEEF,7570000616,1,2,
Jaipur,77669,Pearl Necklace,MOBILE,91,Rajasthan,Contact added through Website form,2024-03-09 12:01:26,Golden Jewels,294005973,9359865737,,Siddharth Gupta,51,India,,5505390,,7570000617,False,False,True,True,False,False,False,False,True,False,False,True,False,True,[],0,[],[],2024-04-04 16:30:02,4:30 PM,Is this available in stock?,,,False,[],[],,False,[],False,True,ad,#F4B536,7570000617,0,2,1755587038
Hyderabad,79245,Pearl Necklace,LANDLINE,91,Telangana,Added manually,2025-04-12 08:08:48,ABC Traders,263337529,9951336418,9008560683,Ankit Sharma,51,India,,5131136,,7570000618,True,False,True,True,False,True,True,True,True,False,True,True,True,True,[],0,[],[],2025-05-09 07:25:56,7:25 AM,Please share price and images,,2025-05-09 07:25:56,False,[],[],,True,[],False,False,ad,#F4B536,7570000618,0,5,
Ahmedabad,71539,Mangalsutra,LANDLINE,91,Gujarat,Added manually,2025-03-13 04:22:49,,283086620,9996346156,9969901391,Arjun Bhat,54,India,,5874741,,7570000619,False,False,False,True,False,True,True,False,False,False,True,True,False,True,[],0,[],[],2025-04-10 07:41:27,7:41 AM,Is this available in stock?,,,False,[],[],,True,[],False,False,referral,#FF5733,7570000619,,4,
Mumbai,72083,Kundan Bracelet,LANDLINE,91,Maharashtra,Contact added through Website form,2024-01-14 16:41:56,,211843840,9081538656,9261861195,Manish Mehta,53,India,,5607603,,7570000620,True,True,False,True,True,True,True,False,True,False,True,True,False,True,[],0,[],[],2024-01-15 17:27:29,5:27 PM,Can I get a discount?,,,True,[],[],,True,[],False,False,referral,#22C55E,7570000620,0,2,1755241438
Bengaluru,78316,Mangalsutra,LANDLINE,91,Karnataka,Contact added through Website form,2024-04-01 21:50:59,Shree Enterprises,267161703,9222281728,,Rohit Chopra,52,India,,5748400,,7570000621,False,False,False,False,False,True,True,True,False,True,False,True,False,True,[],0,[],[],2024-04-10 23:35:36,11:35 PM,Is this available in stock?,,,True,[],[],,False,[],False,True,referral,#00AEEF,7570000621,2,0,1755759838
Mumbai,74752,Polki Earrings,LANDLINE,91,Maharashtra,Contact added through Website form,2024-05-24 00:45:25,,200350808,9870637122,,Kavita Nair,51,India,,5041311,,7570000622,False,False,True,True,True,False,False,False,True,True,False,True,False,True,[],0,[],[],2024-06-19 13:00:52,1:00 PM,Can I get a discount?,,,True,[],[],,True,[],True,True,organic,#F4B536,7570000622,,3,
Pune,73846,Kundan Bracelet,LANDLINE,91,Maharashtra,Added via app,2024-01-04 11:16:35,,208853873,9476061985,,Karan Mishra,52,India,,5579909,,7570000623,True,True,False,False,False,False,False,True,True,False,False,True,False,True,[],0,[],[],2024-01-30 06:44:43,6:44 AM,Is this available in stock?,,,False,[],[],,True,[],True,False,referral,#22C55E,7570000623,1,0,1755327838
Chennai,73609,Mangalsutra,LANDLINE,91,Tamil Nadu,Imported from CSV,2024-12-23 19:58:10,,209885154,9926815441,9039015343,Maya Sharma,53,India,,5868439,,7570000624,True,True,False,False,False,True,False,False,False,False,False,True,True,True,[],0,[],[],2025-01-03 03:04:23,3:04 AM,Can I get a discount?,,,True,[],[],,True,[],False,False,marketplace,#FF5733,7570000624,,5,
Kolkata,73869,Diamond Earrings,LANDLINE,91,West Bengal,Added manually,2025-01-01 00:53:41,,258041409,9564750192,9715936933,Isha Mehta,52,India,,5571208,,7570000625,False,False,False,True,True,True,False,False,False,True,False,True,False,True,[],0,[],[],2025-01-05 07:10:03,7:10 AM,Is this available in stock?,,,True,[],[],,False,[],False,True,ad,#00AEEF,7570000625,3,5,
Chennai,75593,Polki Necklace Set,MOBILE,91,Tamil Nadu,Added via app,2025-03-20 11:44:59,ABC Traders,283548775,9515688401,,Ravi Gupta,53,India,,5499773,,7570000626,True,False,True,True,True,False,False,False,True,True,True,True,False,True,[],0,[],[],2025-04-18 18:36:01,6:36 PM,Please share price and images,,,False,[],[],,True,[],False,True,referral,#22C55E,7570000626,0,3,
Udaipur,79887,Pearl Necklace,MOBILE,91,Rajasthan,Imported from CSV,2024-07-04 19:02:11,,224647162,9289663020,,Anushka Verma,52,India,,5274611,,7570000627,True,True,True,False,False,True,True,True,False,True,True,False,False,False,[],0,[],[],2024-07-26 12:04:07,12:04 PM,Can I get a discount?,,,False,[],[],,True,[],True,True,ad,#FF5733,7570000627,0,4,
Hyderabad,70256,Diamond Earrings,LANDLINE,91,Telangana,Added manually,2025-05-25 23:15:46,,251598902,9951802884,,Ankit Patel,54,India,,5176316,,7570000628,True,False,False,False,True,True,False,False,True,True,False,False,False,True,[],0,[],[],2025-06-04 11:06:47,11:06 AM,Can I get a discount?,,2025-06-04 11:06:47,False,[],[],,True,[],False,True,referral,#00AEEF,7570000628,0,0,
Bengaluru,75411,Kundan Bracelet,LANDLINE,91,Karnataka,Imported from CSV,2025-03-15 19:59:14,,297247937,9301385801,,Anushka Reddy,52,India,,5068769,,7570000629,False,False,False,True,False,False,False,False,False,False,False,True,False,True,[],0,[],[],2025-04-10 21:00:26,9:00 PM,Please share price and images,,,True,[],[],,True,[],False,False,ad,#FF5733,7570000629,0,5,
Hyderabad,73578,Polki Necklace Set,LANDLINE,91,Telangana,Contact added through Website form,2024-09-06 15:40:42,,288165909,9696673655,,Raj Mishra,53,India,,5869396,,7570000630,True,False,False,True,False,True,False,False,False,False,True,True,False,False,[],0,[],[],2024-10-05 15:18:25,3:18 PM,Is this available in stock?,,,True,[],[],,True,[],True,True,marketplace,#22C55E,7570000630,2,5,
Pune,75156,Diamond Earrings,LANDLINE,91,Maharashtra,Added via app,2024-01-05 08:47:58,,236190613,9846612117,9716136735,Arjun Gupta,51,India,,5665778,,7570000631,True,False,False,True,False,True,True,False,True,False,False,True,True,True,[],0,[],[],2024-02-01 15:50:33,3:50 PM,Is this available in stock?,,,False,[],[],,True,[],False,True,organic,#F4B536,7570000631,0,0,
Pune,70478,Mangalsutra,MOBILE,91,Maharashtra,Added via app,2024-07-08 16:46:27,,236879169,9179175108,,Rohit Rathore,51,India,,5911146,,7570000632,False,False,False,False,False,False,False,False,True,False,False,True,False,True,[],0,[],[],2024-07-21 12:34:50,12:34 PM,Please share price and images,,2024-07-21 12:34:50,False,[],[],,True,[],False,False,referral,#00AEEF,7570000632,3,1,
Udaipur,76846,Polki Earrings,LANDLINE,91,Rajasthan,Contact added through Website form,2024-04-20 15:08:10,Golden Jewels,218215017,9200228129,,Rohit Bhat,51,India,,5496926,,7570000633,False,False,False,False,False,False,True,False,False,False,False,True,True,True,[],0,[],[],2024-05-12 17:58:50,5:58 PM,Is this available in stock?,,2024-05-12 17:58:50,True,[],[],,False,[],False,True,organic,#22C55E,7570000633,0,1,
Pune,75505,Diamond Earrings,MOBILE,91,Maharashtra,Added manually,2024-03-01 11:18:52,,209899046,9799649496,,Rohit Mishra,51,India,,5456997,,7570000634,True,False,True,True,False,True,False,True,False,True,False,True,True,True,[],0,[],[],2024-03-17 18:18:05,6:18 PM,Can I get a discount?,,2024-03-17 18:18:05,True,[],[],,True,[],True,True,ad,#FF5733,7570000634,2,0,
Ahmedabad,75927,Polki Earrings,LANDLINE,91,Gujarat,Imported from CSV,2024-03-06 04:00:44,Golden Jewels,249806244,9406515140,,Neha Gupta,53,India,,5463012,,7570000635,False,False,True,True,True,True,False,False,False,False,True,True,False,True,[],0,[],[],2024-03-22 05:55:46,5:55 AM,Need details about Silver Anklet,,,True,[],[],,True,[],False,True,ad,#22C55E,7570000635,0,2,1755414238
Delhi,72649,Diamond Earrings,MOBILE,91,Delhi,Contact added through Website form,2024-03-26 01:57:02,,268348181,9903932675,,Priya Bhat,52,India,,5116961,,7570000636,True,False,False,False,False,False,False,True,True,False,False,True,False,True,[],0,[],[],2024-04-19 12:28:37,12:28 PM,Need details about Pearl Necklace,,,False,[],[],,False,[],False,True,organic,#00AEEF,7570000636,1,3,1754982238
Chennai,70837,Polki Necklace Set,MOBILE,91,Tamil Nadu,Added via app,2025-01-21 18:57:34,,201389459,9190676819,,Neha Jain,51,India,,5848155,,7570000637,False,False,False,True,True,True,False,True,False,False,False,False,False,True,[],0,[],[],2025-02-02 15:16:54,3:16 PM,Please share price and images,,,True,[],[],,True,[],False,True,organic,#F4B536,7570000637,3,4,
Mumbai,77313,Gold Ring,LANDLINE,91,Maharashtra,Imported from CSV,2024-04-12 08:52:20,,223155666,9052042316,9336695455,Rohit Khan,51,India,,5075152,,7570000638,True,False,True,False,True,True,False,False,True,True,False,True,True,True,[],0,[],[],2024-04-24 05:48:49,5:48 AM,Can I get a discount?,,,True,[],[],,True,[],False,True,organic,#22C55E,7570000638,,2,1755500638
Ahmedabad,78360,Silver Anklet,MOBILE,91,Gujarat,Contact added through Website form,2025-03-14 17:33:15,,279525475,9328840457,,Manish Sharma,51,India,,5740746,,7570000639,False,True,False,True,False,True,False,False,True,True,False,True,True,False,[],0,[],[],2025-03-23 16:08:52,4:08 PM,Need details about Pearl Necklace,,,True,[],[],,True,[],False,True,referral,#00AEEF,7570000639,,0,
Pune,77743,Pearl Necklace,MOBILE,91,Maharashtra,Imported from CSV,2025-02-02 04:10:58,,219027791,9424587460,,Anushka Agarwal,51,India,,5646798,,7570000640,True,False,True,False,False,True,True,False,False,False,False,True,False,True,[],0,[],[],2025-03-03 07:16:47,7:16 AM,Is this available in stock?,,,True,[],[],,True,[],False,False,referral,#F4B536,7570000640,0,1,
Bengaluru,76238,Kundan Bracelet,MOBILE,91,Karnataka,Added via app,2025-01-25 06:24:16,ABC Traders,209240560,9319029495,9951062905,Sneha Mehta,51,India,,5316592,,7570000641,False,True,False,False,False,True,False,True,False,False,False,True,True,True,[],0,[],[],2025-02-18 06:14:04,6:14 AM,Interested - send more pics,,,True,[],[],,False,[],False,False,organic,#00AEEF,7570000641,1,3,
Pune,76348,Polki Necklace Set,LANDLINE,91,Maharashtra,Imported from CSV,2024-01-23 07:52:50,,279611948,9968938244,,Siddharth Khan,52,India,,5535312,,7570000642,True,True,False,False,False,True,False,True,True,False,True,False,False,False,[],0,[],[],2024-02-10 15:35:19,3:35 PM,Need details about Polki Earrings,,2024-02-10 15:35:19,False,[],[],,True,[],False,True,ad,#F4B536,7570000642,,4,
Mumbai,78414,Mangalsutra,MOBILE,91,Maharashtra,Added manually,2024-07-16 00:44:36,,221055834,9515196616,,Maya Kumar,54,India,,5294404,,7570000643,False,False,False,True,True,False,True,False,True,False,True,True,False,True,[],0,[],[],2024-07-20 06:41:39,6:41 AM,Can I get a discount?,,,True,[],[],,True,[],False,True,organic,#F4B536,7570000643,0,4,
Chennai,76658,Pearl Necklace,MOBILE,91,Tamil Nadu,Added manually,2024-04-06 06:07:21,,232648997,9438016478,,Arjun Mehta,53,India,,5099313,,7570000644,True,False,False,True,True,True,True,True,False,True,False,True,True,True,[],0,[],[],2024-05-05 04:57:10,4:57 AM,Need details about Kundan Bracelet,,,False,[],[],,False,[],False,True,ad,#F4B536,7570000644,0,3,
Jaipur,73966,Polki Necklace Set,MOBILE,91,Rajasthan,Added manually,2024-10-01 21:03:31,,210318892,9659191828,9353715173,Ankit Agarwal,53,India,,5493047,,7570000645,False,False,False,False,False,True,False,False,True,False,False,False,False,False,[],0,[],[],2024-10-03 15:44:12,3:44 PM,Is this available in stock?,,,False,[],[],,True,[],False,False,organic,#FF5733,7570000645,2,0,
Ahmedabad,76897,Polki Earrings,LANDLINE,91,Gujarat,Added via app,2024-07-11 14:46:31,,224092638,9114131975,9195632706,Priya Jain,52,India,,5948545,,7570000646,False,False,True,False,False,True,True,False,True,False,False,True,False,True,[],0,[],[],2024-07-13 10:15:33,10:15 AM,Interested - send more pics,,,False,[],[],,False,[],False,True,marketplace,#FF5733,7570000646,,0,
Pune,79918,Gold Ring,MOBILE,91,Maharashtra,Imported from CSV,2024-07-11 11:57:53,,223601112,9115546578,,Rahul Khan,54,India,,5736748,,7570000647,False,False,True,True,False,True,False,False,False,False,False,False,True,False,[],0,[],[],2024-07-16 00:15:23,12:15 AM,Please share price and images,,2024-07-16 00:15:23,True,[],[],,True,[],False,True,ad,#FF5733,7570000647,3,3,
Bengaluru,70236,Polki Earrings,MOBILE,91,Karnataka,Contact added through Website form,2024-11-13 10:33:55,,212635867,9584414201,,Raj Chopra,53,India,,5934868,,7570000648,False,True,False,False,False,False,False,True,True,True,False,True,True,True,[],0,[],[],2024-11-26 11:20:18,11:20 AM,Please share price and images,,2024-11-26 11:20:18,False,[],[],,True,[],False,False,referral,#FF5733,7570000648,2,1,
Delhi,77658,Diamond Earrings,LANDLINE,91,Delhi,Contact added through Website form,2024-11-03 11:49:30,,205225284,9333983173,9144133874,Manish Singh,51,India,,5335459,,7570000649,True,False,False,False,False,True,False,False,True,True,False,True,False,True,[],0,[],[],2024-11-08 00:34:20,12:34 AM,Can I get a discount?,,,False,[],[],,True,[],True,True,referral,#FF5733,7570000649,0,5,
Pune,74096,Kundan Bracelet,LANDLINE,91,Maharashtra,Imported from CSV,2025-07-08 06:59:09,,212464150,9070249553,,Siddharth Singh,52,India,,5875313,,7570000650,True,False,False,False,False,False,False,False,True,False,False,True,False,False,[],0,[],[],2025-08-06 20:19:26,8:19 PM,Please share price and images,,2025-08-06 20:19:26,False,[],[],,False,[],False,False,organic,#22C55E,7570000650,0,5,
Mumbai,74657,Polki Earrings,MOBILE,91,Maharashtra,Added via app,2024-05-16 20:11:17,ABC Traders,233432208,9603464381,,Anushka Kohli,53,India,,5762795,,7570000651,False,False,False,True,False,True,False,False,False,False,False,False,False,True,[],0,[],[],2024-06-01 20:23:50,8:23 PM,Can I get a discount?,,,False,[],[],,False,[],True,True,ad,#F4B536,7570000651,0,2,
Chennai,74488,Mangalsutra,LANDLINE,91,Tamil Nadu,Added manually,2024-10-08 10:22:09,,218303840,9546168164,9227919454,Deepak Naik,53,India,,5577218,,7570000652,True,False,False,True,False,True,False,True,False,True,True,True,False,True,[],0,[],[],2024-11-07 01:40:38,1:40 AM,Need details about Gold Ring,,2024-11-07 01:40:38,True,[],[],,True,[],False,True,marketplace,#F4B536,7570000652,3,5,
Kolkata,77080,Gold Ring,LANDLINE,91,West Bengal,Added manually,2024-03-19 19:45:48,,297696497,9000055317,,Arjun Rathore,53,India,,5341618,,7570000653,True,False,False,False,False,True,False,False,False,False,False,False,True,True,[],0,[],[],2024-04-13 08:20:39,8:20 AM,Can I get a discount?,,,True,[],[],,False,[],False,False,organic,#FF5733,7570000653,0,3,1755327838
Kolkata,71181,Diamond Earrings,LANDLINE,91,West Bengal,Contact added through Website form,2024-06-20 12:03:22,Golden Jewels,263300954,9754848998,,Kavita Khan,53,India,,5871826,,7570000654,False,False,False,False,True,True,False,False,False,True,False,True,False,True,[],0,[],[],2024-07-12 03:20:14,3:20 AM,Is this available in stock?,,,False,[],[],,True,[],True,True,organic,#F4B536,7570000654,,0,
Hyderabad,79471,Pearl Necklace,LANDLINE,91,Telangana,Added via app,2024-08-01 00:03:21,,250650080,9358053739,,Sneha Bhat,54,India,,5630280,,7570000655,True,False,False,True,False,True,True,False,True,False,False,True,False,False,[],0,[],[],2024-08-15 06:31:39,6:31 AM,Can I get a discount?,,,False,[],[],,True,[],False,True,ad,#FF5733,7570000655,,5,
Delhi,73642,Polki Earrings,LANDLINE,91,Delhi,Added via app,2025-05-03 01:44:27,,249765757,9729744511,,Priya Gupta,54,India,,5461105,,7570000656,False,False,False,False,False,False,False,False,True,True,False,False,False,True,[],0,[],[],2025-05-24 20:16:23,8:16 PM,Interested - send more pics,,2025-05-24 20:16:23,False,[],[],,True,[],True,False,referral,#FF5733,7570000656,0,1,
Ahmedabad,74157,Polki Necklace Set,LANDLINE,91,Gujarat,Imported from CSV,2025-02-02 16:57:24,,203690499,9841822352,,Ankit Bhat,54,India,,5789826,,7570000657,False,False,True,False,False,False,True,False,True,False,False,False,True,False,[],0,[],[],2025-02-23 02:09:56,2:09 AM,Interested - send more pics,,,True,[],[],,True,[],False,True,referral,#F4B536,7570000657,0,4,
Chennai,78294,Mangalsutra,LANDLINE,91,Tamil Nadu,Imported from CSV,2024-09-26 12:30:10,,220134690,9799792917,,Anushka Kapoor,52,India,,5253931,,7570000658,True,False,False,True,True,True,False,False,True,True,True,True,True,False,[],0,[],[],2024-10-08 08:58:37,8:58 AM,Interested - send more pics,,,False,[],[],,False,[],True,True,marketplace,#00AEEF,7570000658,2,4,1755068638
Chennai,78231,Pearl Necklace,LANDLINE,91,Tamil Nadu,Contact added through Website form,2025-02-15 15:31:27,,228861700,9480845219,9297084844,Isha Patel,54,India,,5785253,,7570000659,True,False,False,True,False,False,False,False,True,True,True,True,False,False,[],0,[],[],2025-02-19 08:39:14,8:39 AM,Can I get a discount?,,,False,[],[],,True,[],False,True,organic,#00AEEF,7570000659,0,2,
Udaipur,72956,Kundan Bracelet,LANDLINE,91,Rajasthan,Imported from CSV,2024-10-19 00:37:53,ABC Traders,277074737,9199647059,,Rohit Reddy,53,India,,5738587,,7570000660,False,True,True,True,False,False,True,False,False,False,False,True,True,True,[],0,[],[],2024-11-03 08:16:07,8:16 AM,Can I get a discount?,,,False,[],[],,True,[],False,False,referral,#00AEEF,7570000660,3,2,1754982238
Pune,74300,Gold Ring,LANDLINE,91,Maharashtra,Added manually,2024-06-19 08:13:33,,237852887,9017917540,9801338353,Ankit Chopra,54,India,,5108120,,7570000661,False,True,True,True,False,False,True,False,True,False,False,True,False,False,[],0,[],[],2024-07-13 20:04:02,8:04 PM,Can I get a discount?,,,True,[],[],,False,[],True,True,referral,#FF5733,7570000661,0,3,
Pune,75371,Silver Anklet,MOBILE,91,Maharashtra,Added manually,2025-06-19 11:03:11,,246134283,9668530781,9062154450,Arjun Khan,52,India,,5919416,,7570000662,True,True,False,False,False,True,False,True,True,True,True,True,False,True,[],0,[],[],2025-06-23 03:34:18,3:34 AM,Can I get a discount?,,2025-06-23 03:34:18,True,[],[],,True,[],False,True,referral,#FF5733,7570000662,0,1,
Pune,77590,Silver Anklet,MOBILE,91,Maharashtra,Added manually,2024-02-23 21:23:41,Rising Exports,299933528,9260020221,9909450391,Manish Rathore,51,India,,5882045,,7570000663,False,False,True,False,False,True,False,False,False,False,True,True,False,False,[],0,[],[],2024-02-28 19:46:22,7:46 PM,Is this available in stock?,,2024-02-28 19:46:22,False,[],[],,False,[],True,False,marketplace,#F4B536,7570000663,0,1,
Pune,76672,Polki Earrings,LANDLINE,91,Maharashtra,Added via app,2024-11-16 11:38:32,,248393887,9589516020,,Ravi Verma,52,India,,5643732,,7570000664,True,False,False,False,False,True,True,False,False,True,True,True,False,True,[],0,[],[],2024-12-08 15:38:28,3:38 PM,Can I get a discount?,,,False,[],[],,True,[],False,True,organic,#F4B536,7570000664,,3,
Mumbai,74096,Gold Ring,LANDLINE,91,Maharashtra,Added via app,2025-07-02 05:08:52,Shree Enterprises,217984855,9794626305,,Karan Gupta,52,India,,5838925,,7570000665,False,False,True,False,False,False,False,True,True,False,False,True,True,False,[],0,[],[],2025-07-22 11:27:28,11:27 AM,Can I get a discount?,,2025-07-22 11:27:28,True,[],[],,True,[],False,False,organic,#FF5733,7570000665,,4,
Ahmedabad,74379,Diamond Earrings,LANDLINE,91,Gujarat,Contact added through Website form,2024-05-11 09:15:03,,275008484,9661086303,,Amit Verma,52,India,,5356096,,7570000666,False,True,False,False,False,True,False,True,False,True,True,True,True,True,[],0,[],[],2024-05-20 16:13:06,4:13 PM,Can I get a discount?,,,False,[],[],,False,[],False,False,marketplace,#00AEEF,7570000666,,4,
Bengaluru,71366,Polki Necklace Set,MOBILE,91,Karnataka,Added manually,2024-12-04 15:51:41,,285169781,9782411034,,Deepak Sharma,53,India,,5527094,,7570000667,True,False,False,True,False,True,False,False,False,True,False,True,True,True,[],0,[],[],2024-12-23 16:44:26,4:44 PM,Can I get a discount?,,,True,[],[],,True,[],True,True,organic,#FF5733,7570000667,,5,
Ahmedabad,79652,Polki Necklace Set,MOBILE,91,Gujarat,Added via app,2024-03-22 21:01:23,,237190954,9808781262,,Amit Jain,53,India,,5697732,,7570000668,True,False,False,False,False,True,False,True,False,False,True,False,True,True,[],0,[],[],2024-04-21 18:00:52,6:00 PM,Is this available in stock?,,,False,[],[],,True,[],False,False,marketplace,#FF5733,7570000668,1,0,
Delhi,72065,Mangalsutra,LANDLINE,91,Delhi,Added manually,2025-07-23 09:18:54,,288249227,9422885914,,Deepak Chopra,52,India,,5765621,,7570000669,False,False,True,False,True,True,False,False,True,False,False,True,True,True,[],0,[],[],2025-07-23 09:18:54,9:18 AM,Can I get a discount?,,,False,[],[],,True,[],False,False,marketplace,#22C55E,7570000669,3,4,
Bengaluru,75307,Diamond Earrings,MOBILE,91,Karnataka,Imported from CSV,2024-10-14 20:55:05,,274043097,9514998787,9788197392,Manish Kapoor,52,India,,5229439,,7570000670,False,False,False,False,False,True,False,False,False,True,False,False,True,True,[],0,[],[],2024-10-30 16:05:57,4:05 PM,Interested - send more pics,,,True,[],[],,False,[],False,False,organic,#F4B536,7570000670,0,4,
Kolkata,74213,Gold Ring,LANDLINE,91,West Bengal,Added manually,2024-12-30 11:35:19,,244915315,9287999913,,Manish Nair,54,India,,5234901,,7570000671,True,True,False,False,False,True,False,False,True,False,False,True,True,True,[],0,[],[],2025-01-02 23:24:23,11:24 PM,Interested - send more pics,,,True,[],[],,True,[],False,True,ad,#00AEEF,7570000671,0,2,
Pune,72742,Polki Necklace Set,MOBILE,91,Maharashtra,Contact added through Website form,2025-08-04 22:52:49,,264370467,9440459436,,Ankit Kohli,52,India,,5400105,,7570000672,False,True,True,False,False,False,False,False,False,True,False,False,False,True,[],0,[],[],2025-08-04 22:52:49,10:52 PM,Please share price and images,,,False,[],[],,False,[],True,False,ad,#FF5733,7570000672,3,2,1754982238
Ahmedabad,74379,Polki Earrings,MOBILE,91,Gujarat,Contact added through Website form,2024-05-19 01:45:01,,254076401,9752172413,,Manish Agarwal,52,India,,5663740,,7570000673,False,False,False,False,False,True,True,False,True,False,False,True,False,False,[],0,[],[],2024-06-04 05:26:28,5:26 AM,Need details about Kundan Bracelet,,,False,[],[],,False,[],False,True,ad,#F4B536,7570000673,0,5,1755500638
Bengaluru,73564,Pearl Necklace,MOBILE,91,Karnataka,Added manually,2025-06-08 09:43:15,ABC Traders,281515784,9426989497,,Kavita Agarwal,51,India,,5388791,,7570000674,False,False,False,False,True,True,False,False,False,False,False,True,True,True,[],0,[],[],2025-06-22 09:55:51,9:55 AM,Need details about Kundan Bracelet,,,False,[],[],,True,[],False,True,ad,#00AEEF,7570000674,,5,
Ahmedabad,77289,Polki Earrings,MOBILE,91,Gujarat,Added via app,2024-02-07 17:31:39,,258300566,9407200851,9625292387,Arjun Jain,54,India,,5367531,,7570000675,False,True,False,True,False,True,False,True,False,True,True,False,False,False,[],0,[],[],2024-02-08 15:21:48,3:21 PM,Need details about Polki Earrings,,,False,[],[],,True,[],False,False,organic,#F4B536,7570000675,0,2,
Chennai,74133,Polki Earrings,LANDLINE,91,Tamil Nadu,Imported from CSV,2024-10-21 22:22:31,,262054715,9922138340,,Ravi Patel,53,India,,5476949,,7570000676,False,False,False,True,False,False,False,False,False,False,False,True,False,True,[],0,[],[],2024-11-03 16:35:42,4:35 PM,Is this available in stock?,,,False,[],[],,True,[],True,True,referral,#00AEEF,7570000676,0,1,
Chennai,77962,Polki Earrings,MOBILE,91,Tamil Nadu,Imported from CSV,2025-05-28 03:33:28,,280235982,9894281308,,Amit Naik,52,India,,5316053,,7570000677,False,False,True,False,True,False,True,False,False,True,False,True,False,True,[],0,[],[],2025-06-16 23:49:33,11:49 PM,Can I get a discount?,,,False,[],[],,True,[],False,True,referral,#F4B536,7570000677,,3,
Chennai,70683,Polki Necklace Set,MOBILE,91,Tamil Nadu,Added manually,2024-10-17 13:34:31,,269551833,9232735798,,Vikram Naik,51,India,,5747496,,7570000678,False,True,False,True,True,False,False,True,False,False,False,True,True,True,[],0,[],[],2024-11-06 02:25:51,2:25 AM,Interested - send more pics,,2024-11-06 02:25:51,False,[],[],,False,[],False,True,marketplace,#FF5733,7570000678,0,0,
Delhi,79005,Silver Anklet,LANDLINE,91,Delhi,Added manually,2024-09-12 12:51:00,,278567993,9477997240,,Anushka Naik,51,India,,5444827,,7570000679,True,False,False,False,False,True,True,False,False,False,False,True,True,True,[],0,[],[],2024-09-22 03:28:08,3:28 AM,Is this available in stock?,,2024-09-22 03:28:08,False,[],[],,False,[],True,False,referral,#FF5733,7570000679,,3,
Ahmedabad,79302,Polki Necklace Set,LANDLINE,91,Gujarat,Imported from CSV,2024-10-01 18:56:18,Shree Enterprises,255572363,9825305364,9067168555,Rohit Chopra,53,India,,5463082,,7570000680,False,True,False,False,False,True,False,False,True,True,False,True,False,True,[],0,[],[],2024-10-02 20:58:26,8:58 PM,Interested - send more pics,,,False,[],[],,False,[],False,True,organic,#FF5733,7570000680,0,1,
Jaipur,74322,Diamond Earrings,LANDLINE,91,Rajasthan,Added via app,2024-06-11 13:44:54,,284103913,9178661256,,Ankit Kumar,53,India,,5689622,,7570000681,False,False,False,False,False,True,False,False,False,False,True,True,False,True,[],0,[],[],2024-06-15 13:59:38,1:59 PM,Need details about Silver Anklet,,2024-06-15 13:59:38,False,[],[],,True,[],False,True,referral,#FF5733,7570000681,3,0,
Jaipur,79717,Gold Ring,LANDLINE,91,Rajasthan,Added manually,2025-06-09 10:57:20,,229043074,9899260223,9460462889,Isha Khan,52,India,,5466154,,7570000682,True,False,False,False,False,True,False,False,True,False,True,True,False,False,[],0,[],[],2025-06-14 07:08:03,7:08 AM,Can I get a discount?,,2025-06-14 07:08:03,True,[],[],,True,[],False,False,referral,#22C55E,7570000682,0,4,1754982238
Kolkata,77916,Pearl Necklace,LANDLINE,91,West Bengal,Added manually,2025-04-21 13:44:02,,258450558,9583539043,,Deepak Sharma,51,India,,5113673,,7570000683,True,True,False,False,True,False,False,False,True,True,False,True,False,True,[],0,[],[],2025-04-28 13:57:00,1:57 PM,Need details about Kundan Bracelet,,2025-04-28 13:57:00,True,[],[],,False,[],False,True,referral,#22C55E,7570000683,,5,
Bengaluru,71788,Polki Earrings,MOBILE,91,Karnataka,Added manually,2024-11-26 08:23:57,,279030395,9089458319,,Raj Bhat,52,India,,5642645,,7570000684,True,False,False,True,False,True,True,True,True,True,False,True,False,True,[],0,[],[],2024-12-25 22:11:56,10:11 PM,Can I get a discount?,,,True,[],[],,True,[],False,False,organic,#22C55E,7570000684,0,5,
Delhi,71097,Diamond Earrings,MOBILE,91,Delhi,Added manually,2024-05-21 12:24:46,,280310669,9684635297,9782355658,Ravi Chopra,51,India,,5261062,,7570000685,False,False,False,True,False,True,True,False,False,True,False,True,False,False,[],0,[],[],2024-05-29 20:39:30,8:39 PM,Need details about Gold Ring,,,False,[],[],,True,[],False,True,marketplace,#00AEEF,7570000685,,3,
Pune,73566,Kundan Bracelet,MOBILE,91,Maharashtra,Contact added through Website form,2024-06-15 02:58:00,,292646159,9370613971,,Neha Kapoor,53,India,,5740313,,7570000686,True,False,False,True,True,False,False,True,False,True,True,True,True,True,[],0,[],[],2024-06-29 21:27:11,9:27 PM,Interested - send more pics,,,True,[],[],,True,[],False,True,ad,#00AEEF,7570000686,,0,1755500638
Jaipur,76425,Mangalsutra,LANDLINE,91,Rajasthan,Contact added through Website form,2025-07-22 21:30:10,,234006749,9868819669,,Amit Chopra,54,India,,5567143,,7570000687,False,False,False,True,True,True,False,False,True,False,False,True,False,True,[],0,[],[],2025-08-07 11:12:55,11:12 AM,Need details about Kundan Bracelet,,,False,[],[],,True,[],True,True,ad,#FF5733,7570000687,0,1,
Chennai,78189,Polki Earrings,LANDLINE,91,Tamil Nadu,Imported from CSV,2024-01-01 11:00:09,ABC Traders,235437132,9365379163,,Raj Bhat,53,India,,5910458,,7570000688,True,False,False,False,False,True,False,False,False,False,False,True,True,True,[],0,[],[],2024-01-27 19:27:46,7:27 PM,Can I get a discount?,,,False,[],[],,False,[],False,False,referral,#00AEEF,7570000688,0,2,
Chennai,77558,Silver Anklet,LANDLINE,91,Tamil Nadu,Contact added through Website form,2024-06-19 14:06:17,,220113607,9606958746,9162887371,Anushka Agarwal,51,India,,5536594,,7570000689,False,False,False,True,True,False,False,False,False,False,False,True,True,True,[],0,[],[],2024-07-17 13:54:36,1:54 PM,Need details about Pearl Necklace,,,False,[],[],,False,[],False,False,referral,#22C55E,7570000689,2,1,
Pune,76656,Pearl Necklace,MOBILE,91,Maharashtra,Added via app,2024-07-07 16:10:01,,219369643,9239252357,,Ankit Naik,54,India,,5394525,,7570000690,True,True,False,False,False,True,True,False,True,True,False,True,True,False,[],0,[],[],2024-07-11 01:26:31,1:26 AM,Please share price and images,,2024-07-11 01:26:31,True,[],[],,False,[],False,True,marketplace,#00AEEF,7570000690,,5,
Pune,75632,Diamond Earrings,LANDLINE,91,Maharashtra,Imported from CSV,2025-07-04 14:15:52,,287827493,9204793911,,Amit Kapoor,51,India,,5136854,,7570000691,False,False,False,False,False,True,False,False,True,False,True,True,False,True,[],0,[],[],2025-07-20 06:43:30,6:43 AM,Is this available in stock?,,,False,[],[],,True,[],False,True,referral,#FF5733,7570000691,,1,1755500638
Chennai,75456,Diamond Earrings,MOBILE,91,Tamil Nadu,Imported from CSV,2025-07-17 19:17:52,,204008222,9598214656,9455563637,Pooja Gupta,52,India,,5502971,,7570000692,True,False,True,True,True,True,False,False,False,False,False,True,False,False,[],0,[],[],2025-08-08 11:39:34,11:39 AM,Interested - send more pics,,,False,[],[],,True,[],False,False,ad,#F4B536,7570000692,,4,
Pune,75935,Kundan Bracelet,MOBILE,91,Maharashtra,Imported from CSV,2025-02-05 11:16:34,,254853689,9618772988,9508834927,Kavita Kohli,51,India,,5182117,,7570000693,True,True,False,True,True,True,False,False,False,False,True,True,True,False,[],0,[],[],2025-02-20 01:17:14,1:17 AM,Need details about Diamond Earrings,,2025-02-20 01:17:14,False,[],[],,False,[],False,False,referral,#F4B536,7570000693,,0,
Pune,72252,Polki Necklace Set,MOBILE,91,Maharashtra,Added via app,2024-10-02 14:46:27,,288388886,9747513361,,Karan Nair,54,India,,5906901,,7570000694,False,False,True,False,False,True,False,False,False,True,False,True,True,True,[],0,[],[],2024-10-22 18:20:43,6:20 PM,Is this available in stock?,,,True,[],[],,False,[],False,True,organic,#22C55E,7570000694,0,1,
Chennai,77297,Gold Ring,LANDLINE,91,Tamil Nadu,Contact added through Website form,2025-05-12 02:44:52,,279781530,9246015722,,Priya Jain,51,India,,5160986,,7570000695,False,False,False,True,False,True,False,False,False,False,False,True,True,False,[],0,[],[],2025-05-25 02:51:48,2:51 AM,Is this available in stock?,,2025-05-25 02:51:48,True,[],[],,True,[],False,True,referral,#FF5733,7570000695,2,5,
Hyderabad,72646,Pearl Necklace,MOBILE,91,Telangana,Added via app,2025-01-15 11:44:58,,279643430,9110746400,,Deepak Chopra,51,India,,5953670,,7570000696,False,False,False,True,False,True,False,False,True,True,False,True,False,False,[],0,[],[],2025-01-21 13:15:37,1:15 PM,Interested - send more pics,,2025-01-21 13:15:37,True,[],[],,True,[],True,True,referral,#22C55E,7570000696,,0,
Ahmedabad,77864,Pearl Necklace,LANDLINE,91,Gujarat,Imported from CSV,2024-07-14 23:07:57,,223065461,9806912903,,Rohit Agarwal,54,India,,5924706,,7570000697,False,True,False,True,False,True,False,True,True,True,True,True,False,True,[],0,[],[],2024-07-29 19:19:05,7:19 PM,Is this available in stock?,,2024-07-29 19:19:05,False,[],[],,True,[],False,True,organic,#00AEEF,7570000697,0,1,
Chennai,77912,Silver Anklet,LANDLINE,91,Tamil Nadu,Imported from CSV,2024-06-20 14:45:51,Golden Jewels,230608959,9445817245,,Priya Agarwal,54,India,,5501095,,7570000698,True,True,False,False,True,True,False,False,True,False,False,True,False,True,[],0,[],[],2024-07-09 03:45:36,3:45 AM,Is this available in stock?,,,False,[],[],,False,[],True,False,marketplace,#00AEEF,7570000698,,5,
Jaipur,78547,Polki Earrings,MOBILE,91,Rajasthan,Imported from CSV,2024-08-16 07:54:58,,235687853,9986131290,,Amit Sharma,52,India,,5131988,,7570000699,False,False,False,True,False,True,False,False,True,False,False,False,True,True,[],0,[],[],2024-09-01 08:20:46,8:20 AM,Is this available in stock?,,,True,[],[],,True,[],False,True,ad,#F4B536,7570000699,0,4,
Bengaluru,77426,Silver Anklet,LANDLINE,91,Karnataka,Added via app,2024-11-04 05:18:10,,254570141,9928427264,9334754203,Rahul Agarwal,51,India,,5070835,,7570000700,True,False,True,True,False,True,True,True,False,False,False,False,False,False,[],0,[],[],2024-11-26 03:28:00,3:28 AM,Please share price and images,,,False,[],[],,True,[],True,False,referral,#FF5733,7570000700,,4,
Chennai,72859,Kundan Bracelet,MOBILE,91,Tamil Nadu,Added manually,2024-12-08 16:37:37,,268905255,9599079126,,Deepak Kumar,53,India,,5491582,,7570000701,True,True,True,False,False,False,True,False,True,False,False,False,True,True,[],0,[],[],2024-12-18 07:27:46,7:27 AM,Can I get a discount?,,2024-12-18 07:27:46,True,[],[],,True,[],False,True,referral,#F4B536,7570000701,,1,
Mumbai,75351,Polki Earrings,MOBILE,91,Maharashtra,Added via app,2024-04-01 13:18:44,,212863102,9030426960,,Sneha Reddy,53,India,,5858630,,7570000702,False,False,True,True,False,False,False,True,True,False,False,True,True,True,[],0,[],[],2024-04-18 20:39:31,8:39 PM,Interested - send more pics,,2024-04-18 20:39:31,True,[],[],,True,[],False,True,referral,#FF5733,7570000702,,2,
Bengaluru,71120,Mangalsutra,LANDLINE,91,Karnataka,Imported from CSV,2024-12-07 18:06:10,,282741255,9938972388,,Pooja Mishra,52,India,,5747582,,7570000703,False,False,True,True,True,True,False,False,True,True,False,True,False,False,[],0,[],[],2024-12-23 00:00:28,12:00 AM,Is this available in stock?,,2024-12-23 00:00:28,True,[],[],,False,[],False,True,referral,#F4B536,7570000703,,2,
Pune,79213,Kundan Bracelet,MOBILE,91,Maharashtra,Added manually,2025-03-06 21:41:12,,288520680,9537917632,9716877957,Rahul Chopra,51,India,,5404134,,7570000704,True,True,True,False,False,True,True,True,True,True,False,False,False,True,[],0,[],[],2025-03-28 12:36:23,12:36 PM,Need details about Kundan Bracelet,,2025-03-28 12:36:23,False,[],[],,True,[],True,False,ad,#F4B536,7570000704,0,3,
Hyderabad,75772,Mangalsutra,LANDLINE,91,Telangana,Added manually,2025-03-06 21:41:43,,211891017,9877569419,,Karan Nair,52,India,,5553063,,7570000705,False,False,False,True,True,False,True,False,True,False,True,True,False,True,[],0,[],[],2025-03-09 02:59:35,2:59 AM,Is this available in stock?,,,False,[],[],,True,[],False,False,referral,#F4B536,7570000705,0,2,
Hyderabad,73636,Polki Earrings,LANDLINE,91,Telangana,Added via app,2025-06-16 21:47:15,,206672885,9429864260,,Rohit Sharma,52,India,,5805984,,7570000706,False,True,False,True,False,False,False,True,False,False,False,False,False,True,[],0,[],[],2025-07-15 06:10:59,6:10 AM,Can I get a discount?,,,True,[],[],,False,[],False,False,marketplace,#F4B536,7570000706,,5,
Kolkata,73395,Polki Necklace Set,MOBILE,91,West Bengal,Added via app,2024-02-19 22:47:07,,240757925,9994422713,9540930428,Manish Rathore,53,India,,5261036,,7570000707,False,False,True,True,False,False,True,True,True,False,False,False,False,True,[],0,[],[],2024-03-12 06:08:08,6:08 AM,Interested - send more pics,,,False,[],[],,True,[],False,False,marketplace,#FF5733,7570000707,,1,
Bengaluru,70943,Polki Necklace Set,MOBILE,91,Karnataka,Imported from CSV,2024-11-24 00:51:56,,218588579,9878390084,,Ravi Gupta,54,India,,5393162,,7570000708,False,False,False,True,False,False,False,True,False,False,True,True,False,False,[],0,[],[],2024-11-26 20:12:41,8:12 PM,Need details about Kundan Bracelet,,2024-11-26 20:12:41,True,[],[],,False,[],True,False,ad,#00AEEF,7570000708,2,2,
Ahmedabad,74554,Pearl Necklace,MOBILE,91,Gujarat,Added via app,2025-02-26 11:26:08,,214274940,9610034463,,Rohit Sharma,54,India,,5458943,,7570000709,True,False,True,True,False,True,False,True,True,False,False,True,True,False,[],0,[],[],2025-03-11 15:43:15,3:43 PM,Please share price and images,,2025-03-11 15:43:15,False,[],[],,True,[],False,False,organic,#FF5733,7570000709,,3,
Pune,70712,Mangalsutra,LANDLINE,91,Maharashtra,Contact added through Website form,2024-06-18 18:27:12,,235217996,9991093485,,Anushka Joshi,51,India,,5107257,,7570000710,True,False,False,False,False,False,False,True,False,False,False,True,False,False,[],0,[],[],2024-06-19 08:24:07,8:24 AM,Can I get a discount?,,,False,[],[],,False,[],False,True,organic,#FF5733,7570000710,0,2,
Mumbai,74113,Polki Earrings,LANDLINE,91,Maharashtra,Contact added through Website form,2024-03-13 08:53:43,,272033461,9898069228,,Neha Khan,51,India,,5570655,,7570000711,True,False,False,True,True,False,True,False,False,False,False,True,True,True,[],0,[],[],2024-04-04 18:34:10,6:34 PM,Need details about Pearl Necklace,,,True,[],[],,True,[],False,True,ad,#00AEEF,7570000711,,1,1755500638
Bengaluru,77965,Gold Ring,LANDLINE,91,Karnataka,Contact added through Website form,2024-08-04 10:32:20,,254922827,9592932647,,Manish Gupta,51,India,,5587411,,7570000712,True,True,False,True,False,True,False,False,True,False,True,False,False,True,[],0,[],[],2024-08-07 12:23:39,12:23 PM,Please share price and images,,,False,[],[],,False,[],True,True,referral,#F4B536,7570000712,0,0,1755500638
Bengaluru,78246,Silver Anklet,LANDLINE,91,Karnataka,Imported from CSV,2024-07-21 03:48:25,Golden Jewels,261575241,9228363556,,Maya Patel,54,India,,5552145,,7570000713,False,False,True,True,False,True,True,False,False,False,False,True,False,True,[],0,[],[],2024-08-02 21:50:48,9:50 PM,Interested - send more pics,,,True,[],[],,True,[],True,True,ad,#22C55E,7570000713,0,2,
Jaipur,73044,Silver Anklet,MOBILE,91,Rajasthan,Contact added through Website form,2025-01-29 00:36:57,,284567044,9322615928,,Manish Kohli,51,India,,5424170,,7570000714,False,False,True,True,True,True,True,False,False,False,False,True,True,True,[],0,[],[],2025-02-08 21:45:59,9:45 PM,Can I get a discount?,,2025-02-08 21:45:59,False,[],[],,True,[],True,False,marketplace,#00AEEF,7570000714,0,1,1755500638
Bengaluru,79198,Gold Ring,LANDLINE,91,Karnataka,Contact added through Website form,2025-06-15 21:30:55,Golden Jewels,250810942,9682446265,,Maya Mishra,54,India,,5812538,,7570000715,True,True,False,True,True,True,False,False,True,True,False,False,False,True,[],0,[],[],2025-06-29 01:58:48,1:58 AM,Is this available in stock?,,,True,[],[],,False,[],False,True,organic,#F4B536,7570000715,2,4,
Udaipur,70598,Silver Anklet,LANDLINE,91,Rajasthan,Added manually,2024-04-05 09:45:33,,237316822,9025368280,,Deepak Agarwal,52,India,,5646014,,7570000716,False,False,False,False,False,True,True,True,False,True,True,True,False,False,[],0,[],[],2024-04-19 07:41:19,7:41 AM,Is this available in stock?,,,True,[],[],,False,[],False,True,ad,#22C55E,7570000716,0,2,
Kolkata,71829,Polki Earrings,LANDLINE,91,West Bengal,Imported from CSV,2025-04-12 08:34:08,,299280744,9512843280,,Anushka Mehta,54,India,,5643221,,7570000717,True,False,False,True,False,True,True,False,False,True,False,True,False,True,[],0,[],[],2025-04-17 09:27:52,9:27 AM,Need details about Polki Earrings,,,True,[],[],,False,[],False,True,organic,#22C55E,7570000717,1,3,1755500638
Kolkata,70096,Gold Ring,LANDLINE,91,West Bengal,Imported from CSV,2025-05-04 08:20:14,,249028567,9600452586,,Maya Verma,54,India,,5381511,,7570000718,False,False,False,False,False,True,False,False,True,False,False,True,False,True,[],0,[],[],2025-05-19 20:30:00,8:30 PM,Can I get a discount?,,2025-05-19 20:30:00,True,[],[],,True,[],False,True,referral,#FF5733,7570000718,,3,
Kolkata,76513,Polki Necklace Set,MOBILE,91,West Bengal,Contact added through Website form,2024-02-26 11:59:17,,278274599,9388818951,,Ravi Khan,51,India,,5158246,,7570000719,True,False,False,True,False,True,False,False,True,True,False,False,False,True,[],0,[],[],2024-02-27 15:46:46,3:46 PM,Need details about Diamond Earrings,,,True,[],[],,True,[],False,True,ad,#FF5733,7570000719,0,4,
Pune,70839,Kundan Bracelet,MOBILE,91,Maharashtra,Contact added through Website form,2025-07-28 14:44:28,,291321636,9955261899,9880380875,Pooja Kapoor,53,India,,5719950,,7570000720,False,False,False,False,False,False,False,False,True,True,False,True,True,False,[],0,[],[],2025-07-28 14:44:28,2:44 PM,Need details about Diamond Earrings,,,True,[],[],,True,[],False,False,referral,#F4B536,7570000720,1,1,
Udaipur,72548,Gold Ring,LANDLINE,91,Rajasthan,Added manually,2025-03-22 22:07:12,,225445439,9281103932,9741180257,Priya Reddy,51,India,,5433544,,7570000721,True,False,False,True,False,True,True,False,True,True,False,True,False,True,[],0,[],[],2025-04-03 12:16:02,12:16 PM,Is this available in stock?,,,True,[],[],,False,[],False,False,referral,#FF5733,7570000721,0,3,1755414238
Kolkata,74214,Gold Ring,MOBILE,91,West Bengal,Contact added through Website form,2024-09-11 22:55:48,,234646722,9734218365,,Kavita Mishra,52,India,,5315919,,7570000722,True,False,False,True,True,False,False,False,False,False,False,False,False,True,[],0,[],[],2024-10-02 18:59:22,6:59 PM,Can I get a discount?,,,True,[],[],,False,[],False,False,organic,#FF5733,7570000722,3,5,1755759838
Udaipur,74365,Diamond Earrings,MOBILE,91,Rajasthan,Added via app,2025-02-26 06:30:06,,252368199,9502470450,,Ravi Gupta,51,India,,5246814,,7570000723,True,False,False,True,False,True,False,False,True,True,False,False,False,True,[],0,[],[],2025-03-17 12:51:00,12:51 PM,Need details about Silver Anklet,,,True,[],[],,False,[],False,False,referral,#F4B536,7570000723,,3,
Kolkata,77471,Gold Ring,MOBILE,91,West Bengal,Imported from CSV,2024-05-31 12:55:49,,201590407,9762876386,,Arjun Mehta,53,India,,5229027,,7570000724,True,False,True,True,True,False,False,False,True,True,False,True,True,True,[],0,[],[],2024-06-19 14:44:39,2:44 PM,Interested - send more pics,,,True,[],[],,True,[],True,False,ad,#F4B536,7570000724,0,5,
Kolkata,75785,Pearl Necklace,MOBILE,91,West Bengal,Added via app,2024-01-03 17:10:57,,239004748,9374666864,,Maya Reddy,54,India,,5571231,,7570000725,True,False,False,False,False,True,False,False,True,True,False,False,True,False,[],0,[],[],2024-01-10 04:59:39,4:59 AM,Please share price and images,,,True,[],[],,True,[],False,True,organic,#F4B536,7570000725,0,0,
Mumbai,72110,Diamond Earrings,MOBILE,91,Maharashtra,Imported from CSV,2024-02-18 00:28:06,,257616237,9185669527,,Isha Jain,52,India,,5919720,,7570000726,True,False,False,False,False,True,False,False,False,False,False,True,True,True,[],0,[],[],2024-02-28 04:54:27,4:54 AM,Interested - send more pics,,2024-02-28 04:54:27,True,[],[],,False,[],False,False,ad,#F4B536,7570000726,0,3,
Kolkata,79144,Polki Earrings,MOBILE,91,West Bengal,Contact added through Website form,2024-09-11 07:30:45,,263249492,9725915293,,Raj Mishra,54,India,,5762192,,7570000727,False,False,True,True,False,False,False,False,True,False,False,True,False,True,[],0,[],[],2024-09-11 09:11:03,9:11 AM,Can I get a discount?,,2024-09-11 09:11:03,False,[],[],,True,[],True,True,organic,#FF5733,7570000727,0,2,
Udaipur,75207,Silver Anklet,MOBILE,91,Rajasthan,Added via app,2025-08-09 15:08:06,,202437182,9654810176,9438028067,Ravi Rathore,52,India,,5685975,,7570000728,True,True,False,False,False,True,False,False,True,False,False,True,True,True,[],0,[],[],2025-08-09 15:08:06,3:08 PM,Can I get a discount?,,2025-08-09 15:08:06,False,[],[],,True,[],False,True,referral,#F4B536,7570000728,,5,
Chennai,72607,Polki Necklace Set,MOBILE,91,Tamil Nadu,Contact added through Website form,2024-07-04 16:51:27,Rising Exports,243570272,9543895712,,Priya Patel,51,India,,5334853,,7570000729,True,False,False,True,False,True,False,False,True,False,False,True,False,False,[],0,[],[],2024-07-26 07:41:40,7:41 AM,Please share price and images,,,False,[],[],,True,[],False,False,ad,#F4B536,7570000729,0,5,
Kolkata,77257,Polki Earrings,LANDLINE,91,West Bengal,Added manually,2024-03-31 03:53:41,,243107401,9532495830,,Anushka Naik,52,India,,5466529,,7570000730,False,False,False,True,True,False,True,False,False,False,True,False,False,False,[],0,[],[],2024-04-09 07:21:29,7:21 AM,Need details about Diamond Earrings,,,True,[],[],,False,[],False,True,marketplace,#F4B536,7570000730,,3,
Bengaluru,77512,Pearl Necklace,LANDLINE,91,Karnataka,Added manually,2025-06-03 23:08:31,ABC Traders,258065670,9803516806,,Karan Mehta,52,India,,5713827,,7570000731,True,False,True,False,False,True,True,False,False,True,False,True,False,True,[],0,[],[],2025-07-02 00:17:21,12:17 AM,Interested - send more pics,,,False,[],[],,True,[],False,False,marketplace,#FF5733,7570000731,,4,
Udaipur,77704,Polki Earrings,MOBILE,91,Rajasthan,Contact added through Website form,2024-10-31 10:04:26,,231838045,9630700395,,Deepak Sharma,52,India,,5520556,,7570000732,True,False,False,False,False,True,True,False,False,False,True,True,False,True,[],0,[],[],2024-11-15 14:19:03,2:19 PM,Is this available in stock?,,,True,[],[],,True,[],False,False,organic,#22C55E,7570000732,0,3,1755759838
Hyderabad,75148,Pearl Necklace,LANDLINE,91,Telangana,Imported from CSV,2025-05-23 12:00:36,ABC Traders,260456961,9812100892,,Raj Rathore,54,India,,5532029,,7570000733,True,False,False,True,False,False,False,True,True,False,True,True,False,True,[],0,[],[],2025-06-12 17:25:49,5:25 PM,Interested - send more pics,,,False,[],[],,True,[],True,True,ad,#FF5733,7570000733,0,5,
Bengaluru,70223,Diamond Earrings,MOBILE,91,Karnataka,Contact added through Website form,2024-12-14 04:43:45,,231715154,9203034274,,Karan Chopra,52,India,,5948111,,7570000734,False,False,True,True,False,False,False,False,True,False,False,True,False,True,[],0,[],[],2025-01-10 02:33:55,2:33 AM,Is this available in stock?,,,True,[],[],,False,[],False,False,organic,#00AEEF,7570000734,0,2,
Udaipur,79587,Mangalsutra,MOBILE,91,Rajasthan,Added manually,2024-12-18 16:26:16,,232618350,9383255931,,Manish Chopra,52,India,,5744867,,7570000735,False,False,False,False,False,False,True,False,True,True,False,True,False,True,[],0,[],[],2024-12-20 17:15:24,5:15 PM,Can I get a discount?,,,True,[],[],,False,[],False,True,marketplace,#22C55E,7570000735,,1,
Mumbai,78864,Silver Anklet,MOBILE,91,Maharashtra,Contact added through Website form,2025-01-08 14:03:40,Rising Exports,287121722,9704605755,9028362579,Sneha Kumar,53,India,,5248360,,7570000736,False,False,True,False,False,True,False,False,False,False,False,False,False,True,[],0,[],[],2025-01-22 22:58:20,10:58 PM,Is this available in stock?,,,False,[],[],,False,[],True,True,organic,#00AEEF,7570000736,3,2,
Udaipur,78512,Diamond Earrings,MOBILE,91,Rajasthan,Contact added through Website form,2025-08-02 13:43:38,,223883134,9796534190,9429826789,Raj Verma,53,India,,5728006,,7570000737,True,False,True,True,True,False,False,False,True,True,True,False,False,True,[],0,[],[],2025-08-09 11:18:19,11:18 AM,Need details about Diamond Earrings,,2025-08-09 11:18:19,True,[],[],,False,[],False,True,organic,#22C55E,7570000737,,3,
Jaipur,76265,Diamond Earrings,LANDLINE,91,Rajasthan,Imported from CSV,2024-07-17 08:39:11,,224470780,9079334175,,Arjun Kumar,53,India,,5763484,,7570000738,True,False,True,False,False,False,True,True,True,False,False,True,False,True,[],0,[],[],2024-07-28 14:01:59,2:01 PM,Is this available in stock?,,,True,[],[],,False,[],False,True,referral,#22C55E,7570000738,0,4,
Mumbai,78970,Polki Necklace Set,LANDLINE,91,Maharashtra,Added via app,2024-06-11 18:52:47,,219500942,9429742999,,Isha Bhat,54,India,,5065157,,7570000739,False,False,False,False,False,False,True,False,True,True,False,False,False,False,[],0,[],[],2024-06-13 00:55:46,12:55 AM,Please share price and images,,2024-06-13 00:55:46,False,[],[],,True,[],False,True,marketplace,#00AEEF,7570000739,0,0,
Bengaluru,70230,Polki Necklace Set,LANDLINE,91,Karnataka,Contact added through Website form,2024-10-06 15:10:01,,259259655,9870228567,,Isha Khan,54,India,,5003778,,7570000740,False,False,False,True,False,True,True,False,True,True,False,False,True,True,[],0,[],[],2024-10-22 01:45:26,1:45 AM,Need details about Polki Necklace Set,,,False,[],[],,True,[],False,True,marketplace,#F4B536,7570000740,0,3,
Hyderabad,70173,Gold Ring,MOBILE,91,Telangana,Added manually,2025-02-15 13:45:45,,227013300,9740853620,9688551312,Siddharth Khan,52,India,,5077878,,7570000741,True,False,True,False,False,False,False,False,True,False,True,True,False,True,[],0,[],[],2025-03-02 09:49:44,9:49 AM,Interested - send more pics,,2025-03-02 09:49:44,False,[],[],,True,[],False,True,marketplace,#F4B536,7570000741,2,3,
Jaipur,76013,Kundan Bracelet,MOBILE,91,Rajasthan,Added manually,2024-04-15 01:59:44,Rising Exports,222890838,9514900461,,Siddharth Nair,54,India,,5041323,,7570000742,False,False,False,False,False,True,False,True,False,False,True,True,False,True,[],0,[],[],2024-05-07 23:05:41,11:05 PM,Can I get a discount?,,2024-05-07 23:05:41,True,[],[],,False,[],False,True,referral,#F4B536,7570000742,0,2,
Udaipur,72434,Gold Ring,MOBILE,91,Rajasthan,Imported from CSV,2024-06-16 22:49:05,,246709860,9310375682,,Amit Rathore,54,India,,5697432,,7570000743,False,False,False,True,False,True,True,False,False,True,False,True,False,True,[],0,[],[],2024-06-28 02:22:19,2:22 AM,Please share price and images,,2024-06-28 02:22:19,False,[],[],,True,[],False,True,organic,#00AEEF,7570000743,,5,
Chennai,73460,Kundan Bracelet,LANDLINE,91,Tamil Nadu,Added manually,2025-01-10 03:22:58,,259164310,9042251065,9844932432,Pooja Patel,54,India,,5305891,,7570000744,False,True,False,True,True,True,False,False,False,False,False,False,False,True,[],0,[],[],2025-01-19 06:00:56,6:00 AM,Interested - send more pics,,2025-01-19 06:00:56,False,[],[],,True,[],False,True,referral,#00AEEF,7570000744,3,1,
Udaipur,73464,Polki Necklace Set,LANDLINE,91,Rajasthan,Imported from CSV,2024-02-16 12:56:34,,245286295,9430321100,,Rahul Joshi,53,India,,5527764,,7570000745,False,False,False,True,True,True,True,True,False,True,True,True,False,True,[],0,[],[],2024-03-09 02:29:00,2:29 AM,Interested - send more pics,,,False,[],[],,True,[],True,True,organic,#FF5733,7570000745,0,2,
Jaipur,78193,Diamond Earrings,MOBILE,91,Rajasthan,Added manually,2024-07-22 23:41:46,,289390140,9056173148,9487435604,Deepak Agarwal,53,India,,5219828,,7570000746,True,True,False,False,False,True,True,False,True,True,False,True,False,True,[],0,[],[],2024-08-05 08:05:32,8:05 AM,Interested - send more pics,,,False,[],[],,False,[],False,False,organic,#00AEEF,7570000746,,5,
Jaipur,77893,Pearl Necklace,MOBILE,91,Rajasthan,Added manually,2025-04-30 06:33:44,,296778792,9986608654,,Rohit Bhat,51,India,,5574245,,7570000747,False,False,False,False,False,False,False,False,False,False,False,False,False,True,[],0,[],[],2025-05-04 04:28:21,4:28 AM,Can I get a discount?,,,True,[],[],,True,[],False,True,organic,#FF5733,7570000747,,2,
Kolkata,70053,Mangalsutra,MOBILE,91,West Bengal,Contact added through Website form,2025-04-09 12:07:10,,292778785,9646464434,,Deepak Mehta,53,India,,5344240,,7570000748,False,False,False,False,False,True,False,False,False,False,True,False,False,True,[],0,[],[],2025-04-12 14:41:15,2:41 PM,Is this available in stock?,,,True,[],[],,True,[],False,True,marketplace,#00AEEF,7570000748,0,5,
Chennai,73802,Kundan Bracelet,LANDLINE,91,Tamil Nadu,Imported from CSV,2024-05-13 16:21:58,Shree Enterprises,213708744,9037713268,,Karan Sharma,51,India,,5397166,,7570000749,True,False,False,True,False,False,True,True,True,False,True,True,False,True,[],0,[],[],2024-05-28 05:19:10,5:19 AM,Interested - send more pics,,,False,[],[],,True,[],True,False,marketplace,#F4B536,7570000749,,1,
Pune,78366,Polki Necklace Set,MOBILE,91,Maharashtra,Imported from CSV,2024-12-28 15:45:55,,244470247,9430935413,,Pooja Rathore,51,India,,5538548,,7570000750,False,False,False,True,False,True,False,False,False,False,False,True,False,True,[],0,[],[],2025-01-13 11:42:12,11:42 AM,Need details about Pearl Necklace,,,True,[],[],,True,[],True,True,ad,#FF5733,7570000750,,5,1755673438
Jaipur,72745,Pearl Necklace,LANDLINE,91,Rajasthan,Added manually,2025-03-18 13:53:41,,228133133,9171092251,9223322360,Isha Bhat,53,India,,5782019,,7570000751,False,False,False,True,False,True,False,False,True,False,False,False,False,False,[],0,[],[],2025-04-12 23:10:50,11:10 PM,Can I get a discount?,,,True,[],[],,False,[],True,True,ad,#FF5733,7570000751,,3,
Ahmedabad,73976,Polki Earrings,LANDLINE,91,Gujarat,Imported from CSV,2024-05-12 16:29:24,,245918988,9456643965,,Anushka Rathore,53,India,,5933974,,7570000752,True,True,True,True,False,True,False,False,True,True,False,False,True,True,[],0,[],[],2024-06-05 22:41:21,10:41 PM,Please share price and images,,2024-06-05 22:41:21,True,[],[],,False,[],False,False,referral,#22C55E,7570000752,,5,
Ahmedabad,77506,Mangalsutra,LANDLINE,91,Gujarat,Added manually,2025-03-01 17:21:18,Shree Enterprises,287139386,9314790703,,Rohit Naik,52,India,,5040556,,7570000753,False,False,False,True,False,False,False,False,False,False,False,True,True,False,[],0,[],[],2025-03-28 19:22:33,7:22 PM,Is this available in stock?,,2025-03-28 19:22:33,False,[],[],,False,[],False,False,marketplace,#F4B536,7570000753,0,4,
Delhi,74288,Mangalsutra,MOBILE,91,Delhi,Added via app,2024-10-12 05:48:46,,241981391,9902270880,,Raj Kumar,51,India,,5610988,,7570000754,True,False,True,True,True,True,False,False,True,False,False,True,True,False,[],0,[],[],2024-11-01 17:10:56,5:10 PM,Can I get a discount?,,,True,[],[],,False,[],False,True,organic,#F4B536,7570000754,0,2,1755414238
Ahmedabad,74590,Pearl Necklace,MOBILE,91,Gujarat,Added via app,2024-05-12 23:09:07,Rising Exports,226538490,9433469775,,Ankit Mehta,54,India,,5341916,,7570000755,False,False,False,True,False,True,False,False,False,False,False,False,False,False,[],0,[],[],2024-06-03 19:16:02,7:16 PM,Is this available in stock?,,,True,[],[],,False,[],True,False,referral,#00AEEF,7570000755,1,3,1755673438
Chennai,72628,Mangalsutra,LANDLINE,91,Tamil Nadu,Contact added through Website form,2025-01-10 05:13:17,Golden Jewels,292567122,9140640266,9711680549,Rohit Mishra,51,India,,5328144,,7570000756,False,False,False,False,False,True,True,False,True,True,False,False,False,True,[],0,[],[],2025-01-13 05:06:38,5:06 AM,Can I get a discount?,,2025-01-13 05:06:38,True,[],[],,False,[],True,True,referral,#FF5733,7570000756,,3,
Bengaluru,74681,Polki Earrings,MOBILE,91,Karnataka,Imported from CSV,2024-07-24 15:53:33,,201289419,9754014446,,Priya Kumar,51,India,,5772574,,7570000757,False,False,False,True,False,True,False,True,True,False,False,True,False,True,[],0,[],[],2024-08-04 23:59:59,11:59 PM,Is this available in stock?,,,False,[],[],,False,[],False,True,organic,#F4B536,7570000757,0,2,1755068638
Delhi,74292,Diamond Earrings,LANDLINE,91,Delhi,Added manually,2024-07-25 07:48:13,,267422867,9393944883,,Ankit Kohli,51,India,,5744543,,7570000758,False,False,False,False,True,True,True,True,True,True,True,True,False,False,[],0,[],[],2024-08-23 11:49:02,11:49 AM,Is this available in stock?,,2024-08-23 11:49:02,False,[],[],,True,[],False,True,organic,#FF5733,7570000758,3,5,
Hyderabad,78929,Gold Ring,MOBILE,91,Telangana,Contact added through Website form,2025-01-23 15:00:23,,286533506,9763864983,,Manish Verma,51,India,,5553954,,7570000759,True,False,False,False,True,False,True,False,False,True,False,False,True,True,[],0,[],[],2025-02-07 06:53:00,6:53 AM,Can I get a discount?,,2025-02-07 06:53:00,True,[],[],,True,[],False,True,organic,#F4B536,7570000759,,2,1755587038
Chennai,70494,Silver Anklet,LANDLINE,91,Tamil Nadu,Contact added through Website form,2024-06-11 00:50:04,ABC Traders,215034333,9775431611,,Pooja Verma,53,India,,5250796,,7570000760,False,False,True,True,False,False,False,False,False,True,False,True,True,True,[],0,[],[],2024-06-23 02:57:30,2:57 AM,Is this available in stock?,,2024-06-23 02:57:30,True,[],[],,True,[],False,False,organic,#F4B536,7570000760,2,2,
Ahmedabad,70507,Polki Necklace Set,MOBILE,91,Gujarat,Added via app,2025-01-23 07:29:31,,225228013,9920088925,,Rahul Chopra,53,India,,5796594,,7570000761,False,False,False,False,False,True,True,False,True,False,False,True,False,True,[],0,[],[],2025-01-26 05:53:40,5:53 AM,Need details about Polki Necklace Set,,,True,[],[],,False,[],False,True,marketplace,#FF5733,7570000761,0,3,
Delhi,70501,Diamond Earrings,MOBILE,91,Delhi,Added manually,2025-05-17 10:40:24,,254522034,9955149570,,Ankit Kohli,51,India,,5354046,,7570000762,True,False,False,False,False,True,False,False,False,False,False,True,True,True,[],0,[],[],2025-05-31 07:05:18,7:05 AM,Need details about Mangalsutra,,,False,[],[],,True,[],True,True,marketplace,#22C55E,7570000762,1,5,
Ahmedabad,73202,Kundan Bracelet,LANDLINE,91,Gujarat,Added via app,2024-05-28 08:45:25,,253201123,9604078870,9206704463,Ankit Khan,53,India,,5920685,,7570000763,False,False,False,True,False,True,False,True,False,False,False,True,True,True,[],0,[],[],2024-06-23 04:27:09,4:27 AM,Is this available in stock?,,2024-06-23 04:27:09,False,[],[],,False,[],True,True,marketplace,#22C55E,7570000763,0,0,
Chennai,78411,Gold Ring,LANDLINE,91,Tamil Nadu,Imported from CSV,2024-10-02 09:12:49,,240521628,9550691040,,Ravi Jain,51,India,,5005107,,7570000764,False,False,True,True,False,False,True,False,False,False,True,True,False,False,[],0,[],[],2024-10-06 05:48:15,5:48 AM,Need details about Mangalsutra,,,False,[],[],,False,[],False,True,referral,#22C55E,7570000764,,2,1755327838
Hyderabad,74043,Kundan Bracelet,LANDLINE,91,Telangana,Added via app,2024-08-25 18:11:53,,250972517,9808591578,,Kavita Kapoor,53,India,,5531163,,7570000765,False,False,False,True,False,True,True,False,True,False,True,True,False,False,[],0,[],[],2024-09-16 16:54:21,4:54 PM,Can I get a discount?,,,True,[],[],,True,[],False,True,marketplace,#00AEEF,7570000765,,0,
Delhi,76399,Kundan Bracelet,LANDLINE,91,Delhi,Contact added through Website form,2024-02-26 21:09:03,,271185991,9574537025,,Ravi Bhat,51,India,,5243011,,7570000766,False,True,False,True,True,True,False,False,True,False,False,True,False,True,[],0,[],[],2024-03-13 15:37:17,3:37 PM,Is this available in stock?,,,False,[],[],,False,[],True,True,marketplace,#FF5733,7570000766,,5,1755759838
Chennai,72033,Silver Anklet,LANDLINE,91,Tamil Nadu,Imported from CSV,2024-12-29 09:17:14,Shree Enterprises,240920425,9194607514,,Vikram Naik,53,India,,5850710,,7570000767,True,False,False,False,True,True,True,False,True,True,False,True,False,True,[],0,[],[],2025-01-12 05:26:02,5:26 AM,Interested - send more pics,,,False,[],[],,True,[],False,True,ad,#FF5733,7570000767,0,4,
Delhi,79024,Polki Necklace Set,MOBILE,91,Delhi,Contact added through Website form,2025-06-10 22:03:54,,230595328,9174274946,,Ravi Agarwal,54,India,,5863305,,7570000768,True,False,False,False,False,False,True,False,True,False,False,True,False,True,[],0,[],[],2025-07-04 12:46:39,12:46 PM,Is this available in stock?,,,True,[],[],,False,[],False,False,ad,#FF5733,7570000768,0,5,
Hyderabad,77731,Diamond Earrings,LANDLINE,91,Telangana,Added via app,2025-05-18 20:53:26,,295689428,9922822331,,Arjun Kumar,54,India,,5376648,,7570000769,True,True,False,False,True,True,False,True,False,False,True,False,False,True,[],0,[],[],2025-06-14 19:16:25,7:16 PM,Can I get a discount?,,2025-06-14 19:16:25,False,[],[],,False,[],False,False,marketplace,#F4B536,7570000769,,0,1755759838
Udaipur,79446,Diamond Earrings,MOBILE,91,Rajasthan,Added manually,2024-11-05 17:49:16,Shree Enterprises,261401461,9859255898,,Karan Reddy,53,India,,5380885,,7570000770,False,True,True,True,True,True,True,False,True,False,False,True,True,True,[],0,[],[],2024-11-16 01:51:03,1:51 AM,Interested - send more pics,,,True,[],[],,False,[],False,True,organic,#22C55E,7570000770,2,5,
Mumbai,78866,Gold Ring,LANDLINE,91,Maharashtra,Added via app,2025-07-16 07:49:41,,257764322,9977711217,9218257819,Raj Sharma,52,India,,5378101,,7570000771,True,True,True,True,True,True,False,True,False,False,False,False,False,True,[],0,[],[],2025-07-16 07:49:41,7:49 AM,Can I get a discount?,,,True,[],[],,True,[],True,False,organic,#FF5733,7570000771,0,5,
Mumbai,77130,Pearl Necklace,LANDLINE,91,Maharashtra,Added via app,2025-02-23 06:24:28,Shree Enterprises,265995916,9326920491,,Neha Mishra,53,India,,5757634,,7570000772,True,False,False,True,False,True,False,True,True,True,True,False,False,True,[],0,[],[],2025-03-25 03:44:22,3:44 AM,Can I get a discount?,,,True,[],[],,True,[],True,False,referral,#FF5733,7570000772,,3,
Kolkata,72941,Pearl Necklace,MOBILE,91,West Bengal,Imported from CSV,2024-05-08 14:09:39,,253311538,9242416647,,Rahul Kumar,51,India,,5641158,,7570000773,False,True,False,True,False,False,True,False,False,False,False,False,False,True,[],0,[],[],2024-05-21 00:03:36,12:03 AM,Please share price and images,,2024-05-21 00:03:36,False,[],[],,True,[],False,True,marketplace,#F4B536,7570000773,0,2,
Kolkata,76687,Diamond Earrings,LANDLINE,91,West Bengal,Added manually,2025-05-19 15:49:07,,280594945,9224268185,,Anushka Mehta,52,India,,5975913,,7570000774,True,False,False,False,False,False,False,False,True,False,False,True,False,True,[],0,[],[],2025-05-30 20:25:36,8:25 PM,Need details about Polki Necklace Set,,,False,[],[],,True,[],False,True,referral,#F4B536,7570000774,,1,
Bengaluru,73236,Polki Earrings,LANDLINE,91,Karnataka,Added manually,2024-05-06 23:01:11,,225647315,9952290029,9733150716,Maya Sharma,51,India,,5244550,,7570000775,False,False,False,True,False,False,True,False,True,True,False,True,False,True,[],0,[],[],2024-06-02 01:08:35,1:08 AM,Can I get a discount?,,,False,[],[],,True,[],True,True,marketplace,#00AEEF,7570000775,1,4,
Bengaluru,72360,Polki Earrings,MOBILE,91,Karnataka,Added via app,2025-07-06 08:05:57,,212865988,9525561837,,Anushka Kohli,52,India,,5385508,,7570000776,True,False,False,False,False,False,False,False,True,True,True,True,False,True,[],0,[],[],2025-07-28 20:11:39,8:11 PM,Interested - send more pics,,,True,[],[],,True,[],False,False,organic,#FF5733,7570000776,0,4,
Chennai,79529,Mangalsutra,LANDLINE,91,Tamil Nadu,Added manually,2024-03-23 01:05:12,,290488606,9370919112,9836850122,Manish Joshi,51,India,,5441037,,7570000777,False,False,False,True,False,False,True,False,False,False,False,True,False,True,[],0,[],[],2024-03-29 05:56:44,5:56 AM,Need details about Gold Ring,,2024-03-29 05:56:44,False,[],[],,True,[],False,True,marketplace,#22C55E,7570000777,0,2,
Chennai,79273,Polki Earrings,LANDLINE,91,Tamil Nadu,Added via app,2024-10-29 07:29:47,,253746280,9974468292,,Ravi Chopra,53,India,,5253769,,7570000778,False,False,False,True,False,True,True,False,True,True,False,True,True,True,[],0,[],[],2024-11-26 02:48:40,2:48 AM,Need details about Diamond Earrings,,2024-11-26 02:48:40,True,[],[],,True,[],False,True,marketplace,#22C55E,7570000778,,5,
Kolkata,77556,Kundan Bracelet,MOBILE,91,West Bengal,Added manually,2024-07-28 10:22:46,,227499569,9756426284,9182548833,Kavita Rathore,51,India,,5754782,,7570000779,True,True,False,True,False,True,False,False,False,True,True,True,False,False,[],0,[],[],2024-08-21 22:44:16,10:44 PM,Can I get a discount?,,,False,[],[],,True,[],False,True,ad,#22C55E,7570000779,2,3,
Bengaluru,71496,Polki Earrings,LANDLINE,91,Karnataka,Contact added through Website form,2024-01-24 21:49:33,,265007530,9853581180,,Manish Rathore,53,India,,5451669,,7570000780,True,False,False,True,False,False,False,False,True,True,False,True,True,True,[],0,[],[],2024-02-03 12:18:41,12:18 PM,Interested - send more pics,,,True,[],[],,True,[],False,False,marketplace,#00AEEF,7570000780,0,3,1755068638
Ahmedabad,78885,Kundan Bracelet,LANDLINE,91,Gujarat,Added via app,2025-06-25 19:39:05,,240660309,9482496561,,Isha Mehta,54,India,,5776103,,7570000781,True,True,False,False,False,True,True,False,True,True,False,False,False,False,[],0,[],[],2025-07-20 05:03:21,5:03 AM,Is this available in stock?,,2025-07-20 05:03:21,True,[],[],,False,[],False,True,marketplace,#00AEEF,7570000781,0,1,
Jaipur,75827,Silver Anklet,LANDLINE,91,Rajasthan,Added manually,2025-04-07 02:18:42,,252194039,9883200484,,Ravi Kumar,54,India,,5033757,,7570000782,True,False,False,True,False,False,False,False,False,False,False,False,False,True,[],0,[],[],2025-04-07 08:15:50,8:15 AM,Can I get a discount?,,2025-04-07 08:15:50,True,[],[],,True,[],False,True,ad,#22C55E,7570000782,,4,
Kolkata,78236,Silver Anklet,MOBILE,91,West Bengal,Imported from CSV,2025-07-30 23:15:32,,295423038,9753669550,,Anushka Khan,52,India,,5971184,,7570000783,False,True,True,False,False,False,False,True,True,False,False,False,True,True,[],0,[],[],2025-08-02 03:00:19,3:00 AM,Need details about Gold Ring,,2025-08-02 03:00:19,False,[],[],,False,[],False,True,organic,#00AEEF,7570000783,,0,
Pune,74836,Gold Ring,MOBILE,91,Maharashtra,Imported from CSV,2024-07-13 14:36:22,Shree Enterprises,281548742,9827560011,,Siddharth Singh,54,India,,5595805,,7570000784,False,False,True,True,True,True,True,False,True,True,False,True,True,True,[],0,[],[],2024-07-31 17:58:17,5:58 PM,Can I get a discount?,,,True,[],[],,True,[],False,True,ad,#FF5733,7570000784,0,0,
Delhi,74578,Pearl Necklace,MOBILE,91,Delhi,Added manually,2025-07-30 09:39:18,,277374841,9175227554,9045195139,Sneha Singh,53,India,,5370162,,7570000785,True,False,False,True,False,False,True,True,True,False,False,True,True,False,[],0,[],[],2025-08-01 09:49:46,9:49 AM,Can I get a discount?,,,False,[],[],,True,[],False,False,marketplace,#F4B536,7570000785,,5,
Kolkata,70787,Polki Necklace Set,MOBILE,91,West Bengal,Added via app,2024-05-04 04:47:50,,286331544,9582013608,,Ravi Khan,54,India,,5066555,,7570000786,True,False,True,False,True,False,False,False,False,True,True,True,False,True,[],0,[],[],2024-05-15 08:47:33,8:47 AM,Interested - send more pics,,,True,[],[],,False,[],False,True,referral,#FF5733,7570000786,,5,
Delhi,76917,Mangalsutra,MOBILE,91,Delhi,Contact added through Website form,2024-10-07 03:45:29,,200789974,9131478769,,Sneha Verma,54,India,,5544071,,7570000787,False,True,False,False,False,False,False,False,False,False,False,True,False,True,[],0,[],[],2024-11-03 04:28:26,4:28 AM,Interested - send more pics,,2024-11-03 04:28:26,True,[],[],,True,[],False,False,referral,#22C55E,7570000787,0,0,
Pune,78951,Diamond Earrings,MOBILE,91,Maharashtra,Added via app,2024-09-21 05:09:27,,246759741,9702078166,,Isha Reddy,54,India,,5599259,,7570000788,False,False,False,False,False,False,False,False,True,True,False,True,True,True,[],0,[],[],2024-10-20 17:58:53,5:58 PM,Please share price and images,,,False,[],[],,True,[],False,False,marketplace,#00AEEF,7570000788,0,2,
Kolkata,72121,Polki Necklace Set,MOBILE,91,West Bengal,Added via app,2024-05-03 14:12:28,,281705083,9478878525,9091055832,Amit Gupta,52,India,,5845821,,7570000789,False,False,False,True,True,False,False,False,True,False,False,True,False,True,[],0,[],[],2024-05-22 09:01:58,9:01 AM,Need details about Diamond Earrings,,,False,[],[],,True,[],True,True,ad,#00AEEF,7570000789,0,1,
Chennai,72480,Mangalsutra,MOBILE,91,Tamil Nadu,Added manually,2024-02-04 00:01:30,,245844895,9797544900,,Kavita Mehta,53,India,,5868015,,7570000790,False,False,True,False,False,False,True,True,True,True,True,True,False,True,[],0,[],[],2024-02-29 07:01:57,7:01 AM,Need details about Mangalsutra,,,True,[],[],,False,[],False,True,ad,#FF5733,7570000790,2,2,
Pune,71395,Polki Necklace Set,LANDLINE,91,Maharashtra,Imported from CSV,2024-09-21 08:14:11,,219714433,9942939347,,Ravi Sharma,52,India,,5966112,,7570000791,False,False,False,False,True,True,True,True,False,True,False,True,True,False,[],0,[],[],2024-09-26 15:14:02,3:14 PM,Interested - send more pics,,,True,[],[],,True,[],True,True,organic,#F4B536,7570000791,0,2,1755759838
Bengaluru,72664,Polki Earrings,LANDLINE,91,Karnataka,Imported from CSV,2025-03-21 07:54:08,,254814507,9497318672,,Siddharth Gupta,53,India,,5360504,,7570000792,True,False,False,False,False,False,False,False,True,True,False,True,False,True,[],0,[],[],2025-04-06 11:17:17,11:17 AM,Can I get a discount?,,,True,[],[],,True,[],True,False,organic,#FF5733,7570000792,0,2,
Hyderabad,78638,Mangalsutra,MOBILE,91,Telangana,Imported from CSV,2024-09-25 16:04:12,,225056826,9506513088,,Anushka Reddy,54,India,,5535596,,7570000793,False,False,True,False,True,True,False,False,True,False,False,True,False,True,[],0,[],[],2024-10-14 22:16:14,10:16 PM,Need details about Kundan Bracelet,,,True,[],[],,False,[],True,True,organic,#22C55E,7570000793,0,3,1755068638
Delhi,70062,Mangalsutra,LANDLINE,91,Delhi,Added via app,2025-01-31 02:58:18,,285304807,9130761573,,Neha Jain,53,India,,5858824,,7570000794,True,False,True,True,True,True,False,False,True,False,False,False,False,True,[],0,[],[],2025-02-13 14:07:22,2:07 PM,Interested - send more pics,,,False,[],[],,True,[],True,True,organic,#FF5733,7570000794,,2,
Bengaluru,74940,Gold Ring,MOBILE,91,Karnataka,Added manually,2025-07-09 12:57:34,,280497815,9532935024,,Pooja Reddy,51,India,,5628778,,7570000795,True,False,False,False,False,True,False,False,False,False,False,True,True,True,[],0,[],[],2025-08-05 07:33:35,7:33 AM,Interested - send more pics,,,True,[],[],,True,[],True,True,ad,#FF5733,7570000795,3,5,
Bengaluru,79121,Kundan Bracelet,LANDLINE,91,Karnataka,Added manually,2024-10-23 16:24:03,,205497186,9944709813,,Manish Chopra,54,India,,5974524,,7570000796,False,True,False,True,False,False,False,False,False,False,True,True,False,True,[],0,[],[],2024-11-02 17:16:11,5:16 PM,Is this available in stock?,,2024-11-02 17:16:11,True,[],[],,True,[],True,True,ad,#F4B536,7570000796,0,5,
Kolkata,78801,Kundan Bracelet,MOBILE,91,West Bengal,Contact added through Website form,2025-03-26 04:51:59,Rising Exports,222150359,9596567733,9818789948,Ankit Joshi,54,India,,5504114,,7570000797,True,False,False,True,True,False,False,False,True,False,False,True,False,True,[],0,[],[],2025-04-15 21:57:47,9:57 PM,Please share price and images,,,False,[],[],,True,[],False,True,organic,#00AEEF,7570000797,1,2,1755500638
Mumbai,74282,Polki Necklace Set,LANDLINE,91,Maharashtra,Imported from CSV,2024-08-28 17:01:40,,224335767,9031234370,9804620767,Anushka Patel,53,India,,5124100,,7570000798,True,False,False,False,False,False,False,False,False,False,True,True,True,True,[],0,[],[],2024-09-24 18:21:52,6:21 PM,Need details about Kundan Bracelet,,2024-09-24 18:21:52,False,[],[],,True,[],False,False,referral,#22C55E,7570000798,0,5,
Kolkata,78514,Polki Earrings,MOBILE,91,West Bengal,Added manually,2024-08-02 13:08:21,,266084903,9524110579,,Siddharth Bhat,51,India,,5499374,,7570000799,True,True,False,False,False,False,False,False,True,False,True,True,False,True,[],0,[],[],2024-08-29 16:25:14,4:25 PM,Please share price and images,,,True,[],[],,True,[],True,True,ad,#F4B536,7570000799,,3,
Bengaluru,74637,Polki Necklace Set,MOBILE,91,Karnataka,Contact added through Website form,2024-09-14 18:10:56,Shree Enterprises,224619380,9213470239,,Karan Sharma,51,India,,5785785,,7570000800,False,False,False,True,False,True,False,True,False,False,False,True,False,True,[],0,[],[],2024-09-22 08:15:58,8:15 AM,Can I get a discount?,,,False,[],[],,False,[],False,True,marketplace,#22C55E,7570000800,2,0,
Kolkata,71936,Silver Anklet,LANDLINE,91,West Bengal,Added manually,2024-07-04 15:44:28,Rising Exports,206047114,9194589335,9491848093,Rahul Naik,53,India,,5839871,,7570000801,True,False,False,True,False,True,False,False,True,False,True,True,False,True,[],0,[],[],2024-07-19 11:44:08,11:44 AM,Can I get a discount?,,,True,[],[],,True,[],True,True,marketplace,#F4B536,7570000801,,1,1755759838
Chennai,76656,Pearl Necklace,MOBILE,91,Tamil Nadu,Added via app,2025-07-17 15:17:43,,268234430,9738583988,,Raj Joshi,54,India,,5578630,,7570000802,True,False,False,False,False,False,True,False,False,False,False,False,False,True,[],0,[],[],2025-07-20 16:30:18,4:30 PM,Please share price and images,,,False,[],[],,True,[],False,True,marketplace,#22C55E,7570000802,2,0,
Bengaluru,77251,Polki Necklace Set,MOBILE,91,Karnataka,Added via app,2024-09-01 10:00:54,,299936045,9374596821,,Neha Naik,53,India,,5082110,,7570000803,False,False,True,True,False,True,False,False,False,False,False,False,True,False,[],0,[],[],2024-09-22 22:33:28,10:33 PM,Please share price and images,,2024-09-22 22:33:28,True,[],[],,False,[],False,True,referral,#FF5733,7570000803,2,2,
Chennai,76601,Polki Necklace Set,LANDLINE,91,Tamil Nadu,Contact added through Website form,2024-09-10 14:49:17,,277892707,9200284724,9129778483,Ankit Khan,54,India,,5197644,,7570000804,True,False,True,False,True,True,False,False,True,True,False,True,False,True,[],0,[],[],2024-10-09 18:50:44,6:50 PM,Is this available in stock?,,,True,[],[],,True,[],False,True,marketplace,#FF5733,7570000804,2,3,
Ahmedabad,74606,Pearl Necklace,MOBILE,91,Gujarat,Added manually,2025-02-07 15:43:27,,286935346,9286128436,,Pooja Kapoor,53,India,,5447785,,7570000805,True,False,True,True,True,True,True,False,False,False,False,True,True,True,[],0,[],[],2025-02-09 11:13:53,11:13 AM,Can I get a discount?,,2025-02-09 11:13:53,False,[],[],,True,[],False,False,marketplace,#FF5733,7570000805,,1,
Kolkata,71428,Polki Necklace Set,LANDLINE,91,West Bengal,Imported from CSV,2025-01-15 09:48:55,,235377880,9230814617,9480163611,Rohit Sharma,52,India,,5263833,,7570000806,True,False,False,True,False,False,False,True,False,False,True,True,False,False,[],0,[],[],2025-02-07 08:58:05,8:58 AM,Can I get a discount?,,,True,[],[],,True,[],True,True,ad,#22C55E,7570000806,0,4,
Pune,78534,Silver Anklet,MOBILE,91,Maharashtra,Added manually,2024-07-31 09:02:46,,239942639,9110009186,,Anushka Mishra,51,India,,5704823,,7570000807,False,True,True,True,False,True,False,True,False,True,False,True,False,True,[],0,[],[],2024-08-24 13:31:31,1:31 PM,Interested - send more pics,,,True,[],[],,True,[],True,False,referral,#22C55E,7570000807,,3,
Udaipur,74768,Pearl Necklace,MOBILE,91,Rajasthan,Added manually,2025-06-10 02:06:10,Rising Exports,235208012,9138830751,,Vikram Kohli,52,India,,5650317,,7570000808,False,False,False,False,False,False,False,True,False,True,False,True,True,False,[],0,[],[],2025-07-09 21:51:35,9:51 PM,Can I get a discount?,,,False,[],[],,False,[],True,True,referral,#FF5733,7570000808,,0,
Jaipur,75924,Kundan Bracelet,MOBILE,91,Rajasthan,Contact added through Website form,2024-05-13 22:06:07,Golden Jewels,221334398,9894861834,9040548951,Manish Verma,52,India,,5216764,,7570000809,False,False,False,True,False,True,False,True,False,False,True,True,False,True,[],0,[],[],2024-06-11 22:57:29,10:57 PM,Is this available in stock?,,2024-06-11 22:57:29,True,[],[],,True,[],False,False,ad,#F4B536,7570000809,0,5,
Udaipur,74787,Diamond Earrings,MOBILE,91,Rajasthan,Added via app,2025-06-28 05:05:54,,217182935,9084166410,,Vikram Sharma,51,India,,5210216,,7570000810,True,True,False,False,False,True,False,False,False,False,False,True,False,False,[],0,[],[],2025-06-30 02:30:56,2:30 AM,Please share price and images,,,False,[],[],,True,[],False,False,ad,#F4B536,7570000810,3,5,
Mumbai,77962,Silver Anklet,MOBILE,91,Maharashtra,Added via app,2025-06-11 05:01:38,,219507157,9728524454,,Priya Khan,53,India,,5901316,,7570000811,False,False,False,True,False,False,False,True,True,False,True,True,False,True,[],0,[],[],2025-07-02 09:41:32,9:41 AM,Please share price and images,,,False,[],[],,False,[],True,True,referral,#F4B536,7570000811,1,2,1755327838
Bengaluru,79587,Mangalsutra,LANDLINE,91,Karnataka,Contact added through Website form,2024-02-01 18:35:01,,299247435,9950020138,9349331360,Karan Khan,53,India,,5120721,,7570000812,False,False,False,False,False,False,False,False,False,False,True,True,False,False,[],0,[],[],2024-02-29 13:08:18,1:08 PM,Can I get a discount?,,,False,[],[],,False,[],False,False,marketplace,#22C55E,7570000812,0,1,
Chennai,74650,Pearl Necklace,MOBILE,91,Tamil Nadu,Contact added through Website form,2025-04-03 05:24:09,,295031437,9135496587,,Deepak Kumar,53,India,,5123178,,7570000813,False,False,False,False,False,False,False,True,False,False,False,True,False,True,[],0,[],[],2025-04-17 05:28:49,5:28 AM,Can I get a discount?,,2025-04-17 05:28:49,False,[],[],,False,[],False,True,referral,#F4B536,7570000813,0,5,1755587038
Bengaluru,70341,Silver Anklet,MOBILE,91,Karnataka,Contact added through Website form,2024-06-05 17:52:12,Rising Exports,250412729,9133063359,9978465034,Raj Bhat,51,India,,5315753,,7570000814,False,True,False,True,True,False,False,False,False,True,False,False,False,True,[],0,[],[],2024-06-12 21:44:57,9:44 PM,Please share price and images,,,True,[],[],,True,[],False,True,ad,#FF5733,7570000814,0,5,
Kolkata,78339,Mangalsutra,MOBILE,91,West Bengal,Added via app,2024-01-08 10:58:41,,207243531,9880867921,9382382409,Arjun Agarwal,54,India,,5587717,,7570000815,False,False,False,True,False,True,True,False,True,False,False,True,False,True,[],0,[],[],2024-02-05 15:20:36,3:20 PM,Need details about Kundan Bracelet,,,False,[],[],,True,[],False,True,referral,#F4B536,7570000815,0,0,1754982238
Hyderabad,73226,Polki Necklace Set,MOBILE,91,Telangana,Imported from CSV,2024-07-28 06:18:23,,280157144,9099680428,,Anushka Rathore,52,India,,5082081,,7570000816,False,False,False,True,False,True,False,False,False,True,False,True,True,False,[],0,[],[],2024-07-30 09:13:58,9:13 AM,Please share price and images,,,False,[],[],,True,[],True,False,marketplace,#22C55E,7570000816,0,1,
Udaipur,78907,Polki Earrings,LANDLINE,91,Rajasthan,Added via app,2024-07-09 10:42:08,,231217113,9550296570,,Neha Gupta,54,India,,5313500,,7570000817,False,True,False,True,False,True,True,False,False,False,False,False,False,True,[],0,[],[],2024-07-18 11:48:47,11:48 AM,Interested - send more pics,,,False,[],[],,False,[],False,True,ad,#00AEEF,7570000817,0,5,
Bengaluru,74214,Silver Anklet,LANDLINE,91,Karnataka,Added manually,2025-08-05 22:26:59,,251542588,9654832124,,Maya Singh,52,India,,5855058,,7570000818,False,True,True,True,True,True,False,False,False,True,False,False,False,True,[],0,[],[],2025-08-05 22:26:59,10:26 PM,Interested - send more pics,,2025-08-05 22:26:59,True,[],[],,True,[],True,True,ad,#00AEEF,7570000818,0,1,
Mumbai,70859,Mangalsutra,LANDLINE,91,Maharashtra,Added via app,2025-07-25 09:49:28,,230407887,9223111470,,Arjun Gupta,53,India,,5490429,,7570000819,True,True,False,False,False,True,False,False,False,True,False,True,False,True,[],0,[],[],2025-07-27 23:50:46,11:50 PM,Interested - send more pics,,,True,[],[],,True,[],False,False,organic,#FF5733,7570000819,,3,1755587038
Bengaluru,79857,Mangalsutra,LANDLINE,91,Karnataka,Imported from CSV,2025-04-23 01:19:33,Rising Exports,235429139,9444777243,9177821118,Raj Jain,52,India,,5225271,,7570000820,True,False,True,True,False,False,False,False,True,False,False,True,True,True,[],0,[],[],2025-05-10 21:39:48,9:39 PM,Interested - send more pics,,2025-05-10 21:39:48,False,[],[],,True,[],False,True,referral,#22C55E,7570000820,0,3,
Delhi,75187,Mangalsutra,MOBILE,91,Delhi,Imported from CSV,2024-09-26 06:49:40,ABC Traders,273461408,9053324248,,Ravi Reddy,53,India,,5335024,,7570000821,True,False,False,True,True,False,True,True,False,False,True,False,True,False,[],0,[],[],2024-10-05 07:06:07,7:06 AM,Interested - send more pics,,2024-10-05 07:06:07,False,[],[],,True,[],False,True,marketplace,#00AEEF,7570000821,0,1,
Mumbai,77750,Kundan Bracelet,MOBILE,91,Maharashtra,Added via app,2025-03-15 03:29:01,ABC Traders,202542831,9193477892,,Amit Chopra,54,India,,5737453,,7570000822,False,True,True,True,False,True,True,False,True,False,False,True,False,True,[],0,[],[],2025-03-20 15:12:46,3:12 PM,Please share price and images,,,True,[],[],,False,[],True,False,marketplace,#FF5733,7570000822,0,2,1755155038
Delhi,71354,Mangalsutra,MOBILE,91,Delhi,Imported from CSV,2024-03-30 06:32:22,,281817667,9476171971,,Rahul Kohli,54,India,,5132392,,7570000823,False,False,False,True,False,True,False,False,False,False,False,True,False,True,[],0,[],[],2024-04-19 08:36:49,8:36 AM,Need details about Diamond Earrings,,,False,[],[],,True,[],False,True,organic,#FF5733,7570000823,0,3,
Udaipur,70126,Polki Necklace Set,LANDLINE,91,Rajasthan,Added manually,2025-03-23 20:01:11,ABC Traders,247814619,9803509269,9985163464,Vikram Patel,52,India,,5947304,,7570000824,True,False,False,False,False,True,False,False,True,True,False,True,False,True,[],0,[],[],2025-04-16 11:54:53,11:54 AM,Interested - send more pics,,2025-04-16 11:54:53,False,[],[],,True,[],False,False,marketplace,#F4B536,7570000824,3,0,1755759838
Mumbai,71773,Silver Anklet,LANDLINE,91,Maharashtra,Contact added through Website form,2024-10-04 06:25:52,,294793112,9243956433,,Pooja Mehta,52,India,,5553661,,7570000825,False,True,False,True,False,True,False,True,False,False,True,True,True,False,[],0,[],[],2024-10-23 11:44:24,11:44 AM,Can I get a discount?,,,True,[],[],,True,[],False,True,ad,#F4B536,7570000825,0,5,
Delhi,77626,Pearl Necklace,LANDLINE,91,Delhi,Contact added through Website form,2025-07-07 10:15:37,,294027199,9056838737,,Anushka Kohli,52,India,,5912796,,7570000826,False,True,False,False,False,True,True,False,False,True,False,True,False,False,[],0,[],[],2025-07-13 05:30:31,5:30 AM,Interested - send more pics,,,True,[],[],,False,[],False,True,referral,#22C55E,7570000826,,3,
Pune,77281,Gold Ring,MOBILE,91,Maharashtra,Added via app,2025-05-20 08:37:11,,250328392,9380755261,,Maya Kapoor,51,India,,5038598,,7570000827,True,False,False,True,False,True,True,False,False,True,False,True,False,True,[],0,[],[],2025-06-16 16:20:03,4:20 PM,Need details about Polki Earrings,,,False,[],[],,False,[],True,True,referral,#FF5733,7570000827,0,1,1755414238
Ahmedabad,76261,Diamond Earrings,MOBILE,91,Gujarat,Added manually,2024-07-03 00:26:58,,249482210,9619065109,,Maya Sharma,52,India,,5007032,,7570000828,True,False,False,True,True,True,False,False,True,True,True,True,False,False,[],0,[],[],2024-07-25 18:50:36,6:50 PM,Need details about Mangalsutra,,,True,[],[],,True,[],False,True,organic,#F4B536,7570000828,0,4,
Delhi,72227,Pearl Necklace,LANDLINE,91,Delhi,Contact added through Website form,2025-06-24 00:52:41,,267054390,9436171464,,Rahul Verma,54,India,,5723826,,7570000829,False,False,True,True,False,False,False,False,False,False,True,False,False,False,[],0,[],[],2025-07-10 18:30:45,6:30 PM,Interested - send more pics,,,True,[],[],,True,[],True,True,organic,#00AEEF,7570000829,0,5,1755068638
Kolkata,73934,Polki Necklace Set,MOBILE,91,West Bengal,Added manually,2025-04-15 10:16:42,,297889406,9610887891,9711778754,Ankit Rathore,54,India,,5874416,,7570000830,False,False,False,True,False,False,False,True,True,True,True,False,False,True,[],0,[],[],2025-05-11 04:31:36,4:31 AM,Interested - send more pics,,,False,[],[],,False,[],False,True,ad,#00AEEF,7570000830,0,5,1755759838
Hyderabad,75028,Gold Ring,MOBILE,91,Telangana,Contact added through Website form,2025-04-25 04:31:18,,229012524,9252540398,,Manish Chopra,53,India,,5563134,,7570000831,True,False,False,True,True,True,True,False,True,False,False,True,False,True,[],0,[],[],2025-05-03 19:15:31,7:15 PM,Need details about Kundan Bracelet,,2025-05-03 19:15:31,False,[],[],,True,[],True,True,referral,#22C55E,7570000831,,2,
Chennai,73803,Pearl Necklace,LANDLINE,91,Tamil Nadu,Added manually,2025-03-09 06:15:00,,231597770,9905274587,,Karan Nair,51,India,,5345426,,7570000832,True,False,False,False,False,True,False,True,False,False,False,True,True,False,[],0,[],[],2025-03-11 20:18:22,8:18 PM,Can I get a discount?,,,False,[],[],,False,[],True,True,referral,#22C55E,7570000832,2,1,
Chennai,77902,Diamond Earrings,LANDLINE,91,Tamil Nadu,Imported from CSV,2025-07-30 02:52:18,,292975735,9531447066,9838565199,Rahul Chopra,53,India,,5692234,,7570000833,False,False,False,True,True,True,False,False,False,False,False,False,True,True,[],0,[],[],2025-07-30 02:52:18,2:52 AM,Interested - send more pics,,2025-07-30 02:52:18,True,[],[],,False,[],False,True,referral,#22C55E,7570000833,,2,
Pune,74203,Polki Necklace Set,LANDLINE,91,Maharashtra,Added via app,2025-07-02 13:44:48,,226451514,9619138765,,Raj Kumar,53,India,,5209156,,7570000834,True,True,False,True,True,False,True,False,False,False,False,False,False,False,[],0,[],[],2025-07-24 22:23:54,10:23 PM,Need details about Gold Ring,,2025-07-24 22:23:54,True,[],[],,True,[],False,True,marketplace,#F4B536,7570000834,0,0,
Delhi,76057,Pearl Necklace,MOBILE,91,Delhi,Imported from CSV,2024-11-10 18:18:22,,260169561,9344627657,,Sneha Naik,53,India,,5999548,,7570000835,True,True,False,False,False,False,True,False,False,False,False,False,True,True,[],0,[],[],2024-11-14 12:40:28,12:40 PM,Need details about Diamond Earrings,,,False,[],[],,True,[],False,False,ad,#FF5733,7570000835,0,0,
Udaipur,78031,Silver Anklet,LANDLINE,91,Rajasthan,Added manually,2024-10-29 08:20:25,,211188393,9477625772,,Deepak Kohli,51,India,,5787217,,7570000836,True,False,False,True,True,False,False,False,True,False,False,False,True,True,[],0,[],[],2024-11-11 18:07:50,6:07 PM,Need details about Polki Earrings,,,True,[],[],,True,[],True,False,organic,#22C55E,7570000836,,3,
Hyderabad,70681,Kundan Bracelet,MOBILE,91,Telangana,Added manually,2024-03-28 19:15:08,,281520192,9468283033,,Priya Kapoor,51,India,,5353826,,7570000837,False,True,False,True,False,True,True,False,True,True,False,True,False,False,[],0,[],[],2024-04-14 02:27:34,2:27 AM,Please share price and images,,2024-04-14 02:27:34,False,[],[],,True,[],True,True,organic,#F4B536,7570000837,,2,
Mumbai,79345,Kundan Bracelet,LANDLINE,91,Maharashtra,Added manually,2024-04-25 10:33:56,Golden Jewels,278235087,9652410123,,Ravi Kohli,51,India,,5954716,,7570000838,True,False,False,False,True,True,True,True,True,False,False,True,True,True,[],0,[],[],2024-04-30 18:54:34,6:54 PM,Please share price and images,,,False,[],[],,False,[],False,True,referral,#F4B536,7570000838,,2,
Mumbai,79828,Gold Ring,LANDLINE,91,Maharashtra,Imported from CSV,2024-11-30 22:05:17,,216726784,9710896886,,Sneha Bhat,51,India,,5259305,,7570000839,True,True,True,True,False,True,True,True,False,False,False,True,False,False,[],0,[],[],2024-12-05 20:40:18,8:40 PM,Need details about Polki Earrings,,,True,[],[],,True,[],False,False,marketplace,#FF5733,7570000839,0,3,1755587038
Mumbai,70164,Polki Necklace Set,LANDLINE,91,Maharashtra,Added manually,2024-09-16 05:47:10,,218714992,9265103659,9813437834,Priya Reddy,53,India,,5328345,,7570000840,True,False,False,True,False,False,False,True,False,False,False,True,True,True,[],0,[],[],2024-09-27 23:26:07,11:26 PM,Is this available in stock?,,,True,[],[],,True,[],True,True,organic,#00AEEF,7570000840,0,4,1754982238
Mumbai,74647,Kundan Bracelet,MOBILE,91,Maharashtra,Added manually,2024-07-06 15:44:17,Shree Enterprises,262002152,9147713774,,Manish Nair,52,India,,5843397,,7570000841,True,False,False,True,False,True,False,False,False,True,False,True,False,False,[],0,[],[],2024-07-23 11:16:16,11:16 AM,Interested - send more pics,,,True,[],[],,False,[],False,True,referral,#FF5733,7570000841,0,2,
Ahmedabad,73784,Diamond Earrings,MOBILE,91,Gujarat,Imported from CSV,2024-08-28 02:34:36,,210613030,9659487961,,Rohit Rathore,53,India,,5546375,,7570000842,True,False,True,True,True,False,False,False,True,True,False,True,False,True,[],0,[],[],2024-09-01 00:31:59,12:31 AM,Please share price and images,,,False,[],[],,True,[],False,True,organic,#FF5733,7570000842,3,5,
Pune,75872,Silver Anklet,LANDLINE,91,Maharashtra,Added via app,2024-10-13 13:04:14,,209792433,9838745214,9593183260,Amit Chopra,52,India,,5640561,,7570000843,False,True,False,False,True,True,False,False,False,False,True,True,False,True,[],0,[],[],2024-10-27 00:51:07,12:51 AM,Please share price and images,,,True,[],[],,False,[],True,False,referral,#F4B536,7570000843,,5,1755414238
Jaipur,78048,Pearl Necklace,LANDLINE,91,Rajasthan,Contact added through Website form,2024-05-24 08:38:17,Golden Jewels,231856715,9948009647,9152860601,Amit Jain,52,India,,5520751,,7570000844,True,False,False,True,False,True,False,False,False,False,False,True,False,True,[],0,[],[],2024-06-06 00:30:33,12:30 AM,Need details about Diamond Earrings,,2024-06-06 00:30:33,True,[],[],,False,[],False,False,marketplace,#FF5733,7570000844,3,1,
Jaipur,71436,Kundan Bracelet,MOBILE,91,Rajasthan,Added manually,2024-04-17 00:35:16,,241045554,9903298937,9256200732,Arjun Mehta,53,India,,5635778,,7570000845,True,True,True,True,True,True,False,False,False,True,False,True,True,True,[],0,[],[],2024-05-12 23:57:12,11:57 PM,Is this available in stock?,,2024-05-12 23:57:12,True,[],[],,False,[],True,True,referral,#F4B536,7570000845,,4,
Mumbai,78483,Gold Ring,LANDLINE,91,Maharashtra,Added manually,2025-07-17 17:08:00,ABC Traders,235136945,9067303380,,Maya Verma,52,India,,5443187,,7570000846,True,False,True,False,False,False,True,False,False,False,False,True,True,True,[],0,[],[],2025-07-17 17:08:00,5:08 PM,Need details about Silver Anklet,,,True,[],[],,False,[],False,True,organic,#F4B536,7570000846,,3,
Jaipur,73840,Diamond Earrings,MOBILE,91,Rajasthan,Added via app,2025-08-07 11:02:55,,245127778,9358584741,9488783380,Ravi Mehta,54,India,,5384184,,7570000847,True,False,False,True,False,True,False,False,False,False,False,True,False,True,[],0,[],[],2025-08-07 11:02:55,11:02 AM,Is this available in stock?,,,False,[],[],,True,[],True,True,ad,#F4B536,7570000847,,0,
Pune,77478,Silver Anklet,MOBILE,91,Maharashtra,Added via app,2024-10-11 18:26:51,,286331936,9858866056,,Deepak Reddy,54,India,,5666748,,7570000848,False,False,False,True,True,False,False,False,False,True,True,True,False,True,[],0,[],[],2024-11-03 21:40:12,9:40 PM,Can I get a discount?,,,False,[],[],,True,[],True,True,organic,#00AEEF,7570000848,0,1,
Udaipur,75926,Silver Anklet,LANDLINE,91,Rajasthan,Contact added through Website form,2024-08-29 21:14:44,Golden Jewels,237437038,9328206849,,Siddharth Gupta,53,India,,5867422,,7570000849,False,True,True,True,False,True,True,False,True,False,False,True,True,True,[],0,[],[],2024-09-07 18:06:24,6:06 PM,Please share price and images,,,True,[],[],,True,[],False,False,referral,#F4B536,7570000849,0,3,
Kolkata,77471,Polki Necklace Set,LANDLINE,91,West Bengal,Imported from CSV,2024-06-17 23:27:35,,262811761,9540452351,9577723166,Karan Naik,51,India,,5732476,,7570000850,True,False,False,True,True,True,False,False,True,True,False,False,False,True,[],0,[],[],2024-06-24 13:14:25,1:14 PM,Please share price and images,,2024-06-24 13:14:25,True,[],[],,True,[],False,True,marketplace,#22C55E,7570000850,0,0,
Bengaluru,74479,Gold Ring,MOBILE,91,Karnataka,Contact added through Website form,2025-05-24 02:09:31,Shree Enterprises,219989700,9135380555,9322787203,Karan Agarwal,54,India,,5454456,,7570000851,True,False,True,False,False,True,False,False,False,False,True,False,True,False,[],0,[],[],2025-06-05 15:38:14,3:38 PM,Can I get a discount?,,,False,[],[],,True,[],False,True,organic,#FF5733,7570000851,0,4,
Delhi,78411,Diamond Earrings,LANDLINE,91,Delhi,Added manually,2025-05-27 21:28:37,,213569523,9498256440,,Rahul Jain,51,India,,5841795,,7570000852,True,True,True,True,False,True,True,False,True,False,False,True,False,True,[],0,[],[],2025-06-24 17:33:16,5:33 PM,Interested - send more pics,,,True,[],[],,False,[],False,True,organic,#22C55E,7570000852,0,1,
Delhi,77541,Mangalsutra,MOBILE,91,Delhi,Added via app,2025-01-25 17:04:32,,236347748,9782583034,9380211687,Rohit Jain,52,India,,5207419,,7570000853,True,True,False,False,True,True,True,True,True,True,False,True,False,True,[],0,[],[],2025-02-09 01:57:41,1:57 AM,Need details about Pearl Necklace,,2025-02-09 01:57:41,False,[],[],,True,[],False,True,organic,#F4B536,7570000853,,0,
Jaipur,75067,Polki Earrings,MOBILE,91,Rajasthan,Added via app,2025-03-24 23:48:39,,235537951,9694419951,9842002322,Sneha Kumar,51,India,,5171914,,7570000854,False,True,False,False,False,False,False,False,False,True,True,True,False,True,[],0,[],[],2025-04-05 20:29:32,8:29 PM,Is this available in stock?,,,False,[],[],,True,[],True,False,ad,#00AEEF,7570000854,,5,
Pune,79511,Kundan Bracelet,LANDLINE,91,Maharashtra,Contact added through Website form,2024-07-15 04:51:46,,288168783,9033714900,,Ravi Jain,53,India,,5326049,,7570000855,True,False,True,True,False,True,False,True,False,False,False,False,False,False,[],0,[],[],2024-07-24 15:53:01,3:53 PM,Is this available in stock?,,2024-07-24 15:53:01,False,[],[],,False,[],False,False,referral,#00AEEF,7570000855,2,2,
Kolkata,74334,Diamond Earrings,LANDLINE,91,West Bengal,Added via app,2024-10-16 01:55:29,,278826137,9036425483,,Neha Naik,52,India,,5257196,,7570000856,False,False,True,True,False,True,True,False,False,True,False,True,False,True,[],0,[],[],2024-10-18 10:47:28,10:47 AM,Need details about Diamond Earrings,,2024-10-18 10:47:28,False,[],[],,True,[],False,True,referral,#00AEEF,7570000856,0,3,1755414238
Kolkata,70713,Diamond Earrings,LANDLINE,91,West Bengal,Imported from CSV,2024-08-15 05:08:45,,212425857,9466154499,,Ankit Mishra,51,India,,5792373,,7570000857,False,False,True,True,True,True,True,False,True,True,False,True,False,True,[],0,[],[],2024-08-27 11:45:48,11:45 AM,Interested - send more pics,,,False,[],[],,False,[],True,False,referral,#FF5733,7570000857,0,3,
Jaipur,78181,Silver Anklet,LANDLINE,91,Rajasthan,Contact added through Website form,2024-09-25 12:14:16,,279393857,9284107070,,Rohit Agarwal,52,India,,5954547,,7570000858,False,False,False,False,False,True,True,False,True,False,False,True,True,False,[],0,[],[],2024-10-10 09:05:47,9:05 AM,Can I get a discount?,,,True,[],[],,False,[],False,True,marketplace,#22C55E,7570000858,2,4,1755327838
Udaipur,74557,Gold Ring,MOBILE,91,Rajasthan,Contact added through Website form,2025-01-10 03:36:55,,297764319,9418156609,,Amit Jain,52,India,,5967852,,7570000859,True,True,False,False,False,True,False,False,True,False,False,False,False,True,[],0,[],[],2025-01-14 01:43:04,1:43 AM,Is this available in stock?,,,False,[],[],,True,[],False,True,ad,#22C55E,7570000859,,1,
Hyderabad,73538,Mangalsutra,MOBILE,91,Telangana,Added manually,2024-03-22 12:33:02,,281592462,9826498375,9200904498,Sneha Bhat,52,India,,5438546,,7570000860,False,False,False,False,False,True,False,False,False,False,False,True,False,True,[],0,[],[],2024-03-28 08:00:13,8:00 AM,Is this available in stock?,,2024-03-28 08:00:13,True,[],[],,False,[],True,True,ad,#F4B536,7570000860,,0,
Pune,75920,Pearl Necklace,MOBILE,91,Maharashtra,Added via app,2024-08-26 17:00:20,Rising Exports,206944370,9668615591,,Rohit Sharma,53,India,,5499446,,7570000861,True,False,False,False,True,True,True,False,True,False,True,False,True,False,[],0,[],[],2024-09-17 12:28:07,12:28 PM,Interested - send more pics,,,False,[],[],,True,[],True,True,referral,#00AEEF,7570000861,,1,
Pune,76775,Gold Ring,LANDLINE,91,Maharashtra,Added via app,2024-12-01 22:35:53,,205073784,9251875367,,Manish Chopra,51,India,,5137788,,7570000862,True,False,True,True,False,True,False,False,True,False,False,True,True,True,[],0,[],[],2024-12-26 23:53:29,11:53 PM,Is this available in stock?,,,True,[],[],,False,[],False,True,marketplace,#22C55E,7570000862,0,5,
Chennai,75581,Polki Earrings,LANDLINE,91,Tamil Nadu,Imported from CSV,2024-12-12 20:56:11,Shree Enterprises,291640076,9363015358,9005246305,Karan Nair,54,India,,5567499,,7570000863,False,False,False,False,False,False,True,True,False,True,False,True,False,False,[],0,[],[],2024-12-17 13:54:35,1:54 PM,Please share price and images,,,False,[],[],,False,[],True,True,marketplace,#22C55E,7570000863,,2,
Pune,73296,Mangalsutra,LANDLINE,91,Maharashtra,Added via app,2025-01-21 16:21:08,,277040211,9307664963,,Ankit Kohli,51,India,,5948176,,7570000864,True,False,False,True,False,True,True,False,False,False,False,True,True,True,[],0,[],[],2025-02-03 03:05:28,3:05 AM,Is this available in stock?,,,True,[],[],,True,[],True,False,ad,#F4B536,7570000864,3,0,
Pune,78544,Polki Necklace Set,LANDLINE,91,Maharashtra,Contact added through Website form,2024-09-09 15:58:00,,219759507,9959767537,,Neha Rathore,52,India,,5971298,,7570000865,False,True,False,True,False,False,False,False,False,True,False,True,True,False,[],0,[],[],2024-10-06 04:46:50,4:46 AM,Is this available in stock?,,,False,[],[],,True,[],True,False,marketplace,#22C55E,7570000865,0,0,1755068638
Udaipur,70440,Kundan Bracelet,MOBILE,91,Rajasthan,Added via app,2025-06-02 20:58:31,,274164235,9366589935,,Sneha Reddy,54,India,,5818338,,7570000866,True,True,False,True,False,False,False,False,False,True,True,True,True,True,[],0,[],[],2025-06-19 19:30:14,7:30 PM,Please share price and images,,2025-06-19 19:30:14,True,[],[],,True,[],False,False,ad,#FF5733,7570000866,0,4,
Hyderabad,74373,Mangalsutra,MOBILE,91,Telangana,Contact added through Website form,2025-03-30 16:03:47,,282749584,9729772473,,Vikram Agarwal,54,India,,5933259,,7570000867,False,False,True,True,True,True,False,True,False,False,False,True,False,True,[],0,[],[],2025-04-01 00:14:04,12:14 AM,Can I get a discount?,,2025-04-01 00:14:04,False,[],[],,False,[],True,True,referral,#22C55E,7570000867,,5,
Chennai,74177,Gold Ring,LANDLINE,91,Tamil Nadu,Imported from CSV,2024-05-04 19:03:39,,250285516,9538581523,,Pooja Sharma,53,India,,5873820,,7570000868,True,False,True,True,False,False,True,False,True,False,False,True,True,False,[],0,[],[],2024-05-12 00:56:19,12:56 AM,Need details about Diamond Earrings,,,True,[],[],,True,[],False,True,organic,#FF5733,7570000868,0,2,1755155038
Bengaluru,78379,Pearl Necklace,LANDLINE,91,Karnataka,Added manually,2025-04-09 17:35:04,,234704340,9838126575,,Amit Kohli,53,India,,5967830,,7570000869,True,True,True,True,False,False,False,False,False,True,False,False,False,True,[],0,[],[],2025-04-13 04:23:18,4:23 AM,Can I get a discount?,,,False,[],[],,False,[],False,True,referral,#FF5733,7570000869,,2,
Pune,77139,Pearl Necklace,MOBILE,91,Maharashtra,Added manually,2024-07-08 02:34:14,Shree Enterprises,241721729,9945390800,,Vikram Gupta,53,India,,5345539,,7570000870,False,False,True,True,False,True,False,False,True,False,False,True,False,True,[],0,[],[],2024-07-31 22:38:25,10:38 PM,Interested - send more pics,,,False,[],[],,True,[],True,False,marketplace,#FF5733,7570000870,0,2,
Pune,70613,Kundan Bracelet,MOBILE,91,Maharashtra,Contact added through Website form,2024-09-10 02:01:28,ABC Traders,232984537,9859101262,9275890588,Raj Mehta,51,India,,5170107,,7570000871,True,False,False,False,False,False,False,False,False,False,False,True,False,True,[],0,[],[],2024-09-19 12:01:41,12:01 PM,Interested - send more pics,,,False,[],[],,True,[],False,True,marketplace,#22C55E,7570000871,1,0,1755414238
Delhi,75199,Kundan Bracelet,LANDLINE,91,Delhi,Added via app,2025-07-13 07:16:17,Shree Enterprises,209778829,9486476714,9944565198,Maya Joshi,54,India,,5982997,,7570000872,True,False,False,True,False,True,False,False,False,True,False,True,False,True,[],0,[],[],2025-08-06 15:45:38,3:45 PM,Can I get a discount?,,2025-08-06 15:45:38,False,[],[],,True,[],False,True,marketplace,#22C55E,7570000872,0,3,
Delhi,76444,Pearl Necklace,MOBILE,91,Delhi,Added manually,2025-03-17 19:07:20,,291805453,9576256029,,Kavita Naik,51,India,,5981319,,7570000873,True,False,False,True,True,True,True,False,True,False,False,True,False,True,[],0,[],[],2025-04-04 08:45:06,8:45 AM,Need details about Diamond Earrings,,,True,[],[],,False,[],False,True,organic,#00AEEF,7570000873,3,0,1755500638
Bengaluru,76833,Kundan Bracelet,MOBILE,91,Karnataka,Added via app,2025-02-04 12:15:16,,292426080,9161602831,,Kavita Kohli,52,India,,5191755,,7570000874,True,False,False,False,False,True,False,True,False,False,False,True,False,True,[],0,[],[],2025-02-25 03:26:31,3:26 AM,Please share price and images,,,False,[],[],,True,[],False,False,ad,#F4B536,7570000874,1,3,
Bengaluru,73106,Polki Necklace Set,LANDLINE,91,Karnataka,Contact added through Website form,2024-01-15 21:51:15,,246509823,9523834798,,Pooja Joshi,53,India,,5051663,,7570000875,False,False,True,True,True,False,False,True,True,False,False,True,False,False,[],0,[],[],2024-01-26 05:16:09,5:16 AM,Can I get a discount?,,,True,[],[],,False,[],False,False,referral,#00AEEF,7570000875,,5,
Mumbai,77271,Diamond Earrings,LANDLINE,91,Maharashtra,Added manually,2024-11-13 20:17:41,,247911413,9241851653,,Priya Bhat,53,India,,5498928,,7570000876,True,False,False,False,False,False,False,True,True,False,False,True,False,True,[],0,[],[],2024-11-19 00:39:18,12:39 AM,Please share price and images,,,True,[],[],,True,[],True,True,organic,#22C55E,7570000876,,2,
Pune,75415,Polki Necklace Set,MOBILE,91,Maharashtra,Added manually,2025-04-02 17:13:37,ABC Traders,267678822,9957389667,,Manish Khan,52,India,,5189724,,7570000877,False,False,False,False,False,False,False,True,False,False,True,True,True,True,[],0,[],[],2025-04-11 21:21:44,9:21 PM,Is this available in stock?,,2025-04-11 21:21:44,False,[],[],,True,[],False,True,referral,#F4B536,7570000877,,1,
Delhi,76453,Gold Ring,LANDLINE,91,Delhi,Imported from CSV,2024-10-24 09:08:16,,233713557,9231488604,,Neha Jain,51,India,,5919131,,7570000878,False,False,True,True,False,True,False,False,False,False,False,True,True,True,[],0,[],[],2024-11-03 14:06:52,2:06 PM,Can I get a discount?,,2024-11-03 14:06:52,True,[],[],,True,[],False,False,ad,#F4B536,7570000878,3,1,
Udaipur,76930,Mangalsutra,LANDLINE,91,Rajasthan,Added manually,2025-03-10 23:29:52,,228414751,9150872145,,Deepak Verma,52,India,,5664940,,7570000879,False,True,True,False,False,False,False,False,True,False,False,False,False,True,[],0,[],[],2025-04-03 01:53:47,1:53 AM,Need details about Polki Earrings,,,False,[],[],,True,[],True,False,organic,#22C55E,7570000879,0,3,
Jaipur,78432,Mangalsutra,LANDLINE,91,Rajasthan,Added manually,2025-02-09 20:42:44,,249184207,9845687666,9536546137,Ankit Chopra,52,India,,5113482,,7570000880,False,False,True,False,False,True,False,False,True,False,True,True,True,False,[],0,[],[],2025-02-28 15:08:22,3:08 PM,Please share price and images,,2025-02-28 15:08:22,False,[],[],,False,[],False,False,referral,#FF5733,7570000880,2,2,
Ahmedabad,76496,Pearl Necklace,MOBILE,91,Gujarat,Contact added through Website form,2024-05-27 15:38:34,,255460471,9293148484,,Sneha Reddy,54,India,,5047263,,7570000881,True,False,True,True,False,False,False,False,False,True,False,True,True,False,[],0,[],[],2024-06-11 13:11:22,1:11 PM,Need details about Silver Anklet,,2024-06-11 13:11:22,False,[],[],,True,[],False,True,referral,#F4B536,7570000881,,1,
Chennai,73246,Polki Necklace Set,MOBILE,91,Tamil Nadu,Added manually,2025-07-05 07:44:02,,280994675,9989074914,,Raj Naik,53,India,,5057079,,7570000882,False,False,False,True,False,True,False,False,False,True,True,True,False,True,[],0,[],[],2025-07-19 14:20:10,2:20 PM,Interested - send more pics,,,True,[],[],,True,[],False,False,organic,#00AEEF,7570000882,0,3,
Kolkata,72706,Pearl Necklace,MOBILE,91,West Bengal,Added manually,2025-01-24 20:35:29,,276620081,9851216251,,Kavita Chopra,53,India,,5499881,,7570000883,True,False,True,False,False,True,True,False,False,True,False,False,False,True,[],0,[],[],2025-01-31 23:05:35,11:05 PM,Need details about Gold Ring,,,False,[],[],,True,[],False,True,marketplace,#F4B536,7570000883,0,1,
Kolkata,72765,Polki Earrings,LANDLINE,91,West Bengal,Contact added through Website form,2025-06-16 18:59:50,,267397901,9589374177,,Siddharth Joshi,53,India,,5853284,,7570000884,False,False,False,True,False,True,False,False,True,True,False,True,False,False,[],0,[],[],2025-07-09 15:36:24,3:36 PM,Interested - send more pics,,2025-07-09 15:36:24,True,[],[],,True,[],False,True,ad,#00AEEF,7570000884,0,4,
Mumbai,73333,Polki Necklace Set,MOBILE,91,Maharashtra,Added manually,2025-07-18 00:05:09,,266298133,9646894884,9265968293,Deepak Singh,53,India,,5517823,,7570000885,True,True,False,False,False,True,True,False,True,False,True,True,True,True,[],0,[],[],2025-07-22 10:10:37,10:10 AM,Need details about Kundan Bracelet,,2025-07-22 10:10:37,True,[],[],,True,[],False,True,organic,#FF5733,7570000885,,5,
Jaipur,78999,Polki Necklace Set,MOBILE,91,Rajasthan,Contact added through Website form,2024-02-05 04:05:32,,279833283,9457894147,,Kavita Reddy,54,India,,5959593,,7570000886,False,False,False,True,True,True,True,True,True,False,False,False,True,False,[],0,[],[],2024-02-14 01:13:26,1:13 AM,Please share price and images,,,False,[],[],,True,[],False,False,organic,#00AEEF,7570000886,2,4,1755414238
Bengaluru,77132,Diamond Earrings,MOBILE,91,Karnataka,Contact added through Website form,2024-02-29 20:06:50,ABC Traders,283054797,9121941177,,Pooja Nair,51,India,,5120868,,7570000887,True,False,False,True,False,True,True,True,False,True,True,True,False,False,[],0,[],[],2024-03-22 18:57:37,6:57 PM,Please share price and images,,,True,[],[],,True,[],False,True,referral,#FF5733,7570000887,0,0,
Chennai,72417,Silver Anklet,LANDLINE,91,Tamil Nadu,Imported from CSV,2024-08-13 04:04:01,,287985170,9046096878,9094766122,Siddharth Kumar,52,India,,5911155,,7570000888,False,False,False,True,True,True,True,False,False,True,True,True,False,True,[],0,[],[],2024-08-17 23:05:36,11:05 PM,Is this available in stock?,,,True,[],[],,True,[],False,True,referral,#FF5733,7570000888,3,3,
Kolkata,77248,Silver Anklet,MOBILE,91,West Bengal,Contact added through Website form,2024-02-11 22:23:01,,231388411,9016901189,,Neha Kumar,51,India,,5817589,,7570000889,True,True,False,False,True,True,False,False,True,False,False,False,True,True,[],0,[],[],2024-03-10 18:24:38,6:24 PM,Is this available in stock?,,,False,[],[],,False,[],False,True,ad,#22C55E,7570000889,0,2,
Pune,78063,Polki Earrings,MOBILE,91,Maharashtra,Added via app,2024-08-20 00:51:45,Golden Jewels,206645259,9007448916,,Raj Bhat,53,India,,5769483,,7570000890,True,True,False,False,False,True,False,False,True,True,False,True,True,True,[],0,[],[],2024-09-10 20:34:30,8:34 PM,Interested - send more pics,,,True,[],[],,True,[],False,True,organic,#FF5733,7570000890,2,3,
Udaipur,76998,Diamond Earrings,LANDLINE,91,Rajasthan,Contact added through Website form,2024-03-15 22:29:56,,226232441,9411620741,,Ankit Jain,51,India,,5891113,,7570000891,False,False,False,True,True,False,True,False,False,True,False,False,False,True,[],0,[],[],2024-04-13 21:30:57,9:30 PM,Is this available in stock?,,,True,[],[],,True,[],False,True,marketplace,#F4B536,7570000891,,0,
Jaipur,74037,Mangalsutra,LANDLINE,91,Rajasthan,Added manually,2024-03-04 04:31:31,,272800866,9559650987,,Pooja Khan,54,India,,5689589,,7570000892,False,False,False,True,True,True,False,True,True,False,False,False,False,True,[],0,[],[],2024-03-09 00:47:55,12:47 AM,Can I get a discount?,,,False,[],[],,True,[],True,True,ad,#F4B536,7570000892,2,2,
Bengaluru,77407,Silver Anklet,MOBILE,91,Karnataka,Added via app,2024-05-19 11:44:43,,267753320,9174120960,,Anushka Reddy,54,India,,5916429,,7570000893,False,False,True,True,False,True,False,False,True,True,False,True,False,True,[],0,[],[],2024-05-28 16:38:28,4:38 PM,Please share price and images,,2024-05-28 16:38:28,True,[],[],,True,[],False,False,marketplace,#FF5733,7570000893,,5,
Kolkata,74688,Mangalsutra,LANDLINE,91,West Bengal,Imported from CSV,2025-04-10 09:02:46,,271634077,9286224283,,Karan Kohli,51,India,,5299890,,7570000894,False,False,True,False,False,True,False,False,True,False,True,False,False,False,[],0,[],[],2025-05-08 19:14:42,7:14 PM,Need details about Polki Necklace Set,,,True,[],[],,True,[],False,True,organic,#00AEEF,7570000894,0,4,
Chennai,76526,Mangalsutra,MOBILE,91,Tamil Nadu,Imported from CSV,2024-06-30 15:07:53,,292571770,9274261541,9368689194,Sneha Singh,54,India,,5205777,,7570000895,False,False,False,False,False,True,True,False,True,False,False,True,True,True,[],0,[],[],2024-07-10 21:52:24,9:52 PM,Can I get a discount?,,,False,[],[],,False,[],False,False,marketplace,#00AEEF,7570000895,1,3,
Hyderabad,74903,Gold Ring,MOBILE,91,Telangana,Added manually,2024-08-31 18:24:38,,224109775,9671582499,9406481515,Priya Khan,54,India,,5897888,,7570000896,False,False,False,False,False,True,False,False,True,False,False,True,False,True,[],0,[],[],2024-09-06 02:10:28,2:10 AM,Interested - send more pics,,,False,[],[],,True,[],True,True,marketplace,#00AEEF,7570000896,,2,1755327838
Hyderabad,73608,Silver Anklet,MOBILE,91,Telangana,Contact added through Website form,2024-08-28 01:46:25,,237307041,9948590028,,Anushka Singh,51,India,,5503428,,7570000897,False,False,False,False,False,True,False,False,True,False,False,True,True,True,[],0,[],[],2024-09-13 13:26:28,1:26 PM,Can I get a discount?,,2024-09-13 13:26:28,False,[],[],,True,[],False,True,marketplace,#F4B536,7570000897,0,3,
Kolkata,73970,Silver Anklet,MOBILE,91,West Bengal,Added manually,2024-05-30 02:19:30,,259844182,9332335466,,Siddharth Mishra,53,India,,5957491,,7570000898,True,False,False,True,True,True,True,False,True,False,False,True,False,True,[],0,[],[],2024-06-24 06:51:19,6:51 AM,Please share price and images,,,True,[],[],,False,[],True,True,marketplace,#FF5733,7570000898,0,3,
Udaipur,79079,Mangalsutra,LANDLINE,91,Rajasthan,Added manually,2025-07-15 10:45:13,,252493989,9085843903,,Ravi Kumar,53,India,,5931726,,7570000899,True,True,False,True,False,True,False,False,True,False,False,True,False,True,[],0,[],[],2025-07-22 07:02:31,7:02 AM,Can I get a discount?,,2025-07-22 07:02:31,False,[],[],,True,[],False,False,referral,#FF5733,7570000899,0,2,
Pune,74477,Kundan Bracelet,MOBILE,91,Maharashtra,Added via app,2025-03-23 07:46:02,,261331770,9708345442,,Vikram Mishra,54,India,,5339391,,7570000900,True,False,False,True,True,False,False,True,True,False,False,True,False,True,[],0,[],[],2025-04-16 02:23:58,2:23 AM,Need details about Silver Anklet,,,True,[],[],,True,[],True,True,referral,#22C55E,7570000900,1,5,
Chennai,79036,Silver Anklet,LANDLINE,91,Tamil Nadu,Added manually,2025-01-27 15:29:35,Shree Enterprises,284915983,9664616362,,Sneha Joshi,51,India,,5429722,,7570000901,False,True,True,True,True,True,False,False,True,False,False,True,True,True,[],0,[],[],2025-01-28 09:03:38,9:03 AM,Please share price and images,,,True,[],[],,True,[],False,False,referral,#F4B536,7570000901,,4,
Chennai,76640,Silver Anklet,MOBILE,91,Tamil Nadu,Added manually,2024-10-10 23:20:05,,250130459,9361170399,,Manish Reddy,54,India,,5252080,,7570000902,False,False,True,True,False,True,False,False,True,False,True,True,True,True,[],0,[],[],2024-10-22 19:48:56,7:48 PM,Can I get a discount?,,,True,[],[],,True,[],False,False,referral,#FF5733,7570000902,3,3,1755587038
Pune,74485,Polki Earrings,MOBILE,91,Maharashtra,Imported from CSV,2024-12-01 05:54:07,,275511951,9816887023,9459673957,Deepak Kumar,52,India,,5718958,,7570000903,False,True,False,True,True,True,False,True,False,True,True,True,False,False,[],0,[],[],2024-12-11 09:26:03,9:26 AM,Interested - send more pics,,,False,[],[],,False,[],True,True,referral,#F4B536,7570000903,0,4,
Ahmedabad,76145,Mangalsutra,MOBILE,91,Gujarat,Contact added through Website form,2024-10-18 15:11:27,,294681595,9358317756,,Ankit Mishra,53,India,,5259687,,7570000904,True,False,True,False,False,False,True,True,False,True,False,True,False,False,[],0,[],[],2024-10-22 01:07:23,1:07 AM,Can I get a discount?,,,True,[],[],,True,[],True,True,organic,#00AEEF,7570000904,1,2,
Ahmedabad,71393,Gold Ring,LANDLINE,91,Gujarat,Imported from CSV,2024-08-24 02:13:35,,251619059,9263291009,,Manish Singh,54,India,,5050614,,7570000905,True,True,False,False,True,True,False,True,True,True,True,True,False,False,[],0,[],[],2024-09-17 14:07:55,2:07 PM,Can I get a discount?,,,False,[],[],,False,[],False,False,marketplace,#FF5733,7570000905,0,2,1755414238
Bengaluru,75850,Silver Anklet,LANDLINE,91,Karnataka,Imported from CSV,2024-02-29 07:34:26,,246787483,9355219764,,Maya Kapoor,51,India,,5313309,,7570000906,True,False,False,False,False,False,True,False,True,True,False,True,False,False,[],0,[],[],2024-03-12 11:04:16,11:04 AM,Need details about Kundan Bracelet,,2024-03-12 11:04:16,True,[],[],,False,[],False,True,referral,#00AEEF,7570000906,0,4,
Udaipur,72347,Gold Ring,LANDLINE,91,Rajasthan,Contact added through Website form,2025-03-08 00:31:01,,250535131,9018644414,,Amit Bhat,53,India,,5262562,,7570000907,False,False,True,True,False,False,False,False,False,True,False,False,False,True,[],0,[],[],2025-03-26 17:39:55,5:39 PM,Need details about Kundan Bracelet,,2025-03-26 17:39:55,False,[],[],,True,[],False,True,referral,#22C55E,7570000907,2,3,1755414238
Mumbai,73750,Diamond Earrings,LANDLINE,91,Maharashtra,Contact added through Website form,2024-07-30 16:31:40,,299391850,9832131954,9544652609,Kavita Verma,53,India,,5836351,,7570000908,True,False,False,False,True,True,False,False,False,False,False,False,False,True,[],0,[],[],2024-08-22 02:54:35,2:54 AM,Is this available in stock?,,2024-08-22 02:54:35,True,[],[],,True,[],False,True,referral,#FF5733,7570000908,0,0,
Kolkata,78118,Silver Anklet,MOBILE,91,West Bengal,Contact added through Website form,2024-01-10 02:31:00,Rising Exports,272255435,9354585765,,Sneha Joshi,54,India,,5383231,,7570000909,True,False,False,True,False,True,False,True,True,True,True,True,False,True,[],0,[],[],2024-02-03 11:30:47,11:30 AM,Can I get a discount?,,,True,[],[],,True,[],False,True,referral,#22C55E,7570000909,0,4,
Kolkata,71601,Polki Earrings,LANDLINE,91,West Bengal,Added manually,2025-05-14 21:23:12,,229737286,9320053142,,Rohit Patel,52,India,,5695858,,7570000910,False,False,False,False,False,True,False,False,False,True,False,True,False,True,[],0,[],[],2025-05-21 01:56:16,1:56 AM,Can I get a discount?,,,True,[],[],,False,[],False,True,marketplace,#F4B536,7570000910,0,5,
Kolkata,71326,Kundan Bracelet,LANDLINE,91,West Bengal,Added via app,2024-11-04 01:34:15,,256555055,9600949610,9957226369,Anushka Agarwal,51,India,,5434721,,7570000911,False,False,True,True,True,True,True,False,False,False,False,True,True,True,[],0,[],[],2024-12-01 12:37:40,12:37 PM,Need details about Silver Anklet,,,False,[],[],,False,[],False,False,organic,#FF5733,7570000911,3,1,
Pune,77389,Pearl Necklace,LANDLINE,91,Maharashtra,Imported from CSV,2025-02-01 21:06:26,,299197060,9334889398,,Sneha Agarwal,54,India,,5935310,,7570000912,True,False,True,True,True,False,False,False,False,True,False,True,False,True,[],0,[],[],2025-02-25 11:26:10,11:26 AM,Please share price and images,,2025-02-25 11:26:10,True,[],[],,True,[],True,False,referral,#22C55E,7570000912,2,4,
Ahmedabad,76397,Polki Necklace Set,LANDLINE,91,Gujarat,Added via app,2025-08-07 18:17:31,,227353505,9808684142,,Amit Patel,54,India,,5113161,,7570000913,False,False,True,False,True,False,True,False,False,False,False,True,False,True,[],0,[],[],2025-08-07 18:17:31,6:17 PM,Can I get a discount?,,,False,[],[],,True,[],False,True,referral,#F4B536,7570000913,3,1,
Udaipur,73556,Pearl Necklace,LANDLINE,91,Rajasthan,Added manually,2024-08-11 04:38:26,,299924103,9503341920,,Pooja Sharma,53,India,,5167087,,7570000914,True,False,False,True,True,True,False,False,True,False,True,True,False,True,[],0,[],[],2024-08-26 04:06:48,4:06 AM,Is this available in stock?,,,False,[],[],,True,[],False,True,organic,#F4B536,7570000914,1,4,
Jaipur,77645,Kundan Bracelet,LANDLINE,91,Rajasthan,Added via app,2024-08-02 23:12:44,,265018642,9647355087,,Kavita Joshi,51,India,,5833794,,7570000915,True,False,False,False,False,True,True,False,False,True,True,True,True,True,[],0,[],[],2024-08-21 23:07:04,11:07 PM,Is this available in stock?,,,True,[],[],,False,[],False,True,ad,#F4B536,7570000915,0,3,
Chennai,72066,Kundan Bracelet,MOBILE,91,Tamil Nadu,Added via app,2025-04-07 03:34:23,,292512760,9739446060,,Sneha Jain,54,India,,5469986,,7570000916,False,True,True,True,False,True,False,False,True,True,False,True,False,False,[],0,[],[],2025-05-05 09:42:26,9:42 AM,Need details about Diamond Earrings,,,True,[],[],,False,[],True,False,marketplace,#22C55E,7570000916,,5,
Jaipur,74031,Diamond Earrings,MOBILE,91,Rajasthan,Added manually,2024-12-26 16:02:12,,253681551,9091158794,,Neha Naik,53,India,,5761142,,7570000917,True,False,False,False,False,True,False,False,False,True,False,False,False,True,[],0,[],[],2025-01-15 18:18:04,6:18 PM,Need details about Mangalsutra,,,True,[],[],,True,[],False,False,referral,#00AEEF,7570000917,1,2,
Jaipur,76021,Silver Anklet,MOBILE,91,Rajasthan,Added manually,2025-03-30 18:46:16,ABC Traders,279770683,9773376453,,Rahul Naik,53,India,,5363519,,7570000918,True,False,True,True,False,True,False,False,True,False,True,True,False,True,[],0,[],[],2025-04-08 21:14:01,9:14 PM,Can I get a discount?,,2025-04-08 21:14:01,True,[],[],,True,[],True,True,ad,#F4B536,7570000918,1,1,1755155038
Pune,76994,Pearl Necklace,MOBILE,91,Maharashtra,Added via app,2024-08-13 16:07:28,,253152639,9511891134,,Amit Naik,52,India,,5893834,,7570000919,False,False,False,True,False,True,True,True,False,False,False,False,False,False,[],0,[],[],2024-08-21 15:04:19,3:04 PM,Can I get a discount?,,,False,[],[],,False,[],False,False,ad,#FF5733,7570000919,1,0,
Udaipur,79672,Polki Necklace Set,LANDLINE,91,Rajasthan,Added manually,2025-07-16 23:48:15,,299682880,9290496604,9960210330,Neha Mishra,51,India,,5358318,,7570000920,False,False,True,False,False,False,False,False,False,False,False,True,True,True,[],0,[],[],2025-07-16 23:48:15,11:48 PM,Interested - send more pics,,2025-07-16 23:48:15,True,[],[],,True,[],False,False,organic,#00AEEF,7570000920,1,3,
Udaipur,70419,Mangalsutra,LANDLINE,91,Rajasthan,Imported from CSV,2024-02-05 16:24:40,,209440816,9622670371,,Maya Sharma,54,India,,5960878,,7570000921,True,False,False,False,True,True,False,False,True,False,True,True,False,True,[],0,[],[],2024-02-15 20:39:12,8:39 PM,Can I get a discount?,,2024-02-15 20:39:12,True,[],[],,True,[],True,True,organic,#00AEEF,7570000921,0,4,
Mumbai,75873,Polki Necklace Set,LANDLINE,91,Maharashtra,Imported from CSV,2024-02-12 07:08:51,,284591893,9111201650,,Isha Jain,53,India,,5071055,,7570000922,True,False,False,True,True,True,False,False,True,False,False,True,False,True,[],0,[],[],2024-02-29 10:51:23,10:51 AM,Can I get a discount?,,2024-02-29 10:51:23,False,[],[],,True,[],False,True,referral,#F4B536,7570000922,2,4,1755327838
Pune,77706,Kundan Bracelet,LANDLINE,91,Maharashtra,Imported from CSV,2024-10-24 23:45:21,,273834957,9573113027,,Amit Mehta,52,India,,5228450,,7570000923,True,False,False,True,False,True,True,True,False,False,False,False,False,True,[],0,[],[],2024-11-03 10:16:36,10:16 AM,Need details about Silver Anklet,,2024-11-03 10:16:36,True,[],[],,True,[],False,True,marketplace,#F4B536,7570000923,0,0,
Ahmedabad,78082,Polki Necklace Set,MOBILE,91,Gujarat,Added manually,2025-07-26 20:07:19,,209593337,9146667990,9839918434,Maya Kapoor,54,India,,5621717,,7570000924,True,False,False,False,False,True,True,False,False,False,False,False,False,True,[],0,[],[],2025-07-26 20:07:19,8:07 PM,Interested - send more pics,,,True,[],[],,False,[],False,False,ad,#22C55E,7570000924,,1,
Delhi,76633,Kundan Bracelet,LANDLINE,91,Delhi,Added via app,2024-09-21 13:14:03,,237823080,9903583401,,Maya Singh,53,India,,5604176,,7570000925,False,False,False,False,False,True,False,False,True,True,True,True,False,True,[],0,[],[],2024-09-26 03:37:11,3:37 AM,Need details about Gold Ring,,,False,[],[],,False,[],True,True,referral,#F4B536,7570000925,0,5,
Kolkata,78100,Kundan Bracelet,MOBILE,91,West Bengal,Imported from CSV,2025-02-27 19:22:17,,204976419,9395426178,,Raj Kohli,53,India,,5680535,,7570000926,True,False,False,True,True,True,False,False,False,False,False,True,True,False,[],0,[],[],2025-02-28 06:08:35,6:08 AM,Is this available in stock?,,,False,[],[],,True,[],False,False,marketplace,#F4B536,7570000926,1,4,
Ahmedabad,78691,Diamond Earrings,LANDLINE,91,Gujarat,Contact added through Website form,2025-07-10 00:16:30,,285626608,9432104318,,Vikram Chopra,54,India,,5139960,,7570000927,False,False,False,False,False,False,False,False,True,True,False,True,True,True,[],0,[],[],2025-07-19 20:14:21,8:14 PM,Can I get a discount?,,,False,[],[],,True,[],True,False,organic,#FF5733,7570000927,2,1,1755759838
Pune,74596,Diamond Earrings,LANDLINE,91,Maharashtra,Imported from CSV,2024-08-16 05:04:44,,212116693,9852750262,9188657460,Sneha Kumar,53,India,,5809388,,7570000928,False,False,False,False,False,True,False,False,False,True,False,True,False,True,[],0,[],[],2024-09-09 23:46:17,11:46 PM,Is this available in stock?,,,True,[],[],,True,[],True,True,ad,#22C55E,7570000928,0,5,
Pune,70148,Mangalsutra,MOBILE,91,Maharashtra,Contact added through Website form,2025-01-24 13:07:03,,241386263,9622310651,9586975531,Vikram Kohli,53,India,,5468479,,7570000929,False,False,False,True,False,False,False,False,False,False,False,True,False,False,[],0,[],[],2025-02-15 01:17:00,1:17 AM,Need details about Kundan Bracelet,,,False,[],[],,True,[],False,True,referral,#22C55E,7570000929,3,0,
Delhi,71278,Diamond Earrings,LANDLINE,91,Delhi,Imported from CSV,2025-07-21 10:41:11,,253234201,9262086408,,Ankit Kapoor,51,India,,5212187,,7570000930,True,False,False,True,False,True,False,False,True,True,True,False,True,True,[],0,[],[],2025-08-09 06:05:32,6:05 AM,Need details about Kundan Bracelet,,2025-08-09 06:05:32,True,[],[],,True,[],False,True,organic,#22C55E,7570000930,0,0,
Mumbai,72354,Mangalsutra,MOBILE,91,Maharashtra,Imported from CSV,2024-03-15 10:33:44,Rising Exports,270351767,9389589107,9328594048,Siddharth Agarwal,51,India,,5287437,,7570000931,True,False,False,True,True,True,False,False,True,True,True,True,False,True,[],0,[],[],2024-03-15 13:39:43,1:39 PM,Can I get a discount?,,,True,[],[],,False,[],False,True,referral,#FF5733,7570000931,0,4,
Kolkata,72197,Pearl Necklace,MOBILE,91,West Bengal,Imported from CSV,2025-02-02 22:48:34,Shree Enterprises,241911307,9077944403,9447120248,Manish Patel,53,India,,5290933,,7570000932,True,False,True,False,False,False,False,False,True,False,True,True,False,True,[],0,[],[],2025-02-26 19:34:21,7:34 PM,Is this available in stock?,,,False,[],[],,True,[],True,True,organic,#00AEEF,7570000932,0,4,
Kolkata,77282,Polki Earrings,LANDLINE,91,West Bengal,Added via app,2024-08-15 23:55:21,,212654842,9580774360,,Amit Agarwal,51,India,,5264850,,7570000933,True,False,False,False,False,True,True,True,False,True,False,True,False,True,[],0,[],[],2024-08-25 16:00:28,4:00 PM,Need details about Diamond Earrings,,,False,[],[],,True,[],True,True,ad,#22C55E,7570000933,,0,
Udaipur,75367,Polki Earrings,MOBILE,91,Rajasthan,Contact added through Website form,2024-05-19 10:08:31,,207656567,9790993178,,Kavita Chopra,52,India,,5500408,,7570000934,True,False,False,False,False,True,True,False,False,False,True,True,True,True,[],0,[],[],2024-06-17 13:21:33,1:21 PM,Please share price and images,,2024-06-17 13:21:33,False,[],[],,True,[],False,True,referral,#F4B536,7570000934,1,0,
Kolkata,74172,Silver Anklet,MOBILE,91,West Bengal,Added via app,2024-09-08 04:39:42,Rising Exports,212888770,9597671664,,Amit Joshi,54,India,,5301446,,7570000935,False,True,False,True,False,True,False,False,True,False,True,True,True,True,[],0,[],[],2024-10-06 20:58:25,8:58 PM,Please share price and images,,2024-10-06 20:58:25,True,[],[],,True,[],True,True,organic,#22C55E,7570000935,0,5,
Udaipur,73283,Pearl Necklace,MOBILE,91,Rajasthan,Added manually,2025-05-31 10:05:12,,295297973,9382837052,,Neha Sharma,53,India,,5268645,,7570000936,False,False,True,True,False,True,False,False,True,False,False,False,True,False,[],0,[],[],2025-06-26 03:31:53,3:31 AM,Interested - send more pics,,2025-06-26 03:31:53,True,[],[],,True,[],False,True,ad,#FF5733,7570000936,2,3,
Pune,74620,Silver Anklet,LANDLINE,91,Maharashtra,Added manually,2025-01-08 04:15:31,,200637150,9231869206,,Sneha Khan,54,India,,5321007,,7570000937,False,True,True,True,False,True,False,False,True,False,False,True,False,True,[],0,[],[],2025-01-27 16:48:06,4:48 PM,Please share price and images,,2025-01-27 16:48:06,False,[],[],,False,[],True,True,ad,#FF5733,7570000937,0,0,
Delhi,79820,Diamond Earrings,LANDLINE,91,Delhi,Imported from CSV,2025-02-10 01:31:14,,249216962,9795102806,,Manish Rathore,51,India,,5142238,,7570000938,True,False,False,True,False,False,False,False,False,False,False,False,True,True,[],0,[],[],2025-03-07 09:35:59,9:35 AM,Interested - send more pics,,,False,[],[],,True,[],True,True,referral,#00AEEF,7570000938,,5,1755500638
Ahmedabad,77384,Kundan Bracelet,LANDLINE,91,Gujarat,Contact added through Website form,2024-02-02 07:18:09,ABC Traders,231274659,9413332670,,Vikram Naik,53,India,,5639210,,7570000939,False,False,False,False,False,True,False,False,True,True,False,True,False,True,[],0,[],[],2024-02-14 11:31:36,11:31 AM,Interested - send more pics,,,False,[],[],,False,[],False,False,ad,#FF5733,7570000939,0,0,
Jaipur,70525,Silver Anklet,LANDLINE,91,Rajasthan,Imported from CSV,2025-07-23 15:16:35,,235391912,9922356621,,Pooja Singh,51,India,,5564163,,7570000940,True,False,False,False,False,False,False,True,False,False,False,True,False,True,[],0,[],[],2025-07-23 15:16:35,3:16 PM,Please share price and images,,2025-07-23 15:16:35,True,[],[],,True,[],False,False,ad,#22C55E,7570000940,0,0,1755241438
Chennai,76036,Polki Earrings,MOBILE,91,Tamil Nadu,Contact added through Website form,2024-05-06 15:50:43,,275898170,9530448840,,Ravi Joshi,53,India,,5423162,,7570000941,False,False,False,True,False,True,True,True,False,False,True,False,False,True,[],0,[],[],2024-05-19 01:28:03,1:28 AM,Interested - send more pics,,,True,[],[],,True,[],False,True,referral,#00AEEF,7570000941,0,2,
Bengaluru,79645,Kundan Bracelet,LANDLINE,91,Karnataka,Added manually,2024-06-01 13:38:50,,295453188,9618178075,9643394531,Ankit Jain,53,India,,5509003,,7570000942,False,False,False,True,False,True,False,True,True,True,False,True,False,False,[],0,[],[],2024-06-07 03:31:26,3:31 AM,Interested - send more pics,,2024-06-07 03:31:26,False,[],[],,True,[],False,False,organic,#00AEEF,7570000942,3,5,
Jaipur,77790,Polki Earrings,MOBILE,91,Rajasthan,Imported from CSV,2024-03-03 05:44:43,Shree Enterprises,238852779,9240946800,9276150301,Siddharth Sharma,54,India,,5973483,,7570000943,False,False,True,True,True,False,True,False,False,True,False,True,False,True,[],0,[],[],2024-03-20 05:45:04,5:45 AM,Please share price and images,,2024-03-20 05:45:04,False,[],[],,True,[],False,False,ad,#F4B536,7570000943,,3,
Hyderabad,71649,Silver Anklet,LANDLINE,91,Telangana,Imported from CSV,2025-02-11 04:55:59,Shree Enterprises,265374870,9772331351,,Ankit Joshi,52,India,,5952575,,7570000944,False,False,False,False,False,True,False,False,True,False,False,False,False,False,[],0,[],[],2025-02-19 08:36:32,8:36 AM,Is this available in stock?,,,True,[],[],,False,[],False,True,referral,#00AEEF,7570000944,,3,
Jaipur,73892,Polki Necklace Set,LANDLINE,91,Rajasthan,Added manually,2025-04-27 08:14:39,,234543127,9753306799,,Kavita Kapoor,54,India,,5030945,,7570000945,False,True,False,False,False,False,True,True,False,True,False,True,False,False,[],0,[],[],2025-05-01 21:17:31,9:17 PM,Interested - send more pics,,,True,[],[],,False,[],False,True,organic,#00AEEF,7570000945,1,1,
Hyderabad,70524,Silver Anklet,LANDLINE,91,Telangana,Added via app,2024-08-16 13:46:06,,244685285,9240895424,,Priya Reddy,51,India,,5475093,,7570000946,True,True,False,True,False,True,False,False,True,False,False,True,False,True,[],0,[],[],2024-09-07 02:34:42,2:34 AM,Interested - send more pics,,,False,[],[],,False,[],True,True,ad,#00AEEF,7570000946,0,4,1755759838
Pune,77110,Polki Necklace Set,LANDLINE,91,Maharashtra,Imported from CSV,2024-06-03 14:31:59,,288020037,9341410952,,Deepak Khan,53,India,,5181754,,7570000947,False,True,False,True,False,True,False,False,False,True,False,True,False,False,[],0,[],[],2024-06-15 13:44:13,1:44 PM,Is this available in stock?,,,True,[],[],,False,[],False,False,organic,#F4B536,7570000947,,2,
Mumbai,71834,Silver Anklet,MOBILE,91,Maharashtra,Added manually,2024-04-01 14:26:37,,226489172,9288669497,,Arjun Agarwal,52,India,,5983477,,7570000948,True,False,False,False,False,True,False,True,True,False,False,True,False,True,[],0,[],[],2024-04-15 01:26:30,1:26 AM,Interested - send more pics,,,True,[],[],,True,[],False,True,referral,#F4B536,7570000948,,5,
Bengaluru,74034,Kundan Bracelet,MOBILE,91,Karnataka,Contact added through Website form,2024-05-02 04:56:34,,260054012,9849251662,9594641788,Isha Mishra,51,India,,5805363,,7570000949,True,False,False,True,True,False,True,False,True,False,True,False,True,True,[],0,[],[],2024-05-21 17:07:54,5:07 PM,Please share price and images,,,True,[],[],,False,[],False,True,marketplace,#F4B536,7570000949,0,4,
Jaipur,71592,Polki Earrings,LANDLINE,91,Rajasthan,Added manually,2025-03-04 00:48:08,Rising Exports,255154377,9445432281,,Ravi Reddy,52,India,,5735738,,7570000950,True,False,False,False,False,True,True,False,False,True,False,True,False,True,[],0,[],[],2025-03-10 16:31:53,4:31 PM,Is this available in stock?,,,True,[],[],,True,[],True,True,organic,#00AEEF,7570000950,,5,
Chennai,78117,Polki Necklace Set,LANDLINE,91,Tamil Nadu,Added via app,2025-03-05 14:13:35,Rising Exports,296023915,9935983935,,Anushka Agarwal,52,India,,5945298,,7570000951,False,True,False,False,False,True,False,False,True,True,False,True,True,False,[],0,[],[],2025-03-22 19:09:32,7:09 PM,Need details about Kundan Bracelet,,,True,[],[],,False,[],False,True,marketplace,#22C55E,7570000951,,3,
Jaipur,73564,Polki Necklace Set,LANDLINE,91,Rajasthan,Imported from CSV,2025-01-06 17:50:26,,289858938,9610433423,,Kavita Agarwal,53,India,,5908493,,7570000952,True,False,False,False,False,True,False,False,False,True,True,True,True,True,[],0,[],[],2025-01-18 22:37:15,10:37 PM,Interested - send more pics,,,False,[],[],,True,[],True,True,referral,#22C55E,7570000952,,2,1755587038
Mumbai,73932,Kundan Bracelet,LANDLINE,91,Maharashtra,Added via app,2024-06-27 17:06:45,,255608831,9253356200,,Raj Kumar,54,India,,5565048,,7570000953,True,False,False,True,True,False,False,True,True,False,False,True,False,True,[],0,[],[],2024-07-14 05:46:21,5:46 AM,Is this available in stock?,,,False,[],[],,False,[],False,True,referral,#FF5733,7570000953,,1,
Pune,71199,Polki Necklace Set,LANDLINE,91,Maharashtra,Added manually,2024-09-01 04:30:13,,204113875,9232961558,,Pooja Reddy,53,India,,5779075,,7570000954,False,False,True,True,True,True,True,False,True,True,False,True,False,False,[],0,[],[],2024-09-26 20:21:12,8:21 PM,Interested - send more pics,,2024-09-26 20:21:12,True,[],[],,True,[],False,True,marketplace,#22C55E,7570000954,0,3,
Delhi,73086,Silver Anklet,LANDLINE,91,Delhi,Added manually,2024-08-19 22:25:35,,237916684,9143076638,,Manish Rathore,52,India,,5149387,,7570000955,False,False,False,True,False,True,True,True,False,False,True,True,False,True,[],0,[],[],2024-08-26 05:30:17,5:30 AM,Need details about Mangalsutra,,2024-08-26 05:30:17,False,[],[],,True,[],False,True,marketplace,#22C55E,7570000955,,1,
Mumbai,70259,Pearl Necklace,MOBILE,91,Maharashtra,Added manually,2025-07-27 08:58:40,,289543733,9496199035,,Karan Kohli,52,India,,5299223,,7570000956,False,False,True,True,False,False,False,False,True,False,False,True,False,True,[],0,[],[],2025-07-27 08:58:40,8:58 AM,Can I get a discount?,,,True,[],[],,True,[],False,True,marketplace,#FF5733,7570000956,0,5,
Pune,75334,Pearl Necklace,MOBILE,91,Maharashtra,Imported from CSV,2024-05-18 02:21:12,Rising Exports,283000272,9312003975,9352219054,Priya Reddy,51,India,,5753555,,7570000957,False,False,True,True,False,True,False,False,False,True,False,True,False,True,[],0,[],[],2024-05-23 16:03:55,4:03 PM,Please share price and images,,,False,[],[],,True,[],False,True,organic,#22C55E,7570000957,2,5,
Udaipur,70720,Mangalsutra,MOBILE,91,Rajasthan,Added manually,2024-01-31 03:32:48,,273838626,9692353498,,Sneha Gupta,51,India,,5752981,,7570000958,False,False,False,False,True,False,False,True,False,False,True,True,False,True,[],0,[],[],2024-02-12 13:15:07,1:15 PM,Need details about Polki Necklace Set,,,False,[],[],,True,[],False,False,ad,#00AEEF,7570000958,3,1,
Bengaluru,79652,Pearl Necklace,MOBILE,91,Karnataka,Added manually,2024-10-31 18:47:49,,252892181,9375348970,9137985108,Kavita Nair,53,India,,5444112,,7570000959,True,False,False,False,False,False,True,False,False,False,False,True,False,True,[],0,[],[],2024-11-10 09:55:13,9:55 AM,Is this available in stock?,,2024-11-10 09:55:13,True,[],[],,False,[],False,True,marketplace,#00AEEF,7570000959,,0,
Bengaluru,79671,Polki Necklace Set,LANDLINE,91,Karnataka,Contact added through Website form,2025-04-26 17:22:51,ABC Traders,258734125,9098945622,,Priya Sharma,54,India,,5628375,,7570000960,False,False,False,True,False,True,False,False,True,True,True,False,True,False,[],0,[],[],2025-04-30 08:46:35,8:46 AM,Is this available in stock?,,,False,[],[],,True,[],False,True,organic,#FF5733,7570000960,1,5,
Pune,76090,Polki Necklace Set,LANDLINE,91,Maharashtra,Contact added through Website form,2025-06-28 16:13:11,,295982932,9948733799,,Ankit Kapoor,54,India,,5151422,,7570000961,True,False,False,True,False,True,False,True,True,True,False,True,False,False,[],0,[],[],2025-07-17 02:40:12,2:40 AM,Is this available in stock?,,2025-07-17 02:40:12,False,[],[],,True,[],False,False,marketplace,#00AEEF,7570000961,0,3,
Pune,75216,Mangalsutra,MOBILE,91,Maharashtra,Contact added through Website form,2025-02-14 07:55:35,,208540682,9649780952,9422247581,Deepak Verma,51,India,,5660128,,7570000962,True,False,False,True,False,True,False,True,False,True,True,True,True,True,[],0,[],[],2025-02-15 03:09:42,3:09 AM,Can I get a discount?,,,True,[],[],,True,[],False,False,ad,#22C55E,7570000962,,0,1755155038
Pune,78914,Gold Ring,MOBILE,91,Maharashtra,Added manually,2024-03-03 12:11:01,,252689453,9494791927,,Manish Chopra,51,India,,5462072,,7570000963,False,False,False,True,True,True,True,False,True,True,True,True,True,True,[],0,[],[],2024-03-21 00:14:43,12:14 AM,Can I get a discount?,,,False,[],[],,True,[],True,True,ad,#22C55E,7570000963,0,2,
Jaipur,75893,Silver Anklet,LANDLINE,91,Rajasthan,Contact added through Website form,2024-03-10 19:09:43,,267071574,9089756202,,Isha Kohli,53,India,,5505444,,7570000964,True,False,True,False,False,True,False,False,False,True,True,False,True,True,[],0,[],[],2024-03-23 16:58:22,4:58 PM,Is this available in stock?,,,True,[],[],,True,[],True,True,referral,#FF5733,7570000964,,1,
Pune,78156,Polki Earrings,LANDLINE,91,Maharashtra,Added via app,2025-02-23 10:56:03,,213941214,9779750957,9376614707,Maya Joshi,53,India,,5392759,,7570000965,True,False,False,False,False,True,True,True,False,True,True,True,False,True,[],0,[],[],2025-03-18 23:19:45,11:19 PM,Please share price and images,,,False,[],[],,False,[],True,True,referral,#F4B536,7570000965,3,1,
Udaipur,71783,Pearl Necklace,LANDLINE,91,Rajasthan,Contact added through Website form,2025-03-06 17:42:44,,200202454,9971177839,,Vikram Joshi,54,India,,5589312,,7570000966,False,False,False,False,False,False,True,False,True,False,False,False,False,True,[],0,[],[],2025-04-04 14:24:08,2:24 PM,Is this available in stock?,,,True,[],[],,True,[],False,False,ad,#F4B536,7570000966,0,3,
Udaipur,72970,Diamond Earrings,MOBILE,91,Rajasthan,Added via app,2025-05-25 08:54:56,,229336904,9311567589,,Priya Rathore,51,India,,5508478,,7570000967,False,False,False,True,False,True,False,False,True,True,True,False,False,True,[],0,[],[],2025-06-08 08:48:31,8:48 AM,Is this available in stock?,,,False,[],[],,False,[],True,True,referral,#F4B536,7570000967,0,2,
Bengaluru,77941,Pearl Necklace,LANDLINE,91,Karnataka,Added via app,2024-07-28 22:21:17,Rising Exports,296730211,9417542712,,Priya Bhat,54,India,,5243108,,7570000968,True,True,False,False,False,False,False,False,True,False,False,True,False,False,[],0,[],[],2024-08-19 08:24:49,8:24 AM,Can I get a discount?,,2024-08-19 08:24:49,False,[],[],,False,[],False,True,marketplace,#FF5733,7570000968,2,5,
Bengaluru,78441,Silver Anklet,LANDLINE,91,Karnataka,Imported from CSV,2024-03-15 22:36:15,,261082776,9396415414,,Rohit Joshi,52,India,,5465961,,7570000969,True,True,False,True,False,False,False,True,False,False,False,False,False,True,[],0,[],[],2024-03-19 21:25:21,9:25 PM,Need details about Polki Earrings,,,True,[],[],,True,[],True,False,referral,#FF5733,7570000969,0,4,
Jaipur,72207,Kundan Bracelet,LANDLINE,91,Rajasthan,Added manually,2024-02-26 14:47:50,,225292502,9251570159,,Sneha Nair,51,India,,5639702,,7570000970,True,False,False,True,False,True,False,False,False,True,False,True,False,False,[],0,[],[],2024-03-13 22:32:20,10:32 PM,Is this available in stock?,,,False,[],[],,True,[],True,True,marketplace,#22C55E,7570000970,0,1,
Kolkata,76304,Polki Necklace Set,LANDLINE,91,West Bengal,Added via app,2025-08-06 18:09:11,ABC Traders,255286296,9611194228,,Karan Reddy,54,India,,5028547,,7570000971,False,False,False,True,True,True,False,False,True,True,False,False,False,False,[],0,[],[],2025-08-06 18:09:11,6:09 PM,Interested - send more pics,,2025-08-06 18:09:11,False,[],[],,False,[],True,True,referral,#00AEEF,7570000971,,2,
Ahmedabad,71983,Gold Ring,LANDLINE,91,Gujarat,Contact added through Website form,2025-07-18 16:06:13,Rising Exports,209084896,9474676256,,Anushka Agarwal,51,India,,5481100,,7570000972,False,False,True,True,False,True,False,False,False,True,False,True,False,False,[],0,[],[],2025-07-26 15:51:55,3:51 PM,Need details about Silver Anklet,,,True,[],[],,False,[],True,True,organic,#22C55E,7570000972,2,2,
Jaipur,72105,Silver Anklet,MOBILE,91,Rajasthan,Added manually,2024-09-05 20:07:35,,271770152,9340990409,,Maya Kumar,52,India,,5111943,,7570000973,False,False,False,True,False,False,True,False,True,False,False,True,True,True,[],0,[],[],2024-09-27 16:18:02,4:18 PM,Interested - send more pics,,2024-09-27 16:18:02,False,[],[],,True,[],False,True,ad,#22C55E,7570000973,0,0,
Kolkata,77258,Silver Anklet,LANDLINE,91,West Bengal,Added via app,2024-12-10 15:03:52,,221727596,9575235930,,Karan Patel,52,India,,5208615,,7570000974,False,True,True,False,False,False,False,False,False,False,False,True,True,True,[],0,[],[],2024-12-12 20:34:27,8:34 PM,Need details about Gold Ring,,,False,[],[],,False,[],False,False,ad,#FF5733,7570000974,0,3,
Chennai,77743,Silver Anklet,MOBILE,91,Tamil Nadu,Added manually,2024-06-05 10:29:25,,284461020,9049891455,,Karan Kohli,53,India,,5156215,,7570000975,True,False,False,True,True,False,False,True,True,False,False,True,False,True,[],0,[],[],2024-06-10 23:28:28,11:28 PM,Is this available in stock?,,,True,[],[],,True,[],False,False,referral,#F4B536,7570000975,,0,
Hyderabad,74929,Polki Necklace Set,LANDLINE,91,Telangana,Added via app,2024-05-21 04:44:15,,204552235,9687969419,,Pooja Chopra,53,India,,5995059,,7570000976,False,False,False,False,True,True,True,False,True,True,False,False,False,True,[],0,[],[],2024-06-13 09:07:57,9:07 AM,Is this available in stock?,,,False,[],[],,True,[],False,True,marketplace,#F4B536,7570000976,3,0,
Chennai,71058,Kundan Bracelet,MOBILE,91,Tamil Nadu,Contact added through Website form,2024-09-23 09:54:30,,239834068,9690225247,,Rohit Reddy,53,India,,5913496,,7570000977,True,True,False,True,False,True,True,False,True,False,True,True,False,True,[],0,[],[],2024-10-23 03:36:33,3:36 AM,Can I get a discount?,,2024-10-23 03:36:33,False,[],[],,True,[],True,False,organic,#F4B536,7570000977,0,5,1755500638
Jaipur,73651,Gold Ring,LANDLINE,91,Rajasthan,Contact added through Website form,2024-10-28 13:49:31,,202391523,9921196059,,Isha Khan,53,India,,5240986,,7570000978,False,False,False,False,False,False,True,True,True,False,False,False,True,False,[],0,[],[],2024-11-26 20:03:58,8:03 PM,Can I get a discount?,,,False,[],[],,False,[],True,True,referral,#22C55E,7570000978,1,0,
Ahmedabad,74589,Pearl Necklace,MOBILE,91,Gujarat,Imported from CSV,2025-07-31 23:34:37,,248836457,9596327200,,Deepak Kohli,53,India,,5038928,,7570000979,True,False,True,False,False,False,True,False,False,False,True,False,False,True,[],0,[],[],2025-07-31 23:34:37,11:34 PM,Please share price and images,,,False,[],[],,True,[],False,False,referral,#00AEEF,7570000979,,4,
Pune,76784,Pearl Necklace,MOBILE,91,Maharashtra,Added via app,2024-09-20 03:08:32,,299125216,9306882338,9396329409,Karan Gupta,54,India,,5625023,,7570000980,True,True,False,False,False,False,True,False,False,True,False,False,True,True,[],0,[],[],2024-10-17 23:09:04,11:09 PM,Need details about Mangalsutra,,,False,[],[],,False,[],False,True,organic,#00AEEF,7570000980,1,0,
Mumbai,77132,Gold Ring,MOBILE,91,Maharashtra,Imported from CSV,2024-10-16 05:38:25,Shree Enterprises,293119065,9204370859,,Neha Sharma,52,India,,5129996,,7570000981,True,False,True,False,False,True,True,False,False,False,False,True,False,True,[],0,[],[],2024-11-01 00:56:00,12:56 AM,Please share price and images,,,True,[],[],,True,[],False,True,ad,#F4B536,7570000981,0,2,
Mumbai,76410,Kundan Bracelet,MOBILE,91,Maharashtra,Added manually,2024-07-07 23:54:18,,225252711,9329480946,,Arjun Singh,54,India,,5215505,,7570000982,True,False,False,False,False,False,False,False,False,False,False,True,False,True,[],0,[],[],2024-07-18 06:46:34,6:46 AM,Can I get a discount?,,,False,[],[],,True,[],False,False,referral,#FF5733,7570000982,0,3,1755327838
Pune,73176,Polki Necklace Set,LANDLINE,91,Maharashtra,Imported from CSV,2025-05-21 05:42:56,,209787663,9447837968,,Neha Mishra,54,India,,5211030,,7570000983,True,False,True,False,True,False,True,False,True,False,False,True,True,True,[],0,[],[],2025-06-09 19:34:41,7:34 PM,Please share price and images,,2025-06-09 19:34:41,True,[],[],,True,[],False,True,ad,#FF5733,7570000983,2,3,
Hyderabad,70257,Polki Necklace Set,MOBILE,91,Telangana,Imported from CSV,2024-01-12 05:44:06,,214146573,9432519156,,Vikram Patel,53,India,,5417346,,7570000984,True,True,False,False,False,True,False,True,False,False,False,False,True,True,[],0,[],[],2024-01-24 08:27:34,8:27 AM,Need details about Gold Ring,,,False,[],[],,True,[],False,False,ad,#FF5733,7570000984,1,3,
Bengaluru,76507,Silver Anklet,MOBILE,91,Karnataka,Imported from CSV,2024-06-27 05:13:35,Shree Enterprises,205083288,9151557085,,Anushka Verma,51,India,,5996749,,7570000985,False,True,False,False,True,True,False,False,True,False,False,False,False,True,[],0,[],[],2024-07-12 07:29:48,7:29 AM,Can I get a discount?,,2024-07-12 07:29:48,True,[],[],,True,[],False,True,marketplace,#00AEEF,7570000985,,3,
Kolkata,76855,Polki Earrings,MOBILE,91,West Bengal,Added manually,2025-07-19 03:23:02,Shree Enterprises,250220136,9572732726,,Raj Joshi,52,India,,5052027,,7570000986,False,True,False,False,True,True,False,True,True,False,True,False,False,True,[],0,[],[],2025-08-07 03:19:12,3:19 AM,Can I get a discount?,,,False,[],[],,True,[],False,True,referral,#22C55E,7570000986,,4,
Pune,78575,Gold Ring,LANDLINE,91,Maharashtra,Imported from CSV,2024-06-24 02:17:52,,296135767,9905289572,,Vikram Bhat,52,India,,5560213,,7570000987,True,False,False,False,False,False,True,True,False,True,False,True,False,True,[],0,[],[],2024-07-05 07:28:29,7:28 AM,Please share price and images,,2024-07-05 07:28:29,True,[],[],,True,[],False,False,referral,#00AEEF,7570000987,,1,
Udaipur,70940,Kundan Bracelet,LANDLINE,91,Rajasthan,Added via app,2024-06-26 09:48:56,,263827503,9675570603,9616316196,Maya Khan,53,India,,5853531,,7570000988,False,False,False,False,False,False,True,True,False,True,False,True,False,True,[],0,[],[],2024-07-17 05:03:29,5:03 AM,Need details about Kundan Bracelet,,,True,[],[],,True,[],False,True,ad,#00AEEF,7570000988,0,1,1755673438
Delhi,73432,Polki Necklace Set,MOBILE,91,Delhi,Added via app,2025-03-06 21:08:31,,231739365,9865634434,9722982159,Amit Kohli,51,India,,5115334,,7570000989,True,False,True,True,False,True,True,False,True,True,False,True,False,True,[],0,[],[],2025-03-27 07:05:18,7:05 AM,Can I get a discount?,,,True,[],[],,True,[],True,False,organic,#00AEEF,7570000989,,2,
Delhi,71726,Pearl Necklace,LANDLINE,91,Delhi,Contact added through Website form,2025-04-04 04:24:29,,201047114,9510412557,,Isha Gupta,51,India,,5066906,,7570000990,True,True,False,True,True,False,False,False,True,True,False,True,False,False,[],0,[],[],2025-05-03 09:51:54,9:51 AM,Interested - send more pics,,,False,[],[],,False,[],True,False,ad,#00AEEF,7570000990,0,4,
Mumbai,78638,Diamond Earrings,MOBILE,91,Maharashtra,Added via app,2025-02-28 11:53:19,Shree Enterprises,250515843,9105027777,,Amit Gupta,54,India,,5502201,,7570000991,True,False,False,True,False,False,True,False,False,False,False,True,False,True,[],0,[],[],2025-03-21 01:13:18,1:13 AM,Please share price and images,,2025-03-21 01:13:18,True,[],[],,False,[],False,False,organic,#22C55E,7570000991,0,0,1755673438
Ahmedabad,71734,Polki Earrings,LANDLINE,91,Gujarat,Added via app,2024-09-21 05:54:56,Shree Enterprises,242580365,9121682608,,Rohit Patel,52,India,,5907824,,7570000992,True,False,True,True,False,True,False,True,False,False,False,False,False,True,[],0,[],[],2024-10-04 00:26:33,12:26 AM,Can I get a discount?,,,True,[],[],,True,[],False,True,organic,#F4B536,7570000992,0,0,1755500638
Udaipur,76339,Gold Ring,LANDLINE,91,Rajasthan,Imported from CSV,2024-04-16 04:34:38,,213994332,9698201989,9121714233,Priya Bhat,52,India,,5216317,,7570000993,False,False,False,True,False,True,True,True,True,True,False,False,True,True,[],0,[],[],2024-05-08 03:07:10,3:07 AM,Can I get a discount?,,,True,[],[],,False,[],True,True,marketplace,#00AEEF,7570000993,,1,
Jaipur,72000,Diamond Earrings,MOBILE,91,Rajasthan,Imported from CSV,2024-10-25 23:59:20,ABC Traders,234021361,9507908418,,Kavita Kohli,54,India,,5921210,,7570000994,True,True,True,True,False,False,True,False,False,False,False,True,True,False,[],0,[],[],2024-11-14 05:04:39,5:04 AM,Can I get a discount?,,,True,[],[],,True,[],False,False,marketplace,#00AEEF,7570000994,0,3,
Kolkata,74429,Kundan Bracelet,LANDLINE,91,West Bengal,Contact added through Website form,2024-02-04 11:46:52,Rising Exports,277911801,9337663124,,Rohit Patel,54,India,,5831007,,7570000995,True,True,False,True,False,True,False,False,False,True,False,True,True,False,[],0,[],[],2024-02-18 11:19:00,11:19 AM,Please share price and images,,2024-02-18 11:19:00,False,[],[],,True,[],False,True,referral,#22C55E,7570000995,0,0,
Delhi,74382,Gold Ring,LANDLINE,91,Delhi,Added via app,2025-04-25 09:03:05,,294238882,9398486436,9890969820,Arjun Reddy,53,India,,5233723,,7570000996,True,False,False,True,False,True,False,False,False,False,True,True,True,True,[],0,[],[],2025-05-16 08:23:24,8:23 AM,Interested - send more pics,,,False,[],[],,False,[],False,True,referral,#FF5733,7570000996,,4,
Udaipur,79813,Diamond Earrings,LANDLINE,91,Rajasthan,Added manually,2025-05-29 02:27:16,,246989712,9989668606,,Vikram Rathore,54,India,,5506559,,7570000997,True,False,True,True,True,True,False,False,False,False,False,True,False,True,[],0,[],[],2025-06-23 20:41:31,8:41 PM,Interested - send more pics,,,True,[],[],,False,[],False,True,organic,#F4B536,7570000997,3,2,
Pune,75443,Mangalsutra,LANDLINE,91,Maharashtra,Added manually,2024-06-13 07:38:01,,280889770,9942956813,,Ravi Bhat,51,India,,5146322,,7570000998,False,False,True,True,False,True,False,True,False,False,False,False,True,True,[],0,[],[],2024-06-25 00:54:16,12:54 AM,Is this available in stock?,,2024-06-25 00:54:16,False,[],[],,True,[],False,True,marketplace,#00AEEF,7570000998,0,0,
Mumbai,70194,Pearl Necklace,MOBILE,91,Maharashtra,Added via app,2024-09-01 17:31:05,,281765645,9198788030,,Ravi Kohli,51,India,,5264902,,7570000999,True,False,True,True,False,False,False,False,False,True,False,False,False,False,[],0,[],[],2024-09-14 09:29:35,9:29 AM,Is this available in stock?,,,False,[],[],,False,[],True,True,organic,#22C55E,7570000999,2,0,1755068638
Mumbai,71393,Pearl Necklace,LANDLINE,91,Maharashtra,Imported from CSV,2024-03-16 08:42:55,,232125452,9111313475,,Sneha Naik,51,India,,5336193,,7570001000,False,False,False,False,False,True,False,True,True,False,False,True,True,False,[],0,[],[],2024-03-26 10:26:37,10:26 AM,Is this available in stock?,,,False,[],[],,True,[],False,False,marketplace,#F4B536,7570001000,,0,1755759838
Pune,71717,Diamond Earrings,MOBILE,91,Maharashtra,Imported from CSV,2025-07-29 16:00:20,ABC Traders,233360060,9012817750,9379308147,Pooja Mehta,54,India,,5503356,,7570001001,True,False,False,True,True,True,False,False,False,False,False,True,False,False,[],0,[],[],2025-07-29 16:00:20,4:00 PM,Can I get a discount?,,,False,[],[],,False,[],False,True,ad,#F4B536,7570001001,3,1,
Delhi,78908,Polki Earrings,LANDLINE,91,Delhi,Added via app,2024-03-03 09:06:35,,216549207,9239800971,9478231032,Neha Bhat,54,India,,5100367,,7570001002,True,True,False,False,False,False,False,False,True,False,True,True,True,True,[],0,[],[],2024-03-31 06:52:24,6:52 AM,Interested - send more pics,,,True,[],[],,True,[],False,True,ad,#00AEEF,7570001002,,2,
Mumbai,75580,Silver Anklet,MOBILE,91,Maharashtra,Imported from CSV,2025-04-20 02:33:14,,269181884,9790618770,,Deepak Khan,54,India,,5509951,,7570001003,False,False,False,True,True,True,False,False,True,False,True,True,False,True,[],0,[],[],2025-05-08 02:54:53,2:54 AM,Need details about Mangalsutra,,,False,[],[],,False,[],False,True,organic,#FF5733,7570001003,,3,
Bengaluru,70935,Mangalsutra,MOBILE,91,Karnataka,Imported from CSV,2025-04-22 00:18:23,ABC Traders,230919175,9529241488,,Ravi Mehta,53,India,,5511354,,7570001004,True,True,False,False,True,False,True,False,False,True,False,True,False,True,[],0,[],[],2025-05-02 10:41:38,10:41 AM,Can I get a discount?,,2025-05-02 10:41:38,False,[],[],,False,[],True,False,referral,#FF5733,7570001004,,3,
Chennai,73585,Polki Necklace Set,LANDLINE,91,Tamil Nadu,Added manually,2024-05-02 04:42:38,,251618794,9982681922,9670306614,Manish Sharma,51,India,,5846272,,7570001005,False,False,True,True,False,True,False,False,False,False,False,False,False,True,[],0,[],[],2024-05-03 08:56:20,8:56 AM,Can I get a discount?,,2024-05-03 08:56:20,True,[],[],,True,[],False,False,organic,#00AEEF,7570001005,1,3,1755414238
Ahmedabad,74597,Polki Necklace Set,MOBILE,91,Gujarat,Imported from CSV,2024-04-29 14:19:44,ABC Traders,201291142,9845103395,,Vikram Agarwal,53,India,,5591372,,7570001006,False,True,False,True,True,True,True,False,False,False,False,False,False,True,[],0,[],[],2024-05-23 19:01:25,7:01 PM,Need details about Polki Necklace Set,,2024-05-23 19:01:25,False,[],[],,True,[],True,False,marketplace,#00AEEF,7570001006,,2,1755327838
Kolkata,78657,Polki Earrings,MOBILE,91,West Bengal,Added via app,2025-03-27 12:46:47,,228327520,9785760851,9869439563,Manish Bhat,52,India,,5310054,,7570001007,False,False,True,True,False,True,True,False,False,True,True,True,False,True,[],0,[],[],2025-04-04 19:18:19,7:18 PM,Need details about Diamond Earrings,,,False,[],[],,False,[],True,True,referral,#F4B536,7570001007,,2,
Pune,75405,Gold Ring,LANDLINE,91,Maharashtra,Added via app,2024-12-12 00:47:02,,280753757,9331008341,,Ravi Rathore,54,India,,5023588,,7570001008,True,True,False,True,False,True,False,False,True,True,False,False,False,True,[],0,[],[],2025-01-02 08:28:48,8:28 AM,Please share price and images,,,False,[],[],,True,[],False,True,referral,#00AEEF,7570001008,0,0,
Bengaluru,75987,Gold Ring,MOBILE,91,Karnataka,Imported from CSV,2024-09-14 11:13:30,Golden Jewels,286386904,9651695963,9193287822,Deepak Agarwal,53,India,,5529610,,7570001009,False,False,False,True,False,True,True,False,False,True,False,True,True,True,[],0,[],[],2024-09-18 13:05:21,1:05 PM,Please share price and images,,,False,[],[],,False,[],True,True,ad,#00AEEF,7570001009,,5,
Hyderabad,70299,Pearl Necklace,MOBILE,91,Telangana,Added manually,2025-02-10 23:15:02,,286438874,9807393768,,Karan Nair,53,India,,5499741,,7570001010,False,False,False,True,True,True,False,True,False,False,False,False,False,True,[],0,[],[],2025-03-06 03:23:34,3:23 AM,Can I get a discount?,,,False,[],[],,True,[],False,True,organic,#F4B536,7570001010,2,3,
Kolkata,74147,Silver Anklet,LANDLINE,91,West Bengal,Added manually,2024-08-03 04:07:20,,216935536,9619404957,,Anushka Kumar,51,India,,5359149,,7570001011,False,False,False,False,False,False,True,False,False,False,False,False,True,True,[],0,[],[],2024-08-24 22:27:29,10:27 PM,Please share price and images,,,False,[],[],,True,[],True,False,organic,#F4B536,7570001011,,3,
Pune,74623,Mangalsutra,MOBILE,91,Maharashtra,Added manually,2025-07-05 11:40:35,,204802456,9891982858,9742998776,Pooja Jain,53,India,,5670983,,7570001012,False,False,False,False,False,False,False,False,True,False,False,True,False,False,[],0,[],[],2025-07-27 17:37:26,5:37 PM,Please share price and images,,2025-07-27 17:37:26,False,[],[],,True,[],True,True,marketplace,#FF5733,7570001012,0,2,
Hyderabad,72341,Mangalsutra,LANDLINE,91,Telangana,Contact added through Website form,2025-06-03 20:15:16,,263726936,9613949044,,Arjun Gupta,54,India,,5407973,,7570001013,True,False,False,False,False,True,True,False,True,True,False,True,True,True,[],0,[],[],2025-06-28 00:26:33,12:26 AM,Need details about Mangalsutra,,,True,[],[],,False,[],False,False,referral,#FF5733,7570001013,,0,
Bengaluru,79244,Silver Anklet,MOBILE,91,Karnataka,Added via app,2025-03-14 21:11:16,,208674438,9119932966,,Ravi Agarwal,54,India,,5614904,,7570001014,False,False,False,True,True,False,False,False,True,False,False,True,True,True,[],0,[],[],2025-03-31 01:56:41,1:56 AM,Is this available in stock?,,2025-03-31 01:56:41,False,[],[],,True,[],False,True,ad,#FF5733,7570001014,,0,1755587038
Mumbai,77081,Mangalsutra,LANDLINE,91,Maharashtra,Contact added through Website form,2024-10-12 22:42:05,,277070268,9768916314,,Pooja Reddy,52,India,,5902255,,7570001015,False,False,True,False,True,True,False,False,False,True,True,False,False,True,[],0,[],[],2024-10-26 14:33:50,2:33 PM,Need details about Silver Anklet,,,True,[],[],,True,[],True,True,organic,#00AEEF,7570001015,,0,
Kolkata,79497,Pearl Necklace,LANDLINE,91,West Bengal,Added via app,2024-10-24 06:52:37,Rising Exports,234065533,9232833155,,Siddharth Agarwal,54,India,,5161672,,7570001016,False,False,True,False,False,True,False,False,True,True,False,False,False,False,[],0,[],[],2024-11-20 08:33:23,8:33 AM,Can I get a discount?,,,True,[],[],,False,[],True,False,organic,#00AEEF,7570001016,1,5,
Ahmedabad,79934,Mangalsutra,LANDLINE,91,Gujarat,Added manually,2024-11-08 18:36:21,,219554164,9925474220,9680416862,Kavita Agarwal,52,India,,5291421,,7570001017,True,False,False,True,False,True,False,False,False,False,False,True,False,True,[],0,[],[],2024-11-20 17:18:40,5:18 PM,Please share price and images,,2024-11-20 17:18:40,False,[],[],,True,[],True,True,marketplace,#22C55E,7570001017,,5,
Chennai,77963,Polki Necklace Set,LANDLINE,91,Tamil Nadu,Contact added through Website form,2024-05-24 00:39:52,,229581814,9714811836,,Pooja Patel,52,India,,5077918,,7570001018,True,False,False,True,False,False,False,False,True,False,False,True,False,True,[],0,[],[],2024-06-06 21:29:01,9:29 PM,Need details about Polki Necklace Set,,,False,[],[],,True,[],True,True,organic,#F4B536,7570001018,,0,1755414238
Chennai,76482,Gold Ring,LANDLINE,91,Tamil Nadu,Added via app,2024-08-12 17:22:20,,259447763,9241858271,9098385425,Karan Kohli,51,India,,5884310,,7570001019,False,False,True,True,False,True,True,True,False,False,False,True,True,True,[],0,[],[],2024-08-15 12:24:26,12:24 PM,Need details about Polki Necklace Set,,,True,[],[],,True,[],False,False,ad,#22C55E,7570001019,0,5,
Mumbai,72609,Polki Earrings,LANDLINE,91,Maharashtra,Added manually,2024-01-01 15:08:36,,297438669,9962560221,,Isha Mishra,53,India,,5710166,,7570001020,False,False,False,True,False,False,True,True,True,False,False,False,True,True,[],0,[],[],2024-01-05 09:15:26,9:15 AM,Is this available in stock?,,,True,[],[],,True,[],False,True,marketplace,#F4B536,7570001020,0,1,1755155038
Pune,73121,Silver Anklet,LANDLINE,91,Maharashtra,Added via app,2025-05-21 17:38:55,,294325918,9294237584,9812387164,Arjun Kapoor,53,India,,5904299,,7570001021,False,True,False,False,False,False,False,False,True,False,False,True,False,True,[],0,[],[],2025-06-20 04:47:54,4:47 AM,Can I get a discount?,,,False,[],[],,True,[],False,True,ad,#22C55E,7570001021,,3,
Bengaluru,79203,Pearl Necklace,LANDLINE,91,Karnataka,Added via app,2024-02-26 13:26:17,ABC Traders,274903574,9846899328,,Ravi Patel,52,India,,5867526,,7570001022,False,False,False,True,False,False,False,False,True,False,False,True,True,True,[],0,[],[],2024-03-24 13:37:10,1:37 PM,Can I get a discount?,,,True,[],[],,True,[],False,True,referral,#F4B536,7570001022,0,0,
Ahmedabad,78385,Diamond Earrings,LANDLINE,91,Gujarat,Contact added through Website form,2025-06-06 09:10:38,,288305347,9827756507,9440993325,Ravi Reddy,51,India,,5435212,,7570001023,True,True,False,True,True,False,False,True,True,False,True,False,True,True,[],0,[],[],2025-07-06 08:31:41,8:31 AM,Interested - send more pics,,,True,[],[],,True,[],False,True,marketplace,#22C55E,7570001023,0,3,
Chennai,74121,Pearl Necklace,LANDLINE,91,Tamil Nadu,Contact added through Website form,2024-02-08 01:03:59,,216307308,9492836677,9346223799,Ravi Verma,51,India,,5907591,,7570001024,False,False,False,False,False,True,False,False,False,False,False,True,False,True,[],0,[],[],2024-03-03 00:59:02,12:59 AM,Can I get a discount?,,,False,[],[],,False,[],False,True,organic,#FF5733,7570001024,,3,
Delhi,74905,Diamond Earrings,LANDLINE,91,Delhi,Imported from CSV,2024-01-11 23:07:22,,278677715,9125971686,,Kavita Khan,54,India,,5906110,,7570001025,True,False,False,False,True,True,False,True,True,True,True,False,False,True,[],0,[],[],2024-02-09 16:42:04,4:42 PM,Can I get a discount?,,,False,[],[],,True,[],False,True,organic,#F4B536,7570001025,0,1,
Kolkata,72114,Pearl Necklace,MOBILE,91,West Bengal,Contact added through Website form,2024-01-15 20:21:55,Golden Jewels,208164213,9232119905,,Kavita Chopra,51,India,,5557965,,7570001026,True,False,True,False,False,False,False,False,True,False,True,False,False,True,[],0,[],[],2024-02-11 01:10:52,1:10 AM,Can I get a discount?,,,True,[],[],,True,[],False,False,marketplace,#FF5733,7570001026,0,0,
Chennai,73989,Silver Anklet,MOBILE,91,Tamil Nadu,Contact added through Website form,2024-05-27 02:12:24,,250427834,9524175714,,Rahul Gupta,53,India,,5538372,,7570001027,False,False,True,True,True,True,True,False,True,False,True,True,True,True,[],0,[],[],2024-06-03 06:50:22,6:50 AM,Please share price and images,,,False,[],[],,True,[],False,True,ad,#F4B536,7570001027,0,1,
Udaipur,73688,Mangalsutra,LANDLINE,91,Rajasthan,Imported from CSV,2025-02-28 00:02:51,,294162169,9336274652,9767262252,Neha Agarwal,51,India,,5851368,,7570001028,False,False,False,True,False,True,False,False,True,False,False,True,True,True,[],0,[],[],2025-03-25 21:49:55,9:49 PM,Is this available in stock?,,,False,[],[],,False,[],False,True,ad,#F4B536,7570001028,,4,
Udaipur,71937,Polki Necklace Set,LANDLINE,91,Rajasthan,Imported from CSV,2025-05-17 11:57:24,,283642336,9996013813,9983071810,Rahul Chopra,51,India,,5571913,,7570001029,True,False,False,False,True,False,True,False,False,False,False,True,False,False,[],0,[],[],2025-06-01 00:03:47,12:03 AM,Need details about Silver Anklet,,,False,[],[],,True,[],True,True,referral,#FF5733,7570001029,1,3,
Ahmedabad,79058,Gold Ring,LANDLINE,91,Gujarat,Contact added through Website form,2024-12-19 00:29:24,,268470470,9722077234,9831798669,Priya Singh,53,India,,5497007,,7570001030,False,True,True,True,True,False,False,True,False,True,False,True,False,True,[],0,[],[],2025-01-05 13:36:08,1:36 PM,Is this available in stock?,,,True,[],[],,False,[],False,True,ad,#22C55E,7570001030,1,0,
Ahmedabad,73704,Kundan Bracelet,MOBILE,91,Gujarat,Added manually,2024-02-13 20:39:23,Rising Exports,268575639,9899113763,,Deepak Jain,54,India,,5488078,,7570001031,False,True,False,True,False,False,True,False,False,False,False,True,True,False,[],0,[],[],2024-02-21 04:24:49,4:24 AM,Interested - send more pics,,,True,[],[],,True,[],True,False,marketplace,#00AEEF,7570001031,,5,1755500638
Kolkata,75733,Gold Ring,LANDLINE,91,West Bengal,Contact added through Website form,2024-11-09 11:28:23,,290998159,9209335413,,Pooja Mehta,53,India,,5727021,,7570001032,False,False,False,False,True,True,False,False,False,False,False,True,True,False,[],0,[],[],2024-12-08 10:04:25,10:04 AM,Need details about Kundan Bracelet,,2024-12-08 10:04:25,True,[],[],,True,[],True,True,ad,#F4B536,7570001032,0,2,
Mumbai,75314,Kundan Bracelet,LANDLINE,91,Maharashtra,Added manually,2025-05-22 00:35:17,,203636587,9779839632,9164883585,Siddharth Sharma,53,India,,5640241,,7570001033,True,False,False,False,False,True,False,False,False,False,False,True,False,True,[],0,[],[],2025-06-03 13:46:08,1:46 PM,Is this available in stock?,,,True,[],[],,False,[],True,False,ad,#F4B536,7570001033,0,0,1755673438
Delhi,70707,Pearl Necklace,LANDLINE,91,Delhi,Contact added through Website form,2025-07-09 06:10:46,,275731046,9031721101,,Sneha Mehta,54,India,,5482758,,7570001034,True,True,False,True,False,False,False,False,True,False,False,True,True,True,[],0,[],[],2025-07-23 13:25:07,1:25 PM,Interested - send more pics,,,True,[],[],,True,[],False,True,organic,#00AEEF,7570001034,,3,
Mumbai,78917,Diamond Earrings,MOBILE,91,Maharashtra,Added via app,2024-01-24 15:22:30,,290192247,9405265299,,Kavita Rathore,54,India,,5279193,,7570001035,True,False,True,True,True,True,True,False,True,True,False,True,False,True,[],0,[],[],2024-02-20 03:25:52,3:25 AM,Interested - send more pics,,,False,[],[],,True,[],True,True,referral,#22C55E,7570001035,3,0,1755414238
Ahmedabad,72219,Mangalsutra,LANDLINE,91,Gujarat,Contact added through Website form,2024-03-12 18:21:46,,251927461,9196277841,,Isha Kapoor,54,India,,5062788,,7570001036,True,True,False,True,True,True,True,False,True,True,False,True,True,True,[],0,[],[],2024-03-14 04:47:37,4:47 AM,Is this available in stock?,,,False,[],[],,True,[],False,True,referral,#00AEEF,7570001036,3,3,
Ahmedabad,73281,Polki Earrings,LANDLINE,91,Gujarat,Imported from CSV,2025-05-04 12:18:51,,295885860,9304626264,9128249598,Ravi Reddy,51,India,,5081607,,7570001037,True,False,True,True,False,True,False,False,False,False,False,True,False,True,[],0,[],[],2025-05-23 08:00:52,8:00 AM,Can I get a discount?,,,False,[],[],,False,[],True,True,referral,#22C55E,7570001037,0,1,
Mumbai,71914,Silver Anklet,LANDLINE,91,Maharashtra,Imported from CSV,2024-11-20 15:33:44,,280517043,9749440881,,Raj Kapoor,54,India,,5644307,,7570001038,False,False,False,False,True,False,True,False,False,False,False,True,False,True,[],0,[],[],2024-12-07 07:07:18,7:07 AM,Please share price and images,,,False,[],[],,True,[],True,True,ad,#22C55E,7570001038,0,5,
Kolkata,78807,Diamond Earrings,LANDLINE,91,West Bengal,Added via app,2024-07-26 19:31:45,,270546761,9254043201,,Rohit Khan,54,India,,5229251,,7570001039,False,False,True,True,False,False,False,False,False,False,True,True,False,False,[],0,[],[],2024-08-25 05:21:50,5:21 AM,Need details about Pearl Necklace,,,True,[],[],,False,[],True,False,ad,#00AEEF,7570001039,,4,
Udaipur,71264,Polki Earrings,MOBILE,91,Rajasthan,Contact added through Website form,2024-10-19 14:12:45,,219950923,9459514554,,Siddharth Verma,51,India,,5861848,,7570001040,False,False,False,False,False,False,False,False,True,False,True,False,False,True,[],0,[],[],2024-10-21 08:35:35,8:35 AM,Is this available in stock?,,,False,[],[],,True,[],False,True,ad,#F4B536,7570001040,,4,1755414238
Chennai,79009,Mangalsutra,LANDLINE,91,Tamil Nadu,Added via app,2024-07-21 02:03:25,Shree Enterprises,276586115,9958763463,,Kavita Gupta,51,India,,5531047,,7570001041,False,True,False,True,True,True,False,True,True,True,False,True,False,False,[],0,[],[],2024-08-14 07:31:16,7:31 AM,Need details about Silver Anklet,,,False,[],[],,False,[],True,True,marketplace,#22C55E,7570001041,,1,1755327838
Pune,75023,Pearl Necklace,LANDLINE,91,Maharashtra,Added via app,2025-03-17 12:57:58,,290123431,9363388114,,Rohit Kohli,54,India,,5434002,,7570001042,True,False,False,False,False,True,False,False,False,False,False,False,False,False,[],0,[],[],2025-03-20 11:53:14,11:53 AM,Please share price and images,,,False,[],[],,False,[],True,True,ad,#FF5733,7570001042,0,2,
Bengaluru,73784,Polki Earrings,MOBILE,91,Karnataka,Imported from CSV,2024-05-17 21:57:28,,202747509,9707454497,,Ravi Kapoor,52,India,,5954507,,7570001043,False,False,False,True,False,True,False,False,True,False,False,False,True,True,[],0,[],[],2024-06-10 22:41:00,10:41 PM,Please share price and images,,,False,[],[],,True,[],False,True,ad,#00AEEF,7570001043,0,3,
Ahmedabad,71220,Kundan Bracelet,MOBILE,91,Gujarat,Added manually,2025-07-26 10:36:57,,202923691,9640418918,,Amit Agarwal,52,India,,5033755,,7570001044,True,False,False,False,False,True,False,True,True,False,True,True,False,True,[],0,[],[],2025-08-09 14:18:58,2:18 PM,Interested - send more pics,,,True,[],[],,False,[],False,True,referral,#FF5733,7570001044,1,1,
Chennai,71916,Polki Necklace Set,MOBILE,91,Tamil Nadu,Added manually,2024-07-28 09:39:25,Golden Jewels,287329601,9827407020,,Anushka Kapoor,51,India,,5154546,,7570001045,False,False,True,False,False,True,False,False,False,True,True,True,False,False,[],0,[],[],2024-08-10 18:19:35,6:19 PM,Is this available in stock?,,,True,[],[],,True,[],True,True,ad,#22C55E,7570001045,3,0,
Hyderabad,71289,Pearl Necklace,MOBILE,91,Telangana,Added via app,2025-06-01 21:14:56,Shree Enterprises,242860548,9281938659,9594451243,Sneha Patel,51,India,,5268464,,7570001046,True,False,True,True,False,True,False,False,True,False,False,True,False,True,[],0,[],[],2025-06-12 10:32:57,10:32 AM,Is this available in stock?,,2025-06-12 10:32:57,False,[],[],,True,[],False,True,referral,#22C55E,7570001046,,3,
Delhi,77224,Mangalsutra,MOBILE,91,Delhi,Added via app,2024-12-02 05:56:15,,281103186,9555245920,,Karan Mishra,53,India,,5969523,,7570001047,True,False,False,False,False,False,True,True,True,False,False,True,False,True,[],0,[],[],2024-12-11 12:14:55,12:14 PM,Can I get a discount?,,,False,[],[],,True,[],False,False,organic,#00AEEF,7570001047,,4,
Delhi,71157,Gold Ring,LANDLINE,91,Delhi,Contact added through Website form,2024-03-13 07:45:39,Shree Enterprises,286919298,9616469523,9244512647,Rohit Mehta,53,India,,5467634,,7570001048,True,True,True,True,True,True,False,False,False,True,False,True,False,True,[],0,[],[],2024-03-27 19:50:26,7:50 PM,Need details about Polki Necklace Set,,,True,[],[],,False,[],True,True,organic,#22C55E,7570001048,0,3,
Chennai,73535,Pearl Necklace,LANDLINE,91,Tamil Nadu,Added manually,2024-08-01 06:12:41,,266564166,9963555976,,Manish Sharma,52,India,,5875230,,7570001049,False,False,True,True,True,True,False,False,False,False,False,True,False,True,[],0,[],[],2024-08-28 06:20:04,6:20 AM,Please share price and images,,,True,[],[],,True,[],True,False,referral,#00AEEF,7570001049,1,3,
Pune,79248,Polki Earrings,MOBILE,91,Maharashtra,Imported from CSV,2025-01-28 06:24:03,,250413294,9290088459,,Neha Patel,54,India,,5691808,,7570001050,False,False,True,True,False,True,False,False,True,False,True,True,True,True,[],0,[],[],2025-02-10 00:28:09,12:28 AM,Need details about Gold Ring,,,True,[],[],,True,[],False,True,marketplace,#22C55E,7570001050,1,5,
Chennai,79487,Pearl Necklace,LANDLINE,91,Tamil Nadu,Contact added through Website form,2025-02-28 15:38:33,Rising Exports,214148445,9298310151,9400811895,Amit Nair,51,India,,5287193,,7570001051,True,False,True,True,True,True,False,False,False,False,False,True,False,True,[],0,[],[],2025-03-04 09:33:16,9:33 AM,Can I get a discount?,,,False,[],[],,False,[],False,False,ad,#FF5733,7570001051,0,4,
Bengaluru,71369,Kundan Bracelet,MOBILE,91,Karnataka,Added via app,2024-11-28 22:21:58,Shree Enterprises,207873011,9002914995,,Arjun Nair,52,India,,5353959,,7570001052,False,False,False,True,False,True,False,False,True,False,False,True,False,False,[],0,[],[],2024-11-29 22:50:48,10:50 PM,Is this available in stock?,,,True,[],[],,False,[],False,True,organic,#22C55E,7570001052,,5,
Pune,76190,Polki Necklace Set,MOBILE,91,Maharashtra,Added manually,2024-04-24 01:50:16,Shree Enterprises,214956185,9931638221,,Ankit Verma,51,India,,5368697,,7570001053,True,False,True,True,False,True,False,False,False,True,False,True,True,True,[],0,[],[],2024-05-15 00:57:25,12:57 AM,Can I get a discount?,,,False,[],[],,True,[],True,True,marketplace,#00AEEF,7570001053,0,3,
Mumbai,79913,Diamond Earrings,LANDLINE,91,Maharashtra,Imported from CSV,2025-05-16 19:41:57,,268621740,9019755650,,Priya Gupta,54,India,,5229625,,7570001054,False,False,False,False,False,True,True,True,True,True,False,True,False,True,[],0,[],[],2025-06-10 22:08:11,10:08 PM,Please share price and images,,,False,[],[],,True,[],True,True,ad,#22C55E,7570001054,0,2,
Jaipur,75366,Mangalsutra,LANDLINE,91,Rajasthan,Contact added through Website form,2024-10-10 00:38:48,,251252112,9821109284,9071011683,Sneha Singh,54,India,,5467746,,7570001055,False,False,True,False,False,True,True,True,False,True,False,True,True,True,[],0,[],[],2024-11-05 00:47:03,12:47 AM,Is this available in stock?,,2024-11-05 00:47:03,True,[],[],,False,[],True,True,organic,#FF5733,7570001055,0,1,
Udaipur,74518,Gold Ring,LANDLINE,91,Rajasthan,Contact added through Website form,2024-11-08 10:14:46,,259068945,9051710291,,Deepak Sharma,52,India,,5623002,,7570001056,True,False,False,True,True,True,False,False,False,True,True,True,False,True,[],0,[],[],2024-12-07 11:27:42,11:27 AM,Can I get a discount?,,,True,[],[],,False,[],False,True,marketplace,#22C55E,7570001056,0,2,1755500638
Ahmedabad,77644,Polki Necklace Set,LANDLINE,91,Gujarat,Added via app,2024-06-16 00:04:16,,291917133,9896853225,,Ravi Patel,53,India,,5159501,,7570001057,False,False,False,False,False,True,False,True,True,False,True,True,True,True,[],0,[],[],2024-07-05 20:51:23,8:51 PM,Interested - send more pics,,,True,[],[],,False,[],False,True,marketplace,#FF5733,7570001057,0,3,
Bengaluru,77671,Silver Anklet,MOBILE,91,Karnataka,Contact added through Website form,2024-10-03 21:28:25,,256283521,9692851202,9655005552,Pooja Mishra,52,India,,5276790,,7570001058,True,False,False,False,False,False,False,False,True,True,False,True,False,False,[],0,[],[],2024-10-20 16:52:04,4:52 PM,Interested - send more pics,,2024-10-20 16:52:04,False,[],[],,True,[],False,False,ad,#00AEEF,7570001058,,4,
Delhi,78562,Silver Anklet,MOBILE,91,Delhi,Imported from CSV,2024-12-13 17:22:39,,285038842,9125830845,,Kavita Singh,53,India,,5004386,,7570001059,True,False,True,True,False,True,False,False,False,False,True,False,False,False,[],0,[],[],2025-01-02 09:42:09,9:42 AM,Is this available in stock?,,,True,[],[],,True,[],False,True,referral,#FF5733,7570001059,,4,
Chennai,77906,Kundan Bracelet,LANDLINE,91,Tamil Nadu,Contact added through Website form,2025-03-23 06:02:09,,277323498,9464340648,,Ankit Naik,53,India,,5928878,,7570001060,False,True,False,False,False,True,False,False,False,False,False,True,False,True,[],0,[],[],2025-04-19 00:49:19,12:49 AM,Interested - send more pics,,2025-04-19 00:49:19,False,[],[],,True,[],False,True,referral,#22C55E,7570001060,,0,
Hyderabad,70991,Pearl Necklace,LANDLINE,91,Telangana,Contact added through Website form,2024-05-19 15:13:16,,249283441,9578201438,,Siddharth Sharma,53,India,,5369161,,7570001061,True,False,False,True,False,False,True,False,False,False,False,False,False,True,[],0,[],[],2024-05-26 14:32:00,2:32 PM,Can I get a discount?,,2024-05-26 14:32:00,False,[],[],,True,[],False,True,marketplace,#F4B536,7570001061,0,1,
Hyderabad,73019,Mangalsutra,LANDLINE,91,Telangana,Added manually,2024-03-18 06:24:07,,272427159,9626339731,,Vikram Reddy,53,India,,5980450,,7570001062,False,False,False,False,False,True,True,False,False,False,False,True,True,False,[],0,[],[],2024-03-25 13:12:20,1:12 PM,Can I get a discount?,,,False,[],[],,True,[],False,True,marketplace,#F4B536,7570001062,1,5,
Jaipur,79158,Polki Earrings,LANDLINE,91,Rajasthan,Contact added through Website form,2025-03-18 20:45:50,,290969628,9403815108,,Rahul Bhat,54,India,,5925249,,7570001063,True,False,True,True,False,True,False,False,True,False,False,False,False,True,[],0,[],[],2025-04-16 15:13:04,3:13 PM,Need details about Pearl Necklace,,,True,[],[],,False,[],False,True,organic,#00AEEF,7570001063,1,5,
Mumbai,75176,Polki Necklace Set,LANDLINE,91,Maharashtra,Contact added through Website form,2024-11-03 02:40:09,,284093976,9737210255,,Vikram Agarwal,51,India,,5036240,,7570001064,False,True,False,False,False,True,False,True,True,False,True,True,False,True,[],0,[],[],2024-11-09 21:58:50,9:58 PM,Please share price and images,,,False,[],[],,True,[],False,True,organic,#FF5733,7570001064,,1,
Kolkata,73480,Polki Earrings,MOBILE,91,West Bengal,Contact added through Website form,2024-03-18 18:21:39,,275036915,9240145061,9078014472,Arjun Nair,54,India,,5819292,,7570001065,False,False,False,False,False,True,False,True,True,False,False,False,False,False,[],0,[],[],2024-03-21 10:13:57,10:13 AM,Is this available in stock?,,2024-03-21 10:13:57,True,[],[],,False,[],False,True,marketplace,#00AEEF,7570001065,1,2,
Mumbai,73481,Kundan Bracelet,MOBILE,91,Maharashtra,Added manually,2024-04-26 16:18:10,ABC Traders,214346289,9077488075,,Ankit Verma,51,India,,5139388,,7570001066,True,True,False,False,True,False,True,False,False,False,False,True,False,True,[],0,[],[],2024-04-27 12:03:51,12:03 PM,Need details about Gold Ring,,,True,[],[],,True,[],True,True,organic,#22C55E,7570001066,1,2,
Jaipur,73694,Pearl Necklace,MOBILE,91,Rajasthan,Imported from CSV,2024-07-18 19:46:40,,253278715,9684223826,,Kavita Chopra,51,India,,5909578,,7570001067,True,True,False,True,False,True,False,False,False,False,False,False,True,True,[],0,[],[],2024-07-19 16:45:17,4:45 PM,Need details about Diamond Earrings,,,False,[],[],,False,[],True,True,organic,#22C55E,7570001067,1,0,
Delhi,73948,Polki Necklace Set,LANDLINE,91,Delhi,Added via app,2025-02-15 06:49:35,,227757470,9029229836,,Ankit Rathore,51,India,,5380024,,7570001068,True,True,False,True,False,True,True,False,True,False,False,False,True,True,[],0,[],[],2025-03-07 17:34:30,5:34 PM,Please share price and images,,,False,[],[],,False,[],True,True,ad,#00AEEF,7570001068,,1,
Chennai,73913,Kundan Bracelet,MOBILE,91,Tamil Nadu,Contact added through Website form,2025-01-28 08:12:08,,231742670,9053566541,,Raj Agarwal,51,India,,5590835,,7570001069,True,False,True,True,False,True,False,False,False,False,True,True,False,True,[],0,[],[],2025-02-22 11:06:28,11:06 AM,Need details about Kundan Bracelet,,2025-02-22 11:06:28,False,[],[],,True,[],True,True,referral,#00AEEF,7570001069,0,2,1755414238
Kolkata,74711,Diamond Earrings,MOBILE,91,West Bengal,Contact added through Website form,2024-04-18 23:30:20,,286279567,9062979638,,Karan Kohli,53,India,,5169173,,7570001070,True,False,False,True,True,False,False,True,False,False,True,True,False,False,[],0,[],[],2024-05-17 23:59:58,11:59 PM,Can I get a discount?,,,False,[],[],,True,[],False,False,organic,#22C55E,7570001070,,0,
Bengaluru,73215,Polki Necklace Set,MOBILE,91,Karnataka,Contact added through Website form,2025-03-11 19:35:07,,298431061,9723560549,,Sneha Joshi,54,India,,5633440,,7570001071,True,False,False,False,False,False,False,False,False,False,False,False,True,True,[],0,[],[],2025-04-07 21:49:01,9:49 PM,Interested - send more pics,,,False,[],[],,False,[],True,True,referral,#00AEEF,7570001071,,5,
Hyderabad,70834,Kundan Bracelet,LANDLINE,91,Telangana,Added manually,2024-01-19 15:31:46,Rising Exports,206676058,9674448847,,Anushka Sharma,52,India,,5152198,,7570001072,True,False,True,True,True,True,False,True,True,False,False,True,False,True,[],0,[],[],2024-02-16 22:27:58,10:27 PM,Can I get a discount?,,,False,[],[],,True,[],True,True,marketplace,#F4B536,7570001072,0,2,
Udaipur,77010,Polki Earrings,MOBILE,91,Rajasthan,Added manually,2024-12-09 11:45:36,,201711830,9186251901,,Ravi Nair,52,India,,5175540,,7570001073,False,False,True,True,False,False,False,True,True,False,False,False,False,True,[],0,[],[],2024-12-19 07:17:10,7:17 AM,Interested - send more pics,,2024-12-19 07:17:10,True,[],[],,True,[],True,False,ad,#FF5733,7570001073,,5,
Pune,71692,Gold Ring,MOBILE,91,Maharashtra,Contact added through Website form,2025-07-10 05:57:27,,203529954,9984788927,9954871710,Manish Kapoor,54,India,,5797798,,7570001074,False,False,False,True,False,False,False,False,False,False,False,False,True,True,[],0,[],[],2025-08-07 15:34:54,3:34 PM,Need details about Silver Anklet,,,True,[],[],,True,[],False,True,ad,#00AEEF,7570001074,0,3,
Pune,72795,Diamond Earrings,LANDLINE,91,Maharashtra,Added via app,2025-06-17 12:32:14,,269074008,9128640738,,Amit Naik,52,India,,5452911,,7570001075,False,False,False,True,True,True,False,True,False,False,False,True,True,True,[],0,[],[],2025-07-03 18:46:42,6:46 PM,Need details about Kundan Bracelet,,,False,[],[],,True,[],True,True,ad,#F4B536,7570001075,,0,
Udaipur,71713,Gold Ring,MOBILE,91,Rajasthan,Added via app,2025-02-15 21:34:16,,299001950,9684345729,,Karan Kohli,54,India,,5451690,,7570001076,False,True,False,False,False,False,False,False,False,False,False,True,True,True,[],0,[],[],2025-02-22 19:23:11,7:23 PM,Interested - send more pics,,,False,[],[],,False,[],True,True,referral,#FF5733,7570001076,0,5,
Kolkata,78115,Mangalsutra,MOBILE,91,West Bengal,Imported from CSV,2025-04-17 22:45:11,,256990273,9337652919,,Vikram Rathore,52,India,,5637831,,7570001077,False,False,False,True,False,True,False,True,True,False,False,False,False,True,[],0,[],[],2025-04-25 21:14:35,9:14 PM,Need details about Polki Earrings,,,False,[],[],,True,[],True,False,marketplace,#FF5733,7570001077,,4,
Ahmedabad,76302,Gold Ring,LANDLINE,91,Gujarat,Contact added through Website form,2025-03-17 01:12:56,,293304104,9092180288,,Deepak Joshi,53,India,,5573895,,7570001078,True,False,False,False,False,False,False,False,False,False,True,True,True,True,[],0,[],[],2025-04-03 05:54:52,5:54 AM,Is this available in stock?,,2025-04-03 05:54:52,True,[],[],,False,[],False,False,organic,#22C55E,7570001078,0,5,
Jaipur,71071,Pearl Necklace,MOBILE,91,Rajasthan,Added via app,2024-06-23 00:54:59,,214583148,9308110424,,Sneha Agarwal,53,India,,5776414,,7570001079,False,False,False,True,False,True,False,True,False,True,False,True,True,True,[],0,[],[],2024-07-14 15:39:06,3:39 PM,Is this available in stock?,,,True,[],[],,True,[],False,True,referral,#FF5733,7570001079,0,1,
Bengaluru,78962,Polki Necklace Set,LANDLINE,91,Karnataka,Contact added through Website form,2024-04-16 14:43:51,,289643450,9508870403,,Rahul Patel,51,India,,5383682,,7570001080,False,False,False,False,False,False,True,False,True,False,False,True,False,True,[],0,[],[],2024-05-04 17:54:57,5:54 PM,Can I get a discount?,,,True,[],[],,False,[],False,True,organic,#F4B536,7570001080,0,3,
Pune,73300,Gold Ring,MOBILE,91,Maharashtra,Added manually,2024-01-07 23:39:48,,269806370,9007423540,,Sneha Gupta,54,India,,5780587,,7570001081,True,False,True,True,True,True,True,False,True,True,False,True,False,True,[],0,[],[],2024-01-19 02:42:39,2:42 AM,Please share price and images,,,True,[],[],,True,[],False,True,referral,#FF5733,7570001081,0,0,
Delhi,76513,Pearl Necklace,LANDLINE,91,Delhi,Added manually,2024-09-01 08:53:47,,265321395,9438182265,,Kavita Singh,54,India,,5066542,,7570001082,True,False,True,True,False,True,False,True,True,False,True,True,False,True,[],0,[],[],2024-09-25 19:42:01,7:42 PM,Can I get a discount?,,,True,[],[],,True,[],False,True,ad,#22C55E,7570001082,0,2,
Hyderabad,75389,Mangalsutra,LANDLINE,91,Telangana,Imported from CSV,2025-07-23 05:39:10,,285121244,9239758507,9062130222,Rohit Mishra,52,India,,5594882,,7570001083,True,False,True,True,False,True,False,False,False,False,True,False,False,False,[],0,[],[],2025-08-01 03:50:15,3:50 AM,Need details about Kundan Bracelet,,,False,[],[],,False,[],False,True,organic,#00AEEF,7570001083,0,3,
Bengaluru,71269,Kundan Bracelet,LANDLINE,91,Karnataka,Imported from CSV,2024-10-28 15:55:47,,220188465,9952812771,9274151274,Rahul Singh,54,India,,5588628,,7570001084,False,False,True,False,False,True,False,False,True,False,False,True,False,True,[],0,[],[],2024-11-02 18:29:19,6:29 PM,Need details about Mangalsutra,,,True,[],[],,True,[],False,True,referral,#F4B536,7570001084,0,1,
Pune,79537,Kundan Bracelet,LANDLINE,91,Maharashtra,Added manually,2024-03-17 15:01:57,Golden Jewels,206608475,9386261188,9313293710,Raj Khan,52,India,,5447368,,7570001085,False,False,True,False,False,True,False,False,False,False,False,True,False,False,[],0,[],[],2024-04-15 10:42:02,10:42 AM,Please share price and images,,,False,[],[],,True,[],False,True,ad,#22C55E,7570001085,2,4,
Mumbai,73114,Silver Anklet,LANDLINE,91,Maharashtra,Added manually,2024-05-13 09:46:55,,283143612,9405154731,,Isha Naik,52,India,,5929760,,7570001086,False,False,False,False,True,False,True,True,True,False,False,True,True,True,[],0,[],[],2024-05-26 08:50:05,8:50 AM,Is this available in stock?,,,True,[],[],,False,[],True,False,referral,#F4B536,7570001086,,2,
Hyderabad,70157,Pearl Necklace,MOBILE,91,Telangana,Added manually,2024-05-03 00:33:09,Golden Jewels,268787591,9402999696,,Raj Mishra,52,India,,5766667,,7570001087,True,False,False,False,True,True,False,False,False,True,False,True,False,True,[],0,[],[],2024-05-28 11:04:03,11:04 AM,Can I get a discount?,,,False,[],[],,False,[],False,False,referral,#22C55E,7570001087,0,3,
Jaipur,70176,Pearl Necklace,MOBILE,91,Rajasthan,Added via app,2024-01-04 12:24:39,,292004374,9715440776,,Sneha Khan,54,India,,5950625,,7570001088,True,False,False,True,False,True,True,False,True,False,False,False,False,True,[],0,[],[],2024-01-23 15:47:49,3:47 PM,Please share price and images,,2024-01-23 15:47:49,False,[],[],,False,[],False,False,organic,#F4B536,7570001088,0,0,
Pune,77398,Diamond Earrings,LANDLINE,91,Maharashtra,Contact added through Website form,2024-09-26 14:18:57,,244042299,9356911552,9388628983,Rohit Kapoor,52,India,,5480426,,7570001089,False,False,False,True,False,True,True,True,False,False,True,False,True,True,[],0,[],[],2024-09-27 09:46:32,9:46 AM,Is this available in stock?,,,True,[],[],,False,[],False,False,referral,#00AEEF,7570001089,0,3,
Pune,73950,Kundan Bracelet,MOBILE,91,Maharashtra,Imported from CSV,2024-08-01 00:48:06,,260422800,9060691320,9169828997,Siddharth Patel,52,India,,5642216,,7570001090,False,False,False,True,True,False,True,False,False,False,False,True,True,True,[],0,[],[],2024-08-30 04:37:18,4:37 AM,Is this available in stock?,,,False,[],[],,False,[],False,True,marketplace,#F4B536,7570001090,0,5,
Udaipur,74666,Kundan Bracelet,MOBILE,91,Rajasthan,Imported from CSV,2025-05-09 13:49:20,,213293407,9428353874,,Anushka Patel,54,India,,5247614,,7570001091,True,False,True,True,False,False,False,False,True,False,True,True,False,True,[],0,[],[],2025-06-02 04:45:54,4:45 AM,Need details about Polki Earrings,,,False,[],[],,False,[],True,True,ad,#22C55E,7570001091,2,4,1755587038
Bengaluru,71983,Polki Necklace Set,LANDLINE,91,Karnataka,Added manually,2024-10-03 19:52:32,,231614577,9417312875,,Siddharth Naik,51,India,,5707884,,7570001092,True,False,False,True,False,True,True,False,False,False,False,False,True,True,[],0,[],[],2024-10-29 02:46:31,2:46 AM,Can I get a discount?,,2024-10-29 02:46:31,False,[],[],,False,[],False,True,ad,#22C55E,7570001092,3,3,
Pune,75473,Gold Ring,MOBILE,91,Maharashtra,Contact added through Website form,2025-07-16 17:18:12,Shree Enterprises,233896002,9888214955,,Priya Verma,51,India,,5482415,,7570001093,False,False,False,True,False,False,False,True,True,True,False,True,False,True,[],0,[],[],2025-07-30 04:20:28,4:20 AM,Need details about Pearl Necklace,,,False,[],[],,False,[],True,True,ad,#FF5733,7570001093,0,0,1755759838
Kolkata,77403,Gold Ring,LANDLINE,91,West Bengal,Imported from CSV,2024-11-07 14:21:36,,282135579,9513402850,,Kavita Chopra,54,India,,5975520,,7570001094,True,False,True,False,False,True,False,True,True,False,False,True,False,True,[],0,[],[],2024-11-19 11:36:18,11:36 AM,Please share price and images,,,False,[],[],,False,[],True,True,referral,#22C55E,7570001094,0,0,
Ahmedabad,77413,Gold Ring,MOBILE,91,Gujarat,Contact added through Website form,2024-10-31 09:47:41,,204068828,9335868458,,Neha Naik,54,India,,5815511,,7570001095,True,True,True,False,False,False,False,False,True,False,False,True,False,False,[],0,[],[],2024-11-12 11:15:10,11:15 AM,Please share price and images,,2024-11-12 11:15:10,False,[],[],,False,[],False,False,marketplace,#F4B536,7570001095,0,2,
Mumbai,73579,Pearl Necklace,LANDLINE,91,Maharashtra,Added via app,2024-11-03 00:31:51,,225252222,9843568350,9142842950,Priya Mishra,52,India,,5093820,,7570001096,False,False,True,False,False,False,False,False,True,False,False,False,False,True,[],0,[],[],2024-11-16 05:52:51,5:52 AM,Need details about Diamond Earrings,,2024-11-16 05:52:51,False,[],[],,False,[],False,False,marketplace,#22C55E,7570001096,2,0,
Chennai,70869,Pearl Necklace,MOBILE,91,Tamil Nadu,Imported from CSV,2024-08-06 02:49:59,,298161164,9302088614,,Kavita Naik,53,India,,5434548,,7570001097,True,False,False,True,False,True,False,False,False,True,True,True,False,True,[],0,[],[],2024-09-01 01:43:39,1:43 AM,Interested - send more pics,,2024-09-01 01:43:39,False,[],[],,False,[],False,True,marketplace,#00AEEF,7570001097,0,2,
Pune,78405,Polki Earrings,MOBILE,91,Maharashtra,Added via app,2024-04-27 10:55:31,,282899883,9757375376,9964417357,Rahul Singh,54,India,,5181283,,7570001098,False,True,False,True,False,True,False,False,False,False,False,True,False,True,[],0,[],[],2024-05-07 15:46:31,3:46 PM,Please share price and images,,,False,[],[],,True,[],False,True,ad,#00AEEF,7570001098,0,2,
Bengaluru,76843,Gold Ring,LANDLINE,91,Karnataka,Added manually,2025-02-15 22:27:28,,295618950,9083837615,,Anushka Chopra,54,India,,5368387,,7570001099,False,False,True,False,True,False,False,False,False,False,False,True,False,True,[],0,[],[],2025-02-17 01:21:07,1:21 AM,Interested - send more pics,,2025-02-17 01:21:07,False,[],[],,False,[],False,True,organic,#FF5733,7570001099,,5,
Pune,75815,Kundan Bracelet,LANDLINE,91,Maharashtra,Imported from CSV,2024-01-16 12:27:41,Golden Jewels,206419793,9601511131,,Ankit Patel,54,India,,5495109,,7570001100,True,False,False,False,False,True,False,False,True,True,False,True,False,True,[],0,[],[],2024-01-25 16:36:11,4:36 PM,Please share price and images,,,False,[],[],,True,[],False,True,ad,#FF5733,7570001100,,4,
Jaipur,70483,Pearl Necklace,MOBILE,91,Rajasthan,Contact added through Website form,2025-07-06 18:22:16,,277625178,9376994557,,Pooja Mehta,53,India,,5715169,,7570001101,True,False,False,True,False,True,False,True,False,False,False,False,False,True,[],0,[],[],2025-07-31 10:46:24,10:46 AM,Please share price and images,,,False,[],[],,True,[],False,False,marketplace,#22C55E,7570001101,3,2,
Ahmedabad,71628,Polki Necklace Set,MOBILE,91,Gujarat,Contact added through Website form,2024-12-31 18:56:50,,271711273,9685975128,,Ankit Kumar,52,India,,5846445,,7570001102,False,False,False,True,False,False,True,True,False,False,False,False,False,False,[],0,[],[],2025-01-22 17:33:50,5:33 PM,Need details about Diamond Earrings,,2025-01-22 17:33:50,False,[],[],,False,[],True,True,marketplace,#FF5733,7570001102,0,2,
Jaipur,78870,Pearl Necklace,MOBILE,91,Rajasthan,Contact added through Website form,2024-05-03 02:27:36,,287606853,9804232608,,Deepak Nair,53,India,,5654461,,7570001103,False,True,False,True,False,True,False,False,False,False,True,False,False,False,[],0,[],[],2024-05-11 21:11:37,9:11 PM,Is this available in stock?,,,False,[],[],,False,[],True,True,organic,#FF5733,7570001103,0,0,
Udaipur,71232,Polki Necklace Set,MOBILE,91,Rajasthan,Added manually,2025-06-21 08:03:13,,298852776,9085957208,,Ankit Sharma,54,India,,5405019,,7570001104,False,False,True,True,True,False,True,False,True,False,False,True,True,False,[],0,[],[],2025-06-29 23:59:25,11:59 PM,Can I get a discount?,,,False,[],[],,False,[],False,True,organic,#22C55E,7570001104,,0,
Kolkata,77441,Gold Ring,MOBILE,91,West Bengal,Contact added through Website form,2025-06-28 22:31:15,,286422190,9527683850,9567325955,Siddharth Verma,51,India,,5248404,,7570001105,False,True,False,True,True,False,True,False,False,False,False,True,False,True,[],0,[],[],2025-07-06 22:12:03,10:12 PM,Interested - send more pics,,,False,[],[],,False,[],False,True,organic,#FF5733,7570001105,,0,1755241438
Chennai,79651,Pearl Necklace,LANDLINE,91,Tamil Nadu,Added manually,2024-03-26 00:45:17,,297699070,9300116409,9647684891,Siddharth Bhat,52,India,,5966103,,7570001106,True,False,False,False,False,False,True,True,False,True,False,True,False,True,[],0,[],[],2024-04-23 08:07:30,8:07 AM,Need details about Polki Necklace Set,,2024-04-23 08:07:30,False,[],[],,False,[],False,False,marketplace,#00AEEF,7570001106,1,4,
Bengaluru,71464,Kundan Bracelet,LANDLINE,91,Karnataka,Imported from CSV,2024-03-23 03:47:24,,256960271,9568013261,,Manish Agarwal,52,India,,5221059,,7570001107,True,False,True,True,False,True,False,True,False,True,True,True,True,True,[],0,[],[],2024-04-15 00:40:02,12:40 AM,Please share price and images,,,True,[],[],,True,[],False,False,marketplace,#22C55E,7570001107,,1,
Ahmedabad,71753,Mangalsutra,MOBILE,91,Gujarat,Added via app,2025-08-01 19:19:33,,294270221,9554622382,,Ravi Gupta,53,India,,5424326,,7570001108,False,False,True,True,True,True,True,False,True,False,False,True,False,True,[],0,[],[],2025-08-06 09:43:13,9:43 AM,Can I get a discount?,,,False,[],[],,True,[],False,False,ad,#00AEEF,7570001108,0,5,1755327838
Pune,75499,Mangalsutra,LANDLINE,91,Maharashtra,Added manually,2024-07-09 12:28:50,Golden Jewels,225693363,9501022486,,Raj Khan,53,India,,5666681,,7570001109,False,False,True,False,False,True,False,False,False,True,True,True,False,True,[],0,[],[],2024-07-17 21:20:04,9:20 PM,Need details about Silver Anklet,,,True,[],[],,False,[],False,True,marketplace,#FF5733,7570001109,0,2,
Ahmedabad,78049,Kundan Bracelet,MOBILE,91,Gujarat,Added via app,2024-03-18 03:19:48,,220259794,9770658994,,Rahul Kohli,52,India,,5353148,,7570001110,False,False,False,True,False,True,False,False,False,False,False,True,False,True,[],0,[],[],2024-04-04 16:23:21,4:23 PM,Need details about Silver Anklet,,,True,[],[],,False,[],True,False,ad,#22C55E,7570001110,2,5,
Udaipur,78557,Polki Earrings,MOBILE,91,Rajasthan,Added manually,2024-09-11 10:21:13,,266944368,9660932261,,Raj Joshi,52,India,,5464441,,7570001111,False,False,True,True,False,False,False,False,True,True,False,True,False,False,[],0,[],[],2024-10-05 02:01:53,2:01 AM,Interested - send more pics,,,True,[],[],,True,[],False,True,marketplace,#FF5733,7570001111,2,1,
Hyderabad,75114,Diamond Earrings,LANDLINE,91,Telangana,Contact added through Website form,2024-05-23 15:56:59,,246768083,9565017449,9405473997,Deepak Verma,54,India,,5277676,,7570001112,False,False,False,True,False,True,False,False,False,False,False,False,False,False,[],0,[],[],2024-06-15 19:26:04,7:26 PM,Please share price and images,,,False,[],[],,True,[],False,True,marketplace,#FF5733,7570001112,,1,
Ahmedabad,71709,Silver Anklet,MOBILE,91,Gujarat,Contact added through Website form,2025-07-20 10:48:57,,233223828,9738384374,,Anushka Singh,54,India,,5389615,,7570001113,False,True,False,True,False,False,False,False,False,False,False,True,False,False,[],0,[],[],2025-08-05 08:37:07,8:37 AM,Is this available in stock?,,,True,[],[],,False,[],False,True,ad,#00AEEF,7570001113,,2,
Mumbai,74196,Kundan Bracelet,LANDLINE,91,Maharashtra,Imported from CSV,2025-07-08 19:32:33,,248628139,9308096939,9862723467,Isha Kumar,54,India,,5132957,,7570001114,False,False,False,True,False,True,True,True,True,True,True,False,False,True,[],0,[],[],2025-07-14 13:50:03,1:50 PM,Interested - send more pics,,,True,[],[],,True,[],True,True,ad,#00AEEF,7570001114,0,3,
Udaipur,71622,Silver Anklet,MOBILE,91,Rajasthan,Contact added through Website form,2025-03-29 17:50:04,ABC Traders,218074915,9509840402,,Pooja Khan,54,India,,5480966,,7570001115,False,False,False,False,True,True,True,False,True,True,False,True,False,True,[],0,[],[],2025-04-03 20:17:48,8:17 PM,Please share price and images,,,False,[],[],,False,[],False,True,referral,#F4B536,7570001115,3,2,
Ahmedabad,76894,Kundan Bracelet,LANDLINE,91,Gujarat,Added via app,2024-11-22 20:12:37,,233800065,9136094532,9687146966,Deepak Reddy,54,India,,5337591,,7570001116,True,True,False,True,True,True,False,True,True,True,False,True,True,True,[],0,[],[],2024-12-14 19:36:13,7:36 PM,Can I get a discount?,,,False,[],[],,True,[],False,False,ad,#FF5733,7570001116,,1,
Ahmedabad,71155,Pearl Necklace,LANDLINE,91,Gujarat,Added manually,2025-03-10 20:47:35,,208242865,9582390373,,Ankit Sharma,53,India,,5900416,,7570001117,True,False,False,True,True,False,True,False,False,True,False,True,False,False,[],0,[],[],2025-03-19 02:55:18,2:55 AM,Is this available in stock?,,,False,[],[],,True,[],False,True,ad,#00AEEF,7570001117,1,1,
Hyderabad,79545,Diamond Earrings,MOBILE,91,Telangana,Imported from CSV,2024-10-02 22:25:09,,285469147,9580474030,,Siddharth Mehta,53,India,,5859868,,7570001118,True,False,False,True,False,True,False,True,False,False,True,False,False,True,[],0,[],[],2024-10-18 15:40:44,3:40 PM,Is this available in stock?,,2024-10-18 15:40:44,True,[],[],,True,[],False,True,referral,#F4B536,7570001118,,2,1755759838
Kolkata,77667,Silver Anklet,LANDLINE,91,West Bengal,Contact added through Website form,2024-02-13 06:48:43,ABC Traders,276007755,9673469412,,Pooja Singh,54,India,,5343666,,7570001119,False,False,False,False,False,False,False,False,True,False,False,False,True,True,[],0,[],[],2024-03-06 19:38:45,7:38 PM,Interested - send more pics,,,False,[],[],,True,[],True,True,organic,#F4B536,7570001119,0,4,
Pune,78154,Diamond Earrings,LANDLINE,91,Maharashtra,Added via app,2024-11-25 16:15:05,Rising Exports,238282197,9225830880,9706088340,Amit Singh,54,India,,5906036,,7570001120,False,False,False,True,True,True,False,True,True,False,False,True,False,False,[],0,[],[],2024-12-11 06:50:16,6:50 AM,Interested - send more pics,,,False,[],[],,False,[],False,True,organic,#FF5733,7570001120,1,5,1755414238
Udaipur,76441,Pearl Necklace,MOBILE,91,Rajasthan,Added via app,2024-10-02 15:28:21,,287359172,9970820937,,Ravi Naik,54,India,,5470257,,7570001121,False,False,True,True,False,False,False,False,True,True,True,True,True,True,[],0,[],[],2024-10-05 02:26:45,2:26 AM,Is this available in stock?,,2024-10-05 02:26:45,False,[],[],,False,[],False,True,organic,#F4B536,7570001121,0,4,1755155038
Mumbai,73190,Diamond Earrings,LANDLINE,91,Maharashtra,Added manually,2024-12-18 16:37:38,,202068302,9838576824,9511887988,Rahul Gupta,54,India,,5331383,,7570001122,False,False,True,False,False,True,False,False,False,False,False,False,False,True,[],0,[],[],2024-12-30 18:57:26,6:57 PM,Can I get a discount?,,,False,[],[],,True,[],True,True,organic,#F4B536,7570001122,3,1,
Kolkata,74342,Polki Earrings,LANDLINE,91,West Bengal,Added via app,2025-03-31 22:38:08,,245710787,9267711913,,Anushka Jain,53,India,,5889727,,7570001123,False,False,True,False,False,True,True,False,True,False,False,True,True,True,[],0,[],[],2025-04-25 16:29:48,4:29 PM,Interested - send more pics,,,True,[],[],,True,[],False,True,marketplace,#00AEEF,7570001123,1,2,
Pune,74577,Gold Ring,LANDLINE,91,Maharashtra,Added manually,2024-04-15 06:57:08,,221948898,9617258154,,Anushka Chopra,51,India,,5186818,,7570001124,True,False,False,True,False,True,False,True,False,True,True,True,False,True,[],0,[],[],2024-04-27 05:44:19,5:44 AM,Can I get a discount?,,2024-04-27 05:44:19,False,[],[],,True,[],False,False,referral,#22C55E,7570001124,0,5,
Bengaluru,77863,Gold Ring,LANDLINE,91,Karnataka,Added manually,2024-08-05 18:24:35,,252403388,9554887715,,Manish Mehta,53,India,,5731111,,7570001125,False,False,True,True,False,True,False,True,False,True,True,True,True,True,[],0,[],[],2024-08-26 01:18:44,1:18 AM,Need details about Kundan Bracelet,,2024-08-26 01:18:44,False,[],[],,True,[],False,False,marketplace,#00AEEF,7570001125,3,0,
Chennai,76018,Gold Ring,MOBILE,91,Tamil Nadu,Contact added through Website form,2024-11-24 13:37:44,,272175893,9474406071,,Isha Kohli,52,India,,5799557,,7570001126,True,True,False,False,False,True,False,True,True,True,False,True,False,True,[],0,[],[],2024-12-22 00:13:37,12:13 AM,Is this available in stock?,,2024-12-22 00:13:37,False,[],[],,True,[],False,True,ad,#00AEEF,7570001126,0,0,
Jaipur,76278,Mangalsutra,MOBILE,91,Rajasthan,Imported from CSV,2024-07-31 12:07:19,,224043664,9751031417,,Arjun Singh,51,India,,5850353,,7570001127,True,True,False,False,True,True,False,True,True,False,True,True,False,True,[],0,[],[],2024-08-05 11:45:27,11:45 AM,Please share price and images,,2024-08-05 11:45:27,True,[],[],,False,[],False,False,organic,#FF5733,7570001127,1,2,
Delhi,76007,Diamond Earrings,LANDLINE,91,Delhi,Imported from CSV,2024-07-02 21:34:09,,253429311,9079281372,9685388322,Siddharth Mehta,51,India,,5291223,,7570001128,True,False,True,True,False,True,True,False,False,False,False,True,False,True,[],0,[],[],2024-07-29 11:11:59,11:11 AM,Is this available in stock?,,,True,[],[],,True,[],True,False,referral,#22C55E,7570001128,,5,
Udaipur,75235,Polki Necklace Set,MOBILE,91,Rajasthan,Added via app,2024-08-30 01:39:18,,297210653,9386755494,9962701342,Kavita Jain,52,India,,5978115,,7570001129,False,False,True,False,True,True,False,True,False,False,False,True,False,True,[],0,[],[],2024-09-18 18:13:14,6:13 PM,Can I get a discount?,,2024-09-18 18:13:14,False,[],[],,True,[],False,True,ad,#00AEEF,7570001129,,0,1755759838
Bengaluru,78681,Polki Necklace Set,LANDLINE,91,Karnataka,Imported from CSV,2024-12-19 13:05:29,,252284317,9601881842,,Deepak Bhat,54,India,,5608015,,7570001130,False,True,False,False,False,False,True,True,False,False,True,False,False,True,[],0,[],[],2025-01-12 06:02:18,6:02 AM,Please share price and images,,,True,[],[],,True,[],False,False,marketplace,#22C55E,7570001130,,5,1755155038
Mumbai,74742,Gold Ring,MOBILE,91,Maharashtra,Added manually,2024-03-03 14:32:16,Shree Enterprises,224384883,9270644642,,Kavita Mehta,51,India,,5044177,,7570001131,False,False,False,True,True,False,False,False,True,False,False,True,True,False,[],0,[],[],2024-03-15 05:05:03,5:05 AM,Is this available in stock?,,,True,[],[],,False,[],True,True,ad,#00AEEF,7570001131,0,5,1755327838
Bengaluru,79742,Polki Necklace Set,MOBILE,91,Karnataka,Imported from CSV,2024-06-01 08:25:35,,220964740,9308425613,,Sneha Gupta,52,India,,5179106,,7570001132,False,False,False,True,False,True,True,False,False,False,False,True,False,True,[],0,[],[],2024-06-07 17:38:10,5:38 PM,Can I get a discount?,,,True,[],[],,True,[],False,True,referral,#22C55E,7570001132,,5,
Udaipur,78804,Kundan Bracelet,MOBILE,91,Rajasthan,Added manually,2025-01-06 07:50:50,,280004656,9487808336,,Siddharth Kohli,51,India,,5910374,,7570001133,True,False,False,True,False,False,True,True,False,False,False,True,True,True,[],0,[],[],2025-01-24 13:52:37,1:52 PM,Can I get a discount?,,,True,[],[],,False,[],True,True,ad,#00AEEF,7570001133,,0,
Pune,77711,Polki Earrings,LANDLINE,91,Maharashtra,Imported from CSV,2025-07-10 06:38:15,,294985012,9928741430,,Manish Khan,52,India,,5472355,,7570001134,True,False,True,True,False,True,False,False,True,False,False,True,True,True,[],0,[],[],2025-07-24 21:00:26,9:00 PM,Can I get a discount?,,,False,[],[],,True,[],False,True,organic,#00AEEF,7570001134,,1,
Chennai,72628,Kundan Bracelet,MOBILE,91,Tamil Nadu,Added via app,2025-01-13 14:07:18,,224900734,9166264733,,Kavita Kohli,54,India,,5618935,,7570001135,True,False,False,True,False,True,False,False,False,True,False,True,False,True,[],0,[],[],2025-02-04 01:59:31,1:59 AM,Interested - send more pics,,2025-02-04 01:59:31,True,[],[],,False,[],True,True,referral,#00AEEF,7570001135,0,5,
Chennai,70969,Polki Necklace Set,LANDLINE,91,Tamil Nadu,Contact added through Website form,2025-05-03 04:42:02,,268285537,9198819920,,Anushka Naik,51,India,,5733283,,7570001136,False,False,False,True,False,False,False,False,True,True,True,False,False,False,[],0,[],[],2025-05-14 02:50:19,2:50 AM,Can I get a discount?,,,True,[],[],,True,[],False,False,ad,#FF5733,7570001136,,1,
Chennai,72132,Silver Anklet,LANDLINE,91,Tamil Nadu,Imported from CSV,2024-09-27 22:47:18,,290930827,9396192172,9681976398,Amit Kumar,51,India,,5716357,,7570001137,False,False,False,True,True,True,False,False,True,True,False,True,False,True,[],0,[],[],2024-10-02 23:08:44,11:08 PM,Need details about Pearl Necklace,,2024-10-02 23:08:44,False,[],[],,False,[],True,False,referral,#FF5733,7570001137,0,0,1755155038
Chennai,74434,Polki Necklace Set,MOBILE,91,Tamil Nadu,Added manually,2025-02-21 23:04:49,,297505021,9241507173,,Amit Agarwal,52,India,,5768085,,7570001138,True,True,True,True,False,True,False,False,True,True,False,True,False,True,[],0,[],[],2025-02-25 05:19:06,5:19 AM,Is this available in stock?,,,True,[],[],,True,[],False,False,marketplace,#00AEEF,7570001138,0,2,
Kolkata,77181,Pearl Necklace,MOBILE,91,West Bengal,Added manually,2024-10-15 05:56:47,,287312082,9717242849,,Maya Verma,51,India,,5656480,,7570001139,True,True,True,False,False,True,True,False,False,True,False,True,True,True,[],0,[],[],2024-11-08 19:47:07,7:47 PM,Please share price and images,,,True,[],[],,True,[],False,False,organic,#F4B536,7570001139,,3,
Mumbai,73151,Mangalsutra,LANDLINE,91,Maharashtra,Contact added through Website form,2025-08-06 06:17:53,ABC Traders,292303349,9785941837,9315076999,Rahul Bhat,52,India,,5074854,,7570001140,True,False,True,False,False,True,True,False,False,False,False,True,False,True,[],0,[],[],2025-08-07 18:08:39,6:08 PM,Need details about Silver Anklet,,,True,[],[],,False,[],False,False,organic,#00AEEF,7570001140,,2,
Chennai,71179,Diamond Earrings,MOBILE,91,Tamil Nadu,Added via app,2024-05-03 09:40:43,,244577907,9022569590,,Karan Reddy,54,India,,5422720,,7570001141,True,False,True,True,True,True,False,False,False,False,False,True,False,False,[],0,[],[],2024-05-09 18:59:31,6:59 PM,Need details about Polki Earrings,,2024-05-09 18:59:31,True,[],[],,True,[],False,False,organic,#00AEEF,7570001141,,3,1755587038
Chennai,73529,Pearl Necklace,MOBILE,91,Tamil Nadu,Added via app,2024-07-23 18:10:39,,216305618,9750293735,,Kavita Chopra,53,India,,5890616,,7570001142,True,False,True,True,True,True,False,False,True,False,False,True,False,True,[],0,[],[],2024-07-27 08:50:18,8:50 AM,Need details about Gold Ring,,,True,[],[],,True,[],False,True,referral,#F4B536,7570001142,,1,
Hyderabad,71872,Pearl Necklace,LANDLINE,91,Telangana,Contact added through Website form,2024-04-23 21:22:49,,222111144,9771858561,9484977118,Manish Mishra,53,India,,5875180,,7570001143,False,False,False,False,False,True,False,True,True,False,False,False,False,False,[],0,[],[],2024-04-30 11:30:08,11:30 AM,Is this available in stock?,,,False,[],[],,True,[],False,False,marketplace,#00AEEF,7570001143,1,5,
Chennai,71148,Mangalsutra,LANDLINE,91,Tamil Nadu,Added manually,2025-04-24 05:24:12,,222959320,9687777717,9750372528,Priya Verma,52,India,,5592997,,7570001144,False,False,False,True,True,False,True,False,False,False,False,True,False,True,[],0,[],[],2025-05-07 09:14:44,9:14 AM,Is this available in stock?,,,True,[],[],,False,[],False,True,ad,#F4B536,7570001144,0,1,
Kolkata,71374,Gold Ring,MOBILE,91,West Bengal,Added manually,2024-03-25 16:14:46,,295358652,9690342989,,Rohit Agarwal,54,India,,5406192,,7570001145,False,False,True,True,True,True,False,True,True,True,True,True,False,False,[],0,[],[],2024-04-02 00:12:29,12:12 AM,Can I get a discount?,,,True,[],[],,False,[],True,True,marketplace,#FF5733,7570001145,2,4,1755241438
Pune,75676,Polki Necklace Set,MOBILE,91,Maharashtra,Contact added through Website form,2025-05-20 15:35:26,,205911448,9419879802,9690166436,Ankit Naik,51,India,,5410127,,7570001146,True,True,False,False,False,True,False,True,False,False,False,False,False,True,[],0,[],[],2025-05-21 01:35:43,1:35 AM,Need details about Polki Earrings,,,False,[],[],,True,[],False,True,marketplace,#F4B536,7570001146,0,5,
Pune,79994,Kundan Bracelet,LANDLINE,91,Maharashtra,Added manually,2024-04-30 22:57:00,,205678594,9428346032,,Kavita Mishra,51,India,,5461601,,7570001147,True,True,False,True,False,True,False,True,True,False,False,False,False,True,[],0,[],[],2024-05-25 11:01:48,11:01 AM,Need details about Polki Necklace Set,,2024-05-25 11:01:48,False,[],[],,False,[],False,True,organic,#00AEEF,7570001147,2,0,1755414238
Pune,75279,Mangalsutra,LANDLINE,91,Maharashtra,Added via app,2025-07-26 14:19:58,,207038002,9578081348,,Sneha Kumar,54,India,,5750977,,7570001148,False,False,False,False,False,True,False,False,False,True,False,False,True,False,[],0,[],[],2025-07-28 08:01:03,8:01 AM,Need details about Pearl Necklace,,,True,[],[],,True,[],False,True,organic,#F4B536,7570001148,,1,
Udaipur,71895,Mangalsutra,MOBILE,91,Rajasthan,Contact added through Website form,2024-01-06 18:18:20,,200410603,9680765884,,Isha Singh,53,India,,5261177,,7570001149,False,True,False,True,True,True,True,False,False,False,False,False,False,True,[],0,[],[],2024-01-14 03:39:41,3:39 AM,Is this available in stock?,,,False,[],[],,True,[],False,True,marketplace,#F4B536,7570001149,,1,
Mumbai,77638,Polki Necklace Set,MOBILE,91,Maharashtra,Added manually,2025-03-17 03:48:37,,292585785,9946552684,,Sneha Gupta,52,India,,5880871,,7570001150,False,False,False,False,False,True,False,False,False,True,False,False,False,False,[],0,[],[],2025-03-18 01:32:38,1:32 AM,Interested - send more pics,,,False,[],[],,False,[],True,True,organic,#F4B536,7570001150,2,2,
Hyderabad,77223,Pearl Necklace,MOBILE,91,Telangana,Added manually,2024-11-06 09:17:05,,255112422,9842775046,,Isha Kohli,51,India,,5088351,,7570001151,False,False,False,False,False,True,False,False,False,False,True,True,False,False,[],0,[],[],2024-11-17 06:05:51,6:05 AM,Is this available in stock?,,,True,[],[],,True,[],True,False,ad,#22C55E,7570001151,1,5,
Delhi,74839,Polki Necklace Set,LANDLINE,91,Delhi,Contact added through Website form,2024-03-12 05:48:45,,253619269,9707040386,,Vikram Kumar,54,India,,5759635,,7570001152,False,False,False,False,False,True,False,False,False,False,False,True,True,True,[],0,[],[],2024-03-17 15:33:29,3:33 PM,Need details about Polki Earrings,,,False,[],[],,True,[],False,True,referral,#F4B536,7570001152,0,3,
Kolkata,73172,Gold Ring,LANDLINE,91,West Bengal,Added via app,2024-09-16 13:43:35,,270733475,9971911642,,Deepak Khan,54,India,,5926501,,7570001153,True,False,False,False,False,True,False,False,True,False,False,True,False,True,[],0,[],[],2024-10-05 12:10:15,12:10 PM,Interested - send more pics,,,True,[],[],,True,[],True,False,marketplace,#22C55E,7570001153,0,4,1755068638
Hyderabad,73701,Polki Earrings,MOBILE,91,Telangana,Imported from CSV,2024-07-02 22:04:13,,232044196,9297589429,9075633670,Anushka Verma,54,India,,5975074,,7570001154,False,False,False,False,False,False,True,False,False,False,False,True,True,True,[],0,[],[],2024-07-28 13:01:03,1:01 PM,Need details about Polki Necklace Set,,,False,[],[],,False,[],False,False,referral,#F4B536,7570001154,0,1,
Chennai,77932,Kundan Bracelet,LANDLINE,91,Tamil Nadu,Contact added through Website form,2024-03-02 23:44:59,,285500978,9958559493,9765556055,Vikram Mehta,53,India,,5663003,,7570001155,False,True,False,True,False,True,True,False,False,False,False,True,True,True,[],0,[],[],2024-03-13 16:00:20,4:00 PM,Please share price and images,,,False,[],[],,False,[],False,False,organic,#22C55E,7570001155,,3,
Ahmedabad,77767,Polki Earrings,MOBILE,91,Gujarat,Added manually,2024-09-23 14:14:11,,227241646,9818698805,,Maya Rathore,51,India,,5063096,,7570001156,True,False,False,False,False,True,False,False,True,False,False,True,False,True,[],0,[],[],2024-09-25 00:35:10,12:35 AM,Can I get a discount?,,,False,[],[],,True,[],True,True,referral,#22C55E,7570001156,3,0,
Jaipur,73166,Mangalsutra,LANDLINE,91,Rajasthan,Imported from CSV,2024-05-10 19:21:31,,260626673,9707264754,9837041296,Pooja Rathore,54,India,,5285785,,7570001157,False,False,True,True,False,False,False,False,True,False,False,True,False,False,[],0,[],[],2024-05-18 17:42:26,5:42 PM,Please share price and images,,,False,[],[],,True,[],False,True,referral,#FF5733,7570001157,2,3,
Bengaluru,77176,Polki Necklace Set,MOBILE,91,Karnataka,Added manually,2025-02-11 13:02:10,,204513262,9275993729,9531368810,Rahul Naik,52,India,,5347805,,7570001158,True,False,True,False,False,True,False,True,False,True,False,False,False,True,[],0,[],[],2025-03-08 00:37:11,12:37 AM,Need details about Kundan Bracelet,,2025-03-08 00:37:11,False,[],[],,True,[],True,True,referral,#00AEEF,7570001158,1,5,
Udaipur,72553,Mangalsutra,MOBILE,91,Rajasthan,Added manually,2025-07-02 00:16:11,,282582915,9826130293,,Kavita Jain,53,India,,5940571,,7570001159,False,False,False,True,False,True,True,False,False,True,False,True,False,True,[],0,[],[],2025-07-16 15:35:35,3:35 PM,Can I get a discount?,,2025-07-16 15:35:35,False,[],[],,True,[],True,True,marketplace,#FF5733,7570001159,3,5,
Delhi,78643,Mangalsutra,LANDLINE,91,Delhi,Contact added through Website form,2024-01-21 23:17:40,,296971742,9212051571,,Arjun Singh,53,India,,5519302,,7570001160,False,False,False,False,True,True,True,False,False,False,False,True,False,True,[],0,[],[],2024-02-01 10:22:14,10:22 AM,Interested - send more pics,,,True,[],[],,True,[],False,True,marketplace,#22C55E,7570001160,0,0,
Pune,75886,Polki Necklace Set,MOBILE,91,Maharashtra,Imported from CSV,2025-07-03 13:29:35,,261774245,9151336474,,Neha Joshi,51,India,,5639300,,7570001161,False,False,False,False,False,True,False,False,True,False,False,False,False,False,[],0,[],[],2025-07-11 22:30:34,10:30 PM,Need details about Diamond Earrings,,,False,[],[],,True,[],False,True,organic,#22C55E,7570001161,,1,1755500638
Kolkata,79924,Kundan Bracelet,MOBILE,91,West Bengal,Added manually,2024-04-09 14:14:34,Golden Jewels,226497101,9934691314,,Maya Nair,53,India,,5866865,,7570001162,True,False,False,False,False,True,False,False,True,False,True,True,False,True,[],0,[],[],2024-04-24 01:07:49,1:07 AM,Can I get a discount?,,,True,[],[],,False,[],False,True,referral,#22C55E,7570001162,1,2,
Ahmedabad,70030,Gold Ring,LANDLINE,91,Gujarat,Imported from CSV,2024-05-08 13:27:36,,248368776,9572153037,,Rohit Patel,53,India,,5449414,,7570001163,True,False,False,False,False,True,False,False,False,True,False,True,False,True,[],0,[],[],2024-06-04 08:25:19,8:25 AM,Need details about Gold Ring,,,True,[],[],,True,[],False,False,ad,#FF5733,7570001163,,1,
Bengaluru,72303,Pearl Necklace,LANDLINE,91,Karnataka,Imported from CSV,2024-05-23 02:46:49,,277922039,9157648397,,Siddharth Sharma,53,India,,5308834,,7570001164,False,False,False,False,True,True,False,False,False,False,True,True,True,True,[],0,[],[],2024-05-27 11:08:54,11:08 AM,Interested - send more pics,,2024-05-27 11:08:54,True,[],[],,True,[],False,True,organic,#00AEEF,7570001164,0,4,1755414238
Bengaluru,78029,Polki Necklace Set,LANDLINE,91,Karnataka,Contact added through Website form,2024-03-03 22:52:02,,257151463,9466622985,,Manish Rathore,53,India,,5082444,,7570001165,False,True,True,False,True,False,True,False,False,False,False,False,False,False,[],0,[],[],2024-03-22 19:12:31,7:12 PM,Need details about Diamond Earrings,,,True,[],[],,True,[],False,False,referral,#FF5733,7570001165,,4,
Jaipur,79770,Gold Ring,LANDLINE,91,Rajasthan,Added manually,2024-02-18 21:55:40,,250858769,9950453396,,Arjun Mishra,52,India,,5883373,,7570001166,False,False,False,False,False,True,False,True,True,False,True,True,True,True,[],0,[],[],2024-02-22 03:21:34,3:21 AM,Can I get a discount?,,2024-02-22 03:21:34,False,[],[],,False,[],True,True,referral,#00AEEF,7570001166,0,1,
Pune,78075,Kundan Bracelet,MOBILE,91,Maharashtra,Added via app,2025-02-27 01:12:54,,227860106,9063159015,,Ankit Jain,53,India,,5132224,,7570001167,True,False,False,True,False,True,False,True,False,False,False,True,False,True,[],0,[],[],2025-03-04 16:59:32,4:59 PM,Please share price and images,,,True,[],[],,True,[],False,True,ad,#FF5733,7570001167,0,2,
Ahmedabad,74738,Polki Necklace Set,MOBILE,91,Gujarat,Contact added through Website form,2024-07-28 13:27:24,,213387199,9978887493,,Rahul Chopra,54,India,,5084464,,7570001168,False,True,False,False,False,True,False,False,False,True,True,False,False,False,[],0,[],[],2024-08-07 05:20:18,5:20 AM,Is this available in stock?,,,True,[],[],,True,[],False,True,ad,#00AEEF,7570001168,0,4,
Ahmedabad,78420,Pearl Necklace,MOBILE,91,Gujarat,Contact added through Website form,2024-02-16 06:58:50,,226829597,9767783892,9584470416,Isha Chopra,53,India,,5638308,,7570001169,False,False,True,True,False,False,False,False,True,False,False,True,False,True,[],0,[],[],2024-03-10 12:11:29,12:11 PM,Please share price and images,,2024-03-10 12:11:29,True,[],[],,True,[],True,True,organic,#FF5733,7570001169,0,0,
Ahmedabad,70548,Kundan Bracelet,LANDLINE,91,Gujarat,Contact added through Website form,2025-01-01 11:05:00,,200316106,9296513598,,Siddharth Singh,53,India,,5039011,,7570001170,True,False,False,False,False,True,False,False,False,False,False,False,True,False,[],0,[],[],2025-01-06 18:15:33,6:15 PM,Need details about Pearl Necklace,,2025-01-06 18:15:33,True,[],[],,True,[],True,True,ad,#F4B536,7570001170,1,5,
Jaipur,78130,Polki Necklace Set,LANDLINE,91,Rajasthan,Added via app,2024-11-11 18:45:16,Golden Jewels,257890753,9118844711,,Deepak Jain,54,India,,5114913,,7570001171,True,True,False,True,False,True,True,True,True,False,True,True,False,False,[],0,[],[],2024-11-23 03:35:43,3:35 AM,Need details about Kundan Bracelet,,2024-11-23 03:35:43,False,[],[],,True,[],False,False,referral,#22C55E,7570001171,2,1,
Delhi,78984,Polki Earrings,LANDLINE,91,Delhi,Added manually,2025-02-01 18:23:03,Golden Jewels,297573541,9857722303,9206329254,Rohit Kumar,51,India,,5678570,,7570001172,False,True,False,False,True,False,False,False,True,True,False,True,False,True,[],0,[],[],2025-02-16 16:34:02,4:34 PM,Interested - send more pics,,2025-02-16 16:34:02,True,[],[],,False,[],False,False,ad,#F4B536,7570001172,,0,
Mumbai,77649,Pearl Necklace,MOBILE,91,Maharashtra,Added via app,2024-02-21 13:34:08,,238478350,9992488595,,Karan Nair,51,India,,5999812,,7570001173,False,False,True,True,False,True,False,False,True,False,True,False,True,False,[],0,[],[],2024-03-20 20:49:17,8:49 PM,Is this available in stock?,,2024-03-20 20:49:17,False,[],[],,True,[],False,True,organic,#FF5733,7570001173,2,0,
Jaipur,77519,Silver Anklet,LANDLINE,91,Rajasthan,Contact added through Website form,2024-09-06 09:33:52,Golden Jewels,223130596,9337540102,9701981612,Sneha Mishra,51,India,,5402609,,7570001174,False,False,True,False,False,True,True,True,True,False,True,True,True,True,[],0,[],[],2024-09-13 11:12:42,11:12 AM,Need details about Gold Ring,,2024-09-13 11:12:42,False,[],[],,False,[],False,False,ad,#F4B536,7570001174,2,0,
Hyderabad,70455,Polki Necklace Set,LANDLINE,91,Telangana,Added manually,2024-05-16 17:25:07,,249836271,9712739827,9148276451,Maya Nair,54,India,,5352129,,7570001175,True,False,False,True,False,True,True,False,False,False,False,True,False,True,[],0,[],[],2024-06-08 17:58:04,5:58 PM,Can I get a discount?,,2024-06-08 17:58:04,False,[],[],,True,[],False,True,ad,#22C55E,7570001175,0,0,
Jaipur,71736,Polki Necklace Set,MOBILE,91,Rajasthan,Contact added through Website form,2024-02-18 23:57:46,,282672229,9303523785,,Rahul Bhat,54,India,,5905529,,7570001176,False,False,True,False,False,True,False,False,True,True,True,False,True,False,[],0,[],[],2024-03-07 06:56:36,6:56 AM,Can I get a discount?,,,True,[],[],,False,[],False,True,marketplace,#00AEEF,7570001176,,5,
Ahmedabad,70649,Silver Anklet,LANDLINE,91,Gujarat,Added manually,2025-06-23 21:07:07,,265463086,9120264870,,Raj Naik,51,India,,5120035,,7570001177,False,True,False,False,False,True,True,False,False,False,False,False,True,True,[],0,[],[],2025-07-09 22:10:53,10:10 PM,Interested - send more pics,,,False,[],[],,True,[],False,True,ad,#22C55E,7570001177,,0,
Hyderabad,78140,Pearl Necklace,LANDLINE,91,Telangana,Added via app,2024-01-24 12:59:49,,246492532,9027709863,,Neha Bhat,51,India,,5906299,,7570001178,False,False,False,False,False,False,False,False,False,True,False,False,False,True,[],0,[],[],2024-02-15 20:22:41,8:22 PM,Please share price and images,,,False,[],[],,True,[],False,True,organic,#F4B536,7570001178,,5,
Ahmedabad,77217,Diamond Earrings,LANDLINE,91,Gujarat,Imported from CSV,2024-10-22 21:24:46,,286518956,9317663825,9497841131,Karan Kumar,52,India,,5230959,,7570001179,True,False,False,True,False,False,True,False,False,False,False,False,False,True,[],0,[],[],2024-11-12 03:58:35,3:58 AM,Need details about Pearl Necklace,,,True,[],[],,False,[],False,True,organic,#00AEEF,7570001179,0,3,
Delhi,70439,Diamond Earrings,MOBILE,91,Delhi,Imported from CSV,2024-09-25 03:47:54,,202645173,9520693905,,Anushka Chopra,53,India,,5074696,,7570001180,False,False,False,True,False,False,False,False,False,False,False,False,False,True,[],0,[],[],2024-10-02 12:08:12,12:08 PM,Please share price and images,,2024-10-02 12:08:12,False,[],[],,False,[],True,True,referral,#FF5733,7570001180,0,3,
Mumbai,72521,Pearl Necklace,MOBILE,91,Maharashtra,Added manually,2024-03-15 00:07:42,,203177067,9136563000,,Sneha Joshi,51,India,,5193815,,7570001181,False,False,False,True,False,False,True,False,True,False,True,True,False,False,[],0,[],[],2024-04-04 07:35:11,7:35 AM,Need details about Diamond Earrings,,,False,[],[],,False,[],False,True,ad,#FF5733,7570001181,,2,
Chennai,70682,Silver Anklet,MOBILE,91,Tamil Nadu,Imported from CSV,2024-04-26 12:13:34,,253279205,9610236006,,Amit Agarwal,53,India,,5936992,,7570001182,True,True,True,False,True,True,False,False,False,False,True,False,True,True,[],0,[],[],2024-05-22 18:32:46,6:32 PM,Is this available in stock?,,,True,[],[],,False,[],True,True,marketplace,#00AEEF,7570001182,0,4,
Pune,72929,Kundan Bracelet,LANDLINE,91,Maharashtra,Imported from CSV,2025-03-16 12:52:33,,277387181,9029487804,,Siddharth Nair,54,India,,5427550,,7570001183,False,False,True,True,False,False,True,False,True,True,False,False,False,True,[],0,[],[],2025-03-27 21:55:12,9:55 PM,Can I get a discount?,,,False,[],[],,True,[],False,True,marketplace,#F4B536,7570001183,2,0,
Hyderabad,77376,Silver Anklet,MOBILE,91,Telangana,Imported from CSV,2024-02-28 04:17:57,Golden Jewels,228645378,9539729897,9553977425,Siddharth Nair,53,India,,5949547,,7570001184,True,False,False,True,False,True,False,False,True,False,False,True,True,True,[],0,[],[],2024-03-04 05:16:16,5:16 AM,Interested - send more pics,,,False,[],[],,True,[],False,False,organic,#00AEEF,7570001184,,0,1755155038
Kolkata,76003,Diamond Earrings,MOBILE,91,West Bengal,Added via app,2024-09-10 07:09:00,,243604979,9333926377,,Raj Patel,51,India,,5661652,,7570001185,True,False,False,True,True,True,True,False,False,False,False,True,False,True,[],0,[],[],2024-10-08 20:11:29,8:11 PM,Is this available in stock?,,,True,[],[],,True,[],False,True,marketplace,#22C55E,7570001185,,4,1754982238
Delhi,75265,Mangalsutra,MOBILE,91,Delhi,Added via app,2025-04-06 06:48:10,,255506209,9887939691,9255189323,Vikram Sharma,53,India,,5816333,,7570001186,True,True,False,False,False,True,True,False,True,True,False,False,False,True,[],0,[],[],2025-04-19 14:18:14,2:18 PM,Need details about Gold Ring,,,False,[],[],,True,[],True,False,ad,#22C55E,7570001186,0,3,
Kolkata,79778,Pearl Necklace,LANDLINE,91,West Bengal,Added manually,2024-05-25 12:40:32,Shree Enterprises,239080100,9149912473,9140381679,Deepak Singh,51,India,,5989995,,7570001187,False,False,False,True,False,True,False,False,False,True,False,False,False,True,[],0,[],[],2024-06-06 12:10:28,12:10 PM,Interested - send more pics,,,True,[],[],,True,[],False,True,ad,#FF5733,7570001187,,4,
Jaipur,75761,Polki Necklace Set,LANDLINE,91,Rajasthan,Added via app,2025-06-18 14:46:30,,285163618,9195965622,9445224931,Ankit Kapoor,52,India,,5604297,,7570001188,True,True,True,False,False,False,True,False,False,True,True,False,False,True,[],0,[],[],2025-07-07 04:28:13,4:28 AM,Interested - send more pics,,2025-07-07 04:28:13,True,[],[],,False,[],True,False,ad,#F4B536,7570001188,0,5,
Ahmedabad,72892,Polki Earrings,LANDLINE,91,Gujarat,Added via app,2024-06-28 22:58:08,,266950655,9610680187,,Arjun Kohli,54,India,,5868045,,7570001189,True,False,False,False,False,False,True,False,True,True,True,True,False,True,[],0,[],[],2024-07-05 22:36:06,10:36 PM,Need details about Mangalsutra,,,True,[],[],,True,[],False,True,organic,#00AEEF,7570001189,3,5,
Kolkata,72899,Mangalsutra,LANDLINE,91,West Bengal,Imported from CSV,2024-05-10 06:45:37,,258732528,9288501741,9353593541,Ankit Reddy,54,India,,5153712,,7570001190,True,False,True,False,False,True,True,False,True,False,False,True,False,False,[],0,[],[],2024-06-02 18:32:57,6:32 PM,Interested - send more pics,,,False,[],[],,False,[],False,True,organic,#22C55E,7570001190,,2,
Udaipur,78956,Polki Necklace Set,LANDLINE,91,Rajasthan,Added manually,2024-11-28 03:52:05,,253550233,9832057972,9894688584,Priya Agarwal,52,India,,5181917,,7570001191,False,False,False,True,True,True,True,False,True,True,True,False,True,False,[],0,[],[],2024-12-09 01:42:24,1:42 AM,Interested - send more pics,,,False,[],[],,False,[],False,False,organic,#22C55E,7570001191,0,1,1755500638
Chennai,71037,Pearl Necklace,LANDLINE,91,Tamil Nadu,Contact added through Website form,2025-01-04 12:55:56,,250763517,9947300435,9451528804,Deepak Joshi,52,India,,5480380,,7570001192,False,False,False,False,True,False,True,False,True,True,False,True,False,True,[],0,[],[],2025-02-01 17:13:08,5:13 PM,Please share price and images,,,False,[],[],,True,[],False,True,organic,#22C55E,7570001192,0,0,
Mumbai,72967,Gold Ring,MOBILE,91,Maharashtra,Imported from CSV,2024-11-04 04:46:35,,219478432,9921105025,,Neha Jain,52,India,,5103562,,7570001193,False,False,True,True,False,True,False,False,False,False,False,True,True,True,[],0,[],[],2024-11-09 10:16:23,10:16 AM,Need details about Gold Ring,,2024-11-09 10:16:23,True,[],[],,True,[],False,True,ad,#00AEEF,7570001193,,5,
Delhi,71072,Pearl Necklace,MOBILE,91,Delhi,Added via app,2024-03-07 13:51:41,Golden Jewels,293519304,9083589426,,Ankit Kohli,52,India,,5460844,,7570001194,False,False,True,True,False,True,False,False,True,False,False,True,True,True,[],0,[],[],2024-03-18 18:06:09,6:06 PM,Interested - send more pics,,,True,[],[],,True,[],False,False,marketplace,#F4B536,7570001194,0,1,
Jaipur,79243,Polki Earrings,LANDLINE,91,Rajasthan,Imported from CSV,2024-06-29 13:26:24,,289095113,9552146519,9458724205,Raj Naik,53,India,,5675707,,7570001195,True,False,False,True,True,True,False,False,False,False,True,False,True,True,[],0,[],[],2024-07-13 19:12:09,7:12 PM,Please share price and images,,2024-07-13 19:12:09,True,[],[],,False,[],False,True,marketplace,#FF5733,7570001195,,4,
Ahmedabad,74254,Polki Earrings,MOBILE,91,Gujarat,Added manually,2025-01-18 08:42:50,,264945658,9448399186,,Priya Gupta,54,India,,5004258,,7570001196,False,False,True,True,False,True,False,False,True,True,False,True,False,True,[],0,[],[],2025-01-22 03:42:42,3:42 AM,Can I get a discount?,,,False,[],[],,False,[],False,True,marketplace,#00AEEF,7570001196,0,1,
Jaipur,79953,Mangalsutra,MOBILE,91,Rajasthan,Added manually,2024-05-03 16:29:42,,219303247,9390436316,,Neha Sharma,52,India,,5669187,,7570001197,True,False,False,True,False,False,False,False,False,False,False,False,False,True,[],0,[],[],2024-05-19 22:39:07,10:39 PM,Need details about Polki Earrings,,2024-05-19 22:39:07,False,[],[],,True,[],True,True,referral,#22C55E,7570001197,0,2,
Hyderabad,75408,Mangalsutra,LANDLINE,91,Telangana,Imported from CSV,2025-06-19 06:46:25,Rising Exports,286748375,9172296624,,Rahul Mehta,52,India,,5337775,,7570001198,False,True,False,True,False,False,True,False,False,True,False,True,False,True,[],0,[],[],2025-06-28 11:56:26,11:56 AM,Can I get a discount?,,,True,[],[],,False,[],False,True,marketplace,#F4B536,7570001198,,0,
Chennai,73476,Silver Anklet,MOBILE,91,Tamil Nadu,Added via app,2024-07-18 22:02:43,,285486108,9640990447,9372692050,Ravi Agarwal,52,India,,5359129,,7570001199,False,False,False,False,False,True,False,False,True,False,False,True,False,True,[],0,[],[],2024-07-31 23:51:16,11:51 PM,Need details about Kundan Bracelet,,,True,[],[],,False,[],True,True,referral,#00AEEF,7570001199,0,2,
Kolkata,77579,Silver Anklet,MOBILE,91,West Bengal,Added manually,2025-01-04 18:00:31,,252261175,9334236254,9590821959,Rahul Naik,54,India,,5154174,,7570001200,True,False,False,True,False,False,True,True,False,True,False,True,False,True,[],0,[],[],2025-01-17 10:54:46,10:54 AM,Need details about Silver Anklet,,,True,[],[],,True,[],True,False,referral,#F4B536,7570001200,,0,
Ahmedabad,72778,Polki Necklace Set,MOBILE,91,Gujarat,Imported from CSV,2025-01-06 01:31:12,,230664005,9864089392,,Pooja Sharma,52,India,,5294115,,7570001201,True,False,False,True,True,True,False,False,True,False,True,False,False,True,[],0,[],[],2025-01-19 06:21:36,6:21 AM,Is this available in stock?,,,True,[],[],,True,[],False,False,referral,#FF5733,7570001201,0,0,
Pune,70457,Diamond Earrings,LANDLINE,91,Maharashtra,Imported from CSV,2025-05-06 10:39:58,,233883863,9982749742,,Karan Mehta,52,India,,5642983,,7570001202,False,False,True,True,False,True,False,False,True,True,False,False,True,False,[],0,[],[],2025-05-21 15:41:47,3:41 PM,Need details about Polki Necklace Set,,,True,[],[],,False,[],False,False,referral,#F4B536,7570001202,0,3,
Bengaluru,71945,Polki Necklace Set,LANDLINE,91,Karnataka,Contact added through Website form,2024-07-18 07:25:24,,265139157,9519724236,9671365741,Deepak Reddy,52,India,,5716020,,7570001203,True,True,False,True,False,True,True,False,True,False,False,False,False,True,[],0,[],[],2024-08-01 03:07:45,3:07 AM,Need details about Gold Ring,,,True,[],[],,True,[],True,True,ad,#22C55E,7570001203,1,5,1755587038
Chennai,77368,Kundan Bracelet,LANDLINE,91,Tamil Nadu,Added via app,2025-01-01 15:24:14,Shree Enterprises,281624353,9339800663,,Amit Gupta,52,India,,5925632,,7570001204,True,False,True,False,True,True,True,False,False,True,False,True,True,True,[],0,[],[],2025-01-16 16:07:28,4:07 PM,Please share price and images,,,False,[],[],,False,[],True,True,organic,#F4B536,7570001204,,2,
Ahmedabad,72268,Mangalsutra,LANDLINE,91,Gujarat,Imported from CSV,2024-12-14 08:34:34,,269953276,9404057341,,Manish Rathore,52,India,,5938456,,7570001205,False,False,True,False,True,True,False,False,False,False,False,True,False,True,[],0,[],[],2025-01-11 08:02:05,8:02 AM,Please share price and images,,,True,[],[],,True,[],True,True,organic,#00AEEF,7570001205,,5,
Hyderabad,75079,Kundan Bracelet,MOBILE,91,Telangana,Imported from CSV,2024-10-04 02:04:23,,265939468,9151616979,,Pooja Kohli,54,India,,5623518,,7570001206,False,True,True,False,False,True,False,False,True,False,False,True,True,True,[],0,[],[],2024-10-21 21:00:14,9:00 PM,Need details about Gold Ring,,2024-10-21 21:00:14,False,[],[],,True,[],False,True,organic,#FF5733,7570001206,,0,1755759838
Pune,75596,Polki Necklace Set,LANDLINE,91,Maharashtra,Added manually,2024-06-08 15:42:13,,260136290,9383539156,9122861544,Maya Kumar,52,India,,5342603,,7570001207,True,False,True,False,True,False,False,False,False,True,False,True,True,True,[],0,[],[],2024-06-19 01:44:12,1:44 AM,Can I get a discount?,,2024-06-19 01:44:12,True,[],[],,True,[],False,False,referral,#FF5733,7570001207,0,3,
Chennai,76516,Gold Ring,LANDLINE,91,Tamil Nadu,Added manually,2024-11-29 21:46:55,,221423696,9622827758,9642020633,Anushka Kapoor,52,India,,5067037,,7570001208,False,False,False,False,False,False,False,False,False,False,False,False,False,True,[],0,[],[],2024-12-01 12:05:13,12:05 PM,Can I get a discount?,,,True,[],[],,False,[],True,True,marketplace,#00AEEF,7570001208,0,4,1754982238
Pune,79520,Diamond Earrings,LANDLINE,91,Maharashtra,Added manually,2024-04-11 13:37:08,,255506836,9300702178,9071533191,Siddharth Bhat,51,India,,5968235,,7570001209,True,False,False,True,False,True,False,True,True,False,False,False,True,True,[],0,[],[],2024-05-10 00:14:20,12:14 AM,Interested - send more pics,,,True,[],[],,True,[],False,True,referral,#F4B536,7570001209,0,5,
Udaipur,72666,Polki Necklace Set,MOBILE,91,Rajasthan,Added via app,2024-12-08 06:21:48,,203704787,9659861731,,Maya Chopra,54,India,,5670457,,7570001210,False,False,True,False,True,False,False,False,False,True,False,True,True,True,[],0,[],[],2024-12-13 14:24:38,2:24 PM,Is this available in stock?,,,False,[],[],,False,[],False,True,ad,#00AEEF,7570001210,1,1,
Hyderabad,74805,Silver Anklet,MOBILE,91,Telangana,Imported from CSV,2024-03-09 15:46:27,,276568606,9673574630,9732838791,Rohit Chopra,54,India,,5638693,,7570001211,True,False,True,True,True,True,True,False,False,True,False,True,True,True,[],0,[],[],2024-04-07 07:37:40,7:37 AM,Please share price and images,,,False,[],[],,True,[],True,False,organic,#F4B536,7570001211,0,2,1754982238
Bengaluru,75279,Polki Necklace Set,LANDLINE,91,Karnataka,Added manually,2024-04-14 22:31:01,,281223852,9418231548,,Vikram Sharma,52,India,,5788441,,7570001212,False,False,False,False,False,True,True,False,True,False,False,True,False,False,[],0,[],[],2024-05-06 21:27:58,9:27 PM,Please share price and images,,2024-05-06 21:27:58,True,[],[],,False,[],False,False,ad,#00AEEF,7570001212,,5,
Jaipur,75481,Mangalsutra,MOBILE,91,Rajasthan,Added manually,2025-04-13 13:27:33,,216213131,9051707761,,Anushka Kohli,54,India,,5635664,,7570001213,True,False,False,True,False,True,False,False,False,True,False,False,False,True,[],0,[],[],2025-05-05 07:07:00,7:07 AM,Can I get a discount?,,,True,[],[],,True,[],False,True,ad,#FF5733,7570001213,0,3,
Kolkata,79229,Mangalsutra,MOBILE,91,West Bengal,Contact added through Website form,2024-01-30 15:50:11,,290304396,9956866644,,Ravi Rathore,52,India,,5704001,,7570001214,True,False,True,False,False,True,False,False,True,False,False,True,False,True,[],0,[],[],2024-01-31 16:07:17,4:07 PM,Is this available in stock?,,,False,[],[],,True,[],True,False,referral,#00AEEF,7570001214,0,4,
Hyderabad,77758,Kundan Bracelet,MOBILE,91,Telangana,Added manually,2025-07-28 18:46:55,,294856273,9534736642,9121330866,Priya Reddy,52,India,,5554428,,7570001215,True,True,False,False,False,False,True,False,True,True,False,True,True,True,[],0,[],[],2025-08-02 01:58:12,1:58 AM,Interested - send more pics,,,True,[],[],,True,[],False,False,organic,#F4B536,7570001215,,5,
Udaipur,78314,Gold Ring,LANDLINE,91,Rajasthan,Contact added through Website form,2024-10-15 18:53:54,,219020647,9944023049,,Kavita Kumar,53,India,,5189844,,7570001216,False,True,True,False,False,True,False,True,True,True,False,True,False,False,[],0,[],[],2024-10-30 01:07:50,1:07 AM,Please share price and images,,,False,[],[],,True,[],False,True,ad,#F4B536,7570001216,0,5,
Delhi,74217,Gold Ring,LANDLINE,91,Delhi,Imported from CSV,2024-12-15 17:13:16,,204686359,9955322154,9901543112,Arjun Jain,53,India,,5235054,,7570001217,True,False,False,False,False,True,True,False,True,True,False,True,False,True,[],0,[],[],2025-01-12 13:56:54,1:56 PM,Can I get a discount?,,2025-01-12 13:56:54,True,[],[],,False,[],False,True,organic,#22C55E,7570001217,2,1,
Jaipur,72174,Kundan Bracelet,LANDLINE,91,Rajasthan,Imported from CSV,2025-01-21 15:45:15,Golden Jewels,235947279,9490765846,9704828667,Karan Gupta,51,India,,5010336,,7570001218,False,True,False,True,True,True,False,False,False,True,False,True,False,False,[],0,[],[],2025-02-04 11:11:43,11:11 AM,Interested - send more pics,,2025-02-04 11:11:43,False,[],[],,False,[],False,True,referral,#22C55E,7570001218,2,5,
Mumbai,70902,Polki Earrings,MOBILE,91,Maharashtra,Added via app,2024-05-08 03:55:24,Rising Exports,238768046,9269193843,9329246589,Pooja Bhat,51,India,,5513273,,7570001219,False,False,False,True,False,False,False,True,False,True,False,True,False,False,[],0,[],[],2024-05-29 21:36:40,9:36 PM,Please share price and images,,,True,[],[],,True,[],False,True,organic,#00AEEF,7570001219,,2,
Hyderabad,74812,Polki Earrings,MOBILE,91,Telangana,Imported from CSV,2024-08-17 15:54:20,,220838041,9255116239,9105138350,Priya Nair,54,India,,5080153,,7570001220,False,True,False,False,False,True,False,True,True,False,True,True,True,False,[],0,[],[],2024-09-16 05:51:58,5:51 AM,Need details about Polki Earrings,,2024-09-16 05:51:58,False,[],[],,True,[],True,True,marketplace,#FF5733,7570001220,0,4,
Pune,77913,Pearl Necklace,LANDLINE,91,Maharashtra,Imported from CSV,2024-02-23 15:38:28,,246377245,9883796340,,Pooja Singh,53,India,,5227053,,7570001221,True,True,False,False,False,True,False,False,False,True,False,False,True,False,[],0,[],[],2024-03-06 02:50:36,2:50 AM,Interested - send more pics,,,False,[],[],,True,[],False,True,referral,#F4B536,7570001221,1,1,
Pune,74428,Polki Earrings,MOBILE,91,Maharashtra,Imported from CSV,2025-07-27 08:33:41,,224339581,9128961742,,Ravi Mishra,53,India,,5588630,,7570001222,True,False,True,False,False,True,False,False,True,True,False,True,False,True,[],0,[],[],2025-08-10 04:58:11,4:58 AM,Need details about Polki Earrings,,,True,[],[],,True,[],False,True,referral,#FF5733,7570001222,0,1,1754982238
Jaipur,77529,Polki Earrings,LANDLINE,91,Rajasthan,Added manually,2024-05-16 10:40:55,,230195198,9403920218,,Amit Mishra,51,India,,5117012,,7570001223,True,False,True,False,False,False,False,False,True,False,False,False,True,False,[],0,[],[],2024-05-27 11:38:20,11:38 AM,Is this available in stock?,,,False,[],[],,True,[],False,False,ad,#F4B536,7570001223,,0,
Jaipur,75827,Silver Anklet,MOBILE,91,Rajasthan,Added manually,2024-03-28 03:16:39,,219239501,9972823950,,Deepak Naik,51,India,,5855761,,7570001224,True,True,False,False,False,True,True,False,False,False,True,True,False,False,[],0,[],[],2024-04-24 14:06:11,2:06 PM,Need details about Kundan Bracelet,,,False,[],[],,False,[],False,True,organic,#F4B536,7570001224,3,3,
Hyderabad,75714,Gold Ring,LANDLINE,91,Telangana,Added via app,2025-05-01 23:24:26,,263280496,9335281485,,Siddharth Agarwal,54,India,,5902762,,7570001225,True,False,True,False,True,True,True,False,False,False,False,True,False,True,[],0,[],[],2025-05-13 11:16:13,11:16 AM,Is this available in stock?,,,True,[],[],,True,[],True,True,organic,#F4B536,7570001225,0,4,
Ahmedabad,70403,Diamond Earrings,MOBILE,91,Gujarat,Added via app,2024-10-28 20:16:46,,248711476,9411879881,9723054433,Sneha Reddy,54,India,,5038857,,7570001226,False,False,False,False,True,False,False,True,False,False,False,True,True,False,[],0,[],[],2024-11-06 07:29:06,7:29 AM,Please share price and images,,2024-11-06 07:29:06,False,[],[],,True,[],True,False,ad,#00AEEF,7570001226,,5,
Mumbai,72742,Polki Necklace Set,LANDLINE,91,Maharashtra,Added via app,2024-03-16 17:56:59,Rising Exports,254941207,9749427022,,Maya Kapoor,52,India,,5955789,,7570001227,False,False,False,True,False,True,False,False,True,False,False,True,False,True,[],0,[],[],2024-03-31 12:17:21,12:17 PM,Please share price and images,,2024-03-31 12:17:21,True,[],[],,True,[],False,False,organic,#FF5733,7570001227,3,5,
Ahmedabad,73639,Gold Ring,MOBILE,91,Gujarat,Added via app,2024-12-22 13:50:17,,209273745,9459774879,,Karan Mishra,52,India,,5113798,,7570001228,True,True,False,True,False,True,False,False,True,True,False,True,True,False,[],0,[],[],2025-01-08 05:43:17,5:43 AM,Interested - send more pics,,,False,[],[],,False,[],False,True,ad,#22C55E,7570001228,,1,
Ahmedabad,76112,Polki Necklace Set,LANDLINE,91,Gujarat,Imported from CSV,2025-05-09 09:27:51,,282265987,9616821887,,Neha Khan,52,India,,5470759,,7570001229,False,False,False,False,False,True,False,False,True,True,False,True,False,True,[],0,[],[],2025-05-15 20:24:13,8:24 PM,Is this available in stock?,,,True,[],[],,True,[],False,True,referral,#F4B536,7570001229,,2,
Hyderabad,79754,Diamond Earrings,LANDLINE,91,Telangana,Added via app,2024-08-15 05:46:47,,235103207,9116294643,,Siddharth Bhat,54,India,,5391257,,7570001230,True,True,False,False,False,True,False,False,True,False,True,True,False,True,[],0,[],[],2024-08-28 23:58:07,11:58 PM,Need details about Pearl Necklace,,,True,[],[],,True,[],False,True,ad,#22C55E,7570001230,,3,
Bengaluru,75107,Polki Necklace Set,MOBILE,91,Karnataka,Added manually,2025-05-08 05:44:31,,254673617,9848675524,9667629221,Amit Singh,51,India,,5286883,,7570001231,True,False,False,False,True,True,True,False,True,False,True,True,False,True,[],0,[],[],2025-06-04 15:18:11,3:18 PM,Interested - send more pics,,,False,[],[],,False,[],False,True,organic,#22C55E,7570001231,,5,
Delhi,71729,Polki Necklace Set,MOBILE,91,Delhi,Contact added through Website form,2024-12-19 22:11:43,,255854690,9613233137,9480425743,Rohit Nair,54,India,,5840916,,7570001232,False,False,True,True,False,True,True,False,True,False,False,False,False,True,[],0,[],[],2024-12-28 03:33:08,3:33 AM,Can I get a discount?,,2024-12-28 03:33:08,False,[],[],,True,[],False,True,organic,#22C55E,7570001232,0,3,
Udaipur,72452,Gold Ring,MOBILE,91,Rajasthan,Contact added through Website form,2025-02-09 20:22:28,ABC Traders,218853261,9778357157,,Amit Patel,51,India,,5138840,,7570001233,True,False,False,True,True,False,False,False,False,False,True,True,False,True,[],0,[],[],2025-02-20 10:34:10,10:34 AM,Need details about Gold Ring,,,False,[],[],,True,[],True,True,ad,#FF5733,7570001233,0,4,
Bengaluru,72213,Gold Ring,LANDLINE,91,Karnataka,Contact added through Website form,2025-01-30 04:25:30,Golden Jewels,279198338,9353643844,,Deepak Kapoor,53,India,,5982405,,7570001234,False,False,False,False,True,True,False,False,True,True,True,True,False,False,[],0,[],[],2025-02-20 04:28:58,4:28 AM,Please share price and images,,,True,[],[],,False,[],False,False,referral,#00AEEF,7570001234,,3,
Mumbai,74126,Pearl Necklace,LANDLINE,91,Maharashtra,Added via app,2024-09-07 13:38:45,,287355376,9148518238,,Kavita Kohli,54,India,,5804625,,7570001235,True,False,True,False,True,False,True,False,True,False,False,True,False,True,[],0,[],[],2024-09-16 06:42:20,6:42 AM,Can I get a discount?,,,False,[],[],,False,[],False,True,ad,#FF5733,7570001235,0,1,
Udaipur,78175,Mangalsutra,LANDLINE,91,Rajasthan,Added manually,2024-11-02 22:17:14,Shree Enterprises,226213017,9066336899,,Arjun Khan,52,India,,5644812,,7570001236,True,False,False,True,False,True,False,True,True,False,False,True,False,True,[],0,[],[],2024-11-23 22:04:05,10:04 PM,Please share price and images,,,False,[],[],,True,[],False,False,referral,#22C55E,7570001236,0,1,
Delhi,77376,Pearl Necklace,MOBILE,91,Delhi,Imported from CSV,2025-04-21 18:16:36,Golden Jewels,214933140,9212086168,,Maya Patel,54,India,,5361310,,7570001237,False,False,False,False,False,False,False,False,False,True,False,False,False,True,[],0,[],[],2025-05-20 00:22:16,12:22 AM,Is this available in stock?,,,True,[],[],,True,[],True,True,organic,#00AEEF,7570001237,1,1,
Pune,74815,Silver Anklet,MOBILE,91,Maharashtra,Imported from CSV,2025-07-20 06:16:10,,248198052,9982911450,,Raj Chopra,54,India,,5942796,,7570001238,True,False,False,True,False,False,False,False,True,False,True,True,True,False,[],0,[],[],2025-07-30 16:51:16,4:51 PM,Can I get a discount?,,2025-07-30 16:51:16,True,[],[],,False,[],False,False,marketplace,#F4B536,7570001238,0,1,
Jaipur,71294,Polki Earrings,MOBILE,91,Rajasthan,Contact added through Website form,2025-01-24 05:35:54,,247799697,9828965061,,Pooja Singh,54,India,,5785063,,7570001239,False,True,False,True,False,True,False,False,False,False,False,False,False,False,[],0,[],[],2025-02-03 12:26:15,12:26 PM,Please share price and images,,2025-02-03 12:26:15,True,[],[],,True,[],True,True,referral,#00AEEF,7570001239,,0,
Ahmedabad,77997,Pearl Necklace,LANDLINE,91,Gujarat,Imported from CSV,2025-01-19 12:13:46,,230237535,9805322425,,Rahul Gupta,52,India,,5145045,,7570001240,True,False,False,True,False,True,True,True,True,False,False,True,False,True,[],0,[],[],2025-02-07 18:44:40,6:44 PM,Please share price and images,,2025-02-07 18:44:40,False,[],[],,True,[],False,True,referral,#FF5733,7570001240,,4,
Pune,73616,Kundan Bracelet,MOBILE,91,Maharashtra,Added manually,2024-09-20 13:53:19,,204125520,9404152492,,Pooja Gupta,52,India,,5832692,,7570001241,False,True,False,False,False,False,True,False,False,False,False,True,False,True,[],0,[],[],2024-09-26 00:23:53,12:23 AM,Please share price and images,,,False,[],[],,True,[],False,True,ad,#FF5733,7570001241,1,2,1755327838
Bengaluru,70432,Gold Ring,LANDLINE,91,Karnataka,Added manually,2024-01-22 00:20:35,,297721826,9300182025,,Vikram Rathore,53,India,,5682862,,7570001242,True,True,False,False,False,True,False,False,False,False,False,True,True,False,[],0,[],[],2024-01-27 11:43:26,11:43 AM,Interested - send more pics,,,True,[],[],,True,[],True,True,ad,#00AEEF,7570001242,,2,
Chennai,73003,Diamond Earrings,LANDLINE,91,Tamil Nadu,Added via app,2025-04-10 17:44:56,,285845468,9429831108,,Ankit Mishra,54,India,,5387168,,7570001243,True,False,True,True,True,False,False,True,False,False,False,False,False,False,[],0,[],[],2025-04-21 07:57:56,7:57 AM,Is this available in stock?,,,True,[],[],,True,[],False,True,referral,#22C55E,7570001243,0,0,
Hyderabad,78117,Gold Ring,MOBILE,91,Telangana,Added via app,2024-03-11 08:24:35,,273502838,9075072388,,Pooja Reddy,53,India,,5498699,,7570001244,False,False,True,True,False,True,False,False,True,True,False,True,False,True,[],0,[],[],2024-03-27 01:29:54,1:29 AM,Need details about Diamond Earrings,,,True,[],[],,True,[],False,True,marketplace,#00AEEF,7570001244,0,5,
Chennai,71685,Mangalsutra,LANDLINE,91,Tamil Nadu,Contact added through Website form,2024-05-20 01:42:58,,242210274,9426293897,,Arjun Nair,52,India,,5233027,,7570001245,False,False,False,False,False,True,False,False,True,False,True,True,True,True,[],0,[],[],2024-06-17 17:01:33,5:01 PM,Interested - send more pics,,,True,[],[],,True,[],False,True,ad,#F4B536,7570001245,,3,
Delhi,76698,Gold Ring,LANDLINE,91,Delhi,Added via app,2024-05-05 20:01:11,,233530678,9247922176,,Siddharth Sharma,52,India,,5178028,,7570001246,False,False,False,True,True,True,False,False,False,True,False,False,False,False,[],0,[],[],2024-05-21 15:03:55,3:03 PM,Need details about Polki Necklace Set,,,False,[],[],,False,[],False,False,marketplace,#22C55E,7570001246,1,1,1755068638
Chennai,71642,Mangalsutra,MOBILE,91,Tamil Nadu,Contact added through Website form,2024-07-24 06:22:20,,267300297,9104251199,,Pooja Agarwal,53,India,,5220166,,7570001247,False,False,True,True,True,True,False,True,False,True,False,False,False,True,[],0,[],[],2024-08-11 01:49:37,1:49 AM,Interested - send more pics,,,False,[],[],,True,[],False,False,ad,#22C55E,7570001247,1,1,
Hyderabad,76713,Polki Earrings,MOBILE,91,Telangana,Imported from CSV,2024-05-19 14:02:07,,249989693,9922896188,9224610462,Rahul Agarwal,51,India,,5362955,,7570001248,True,False,False,False,False,False,False,False,True,False,True,True,False,False,[],0,[],[],2024-05-31 22:42:46,10:42 PM,Interested - send more pics,,,False,[],[],,True,[],True,True,organic,#FF5733,7570001248,,3,
Ahmedabad,71330,Diamond Earrings,MOBILE,91,Gujarat,Added manually,2024-08-13 20:21:13,,276018909,9543263260,,Deepak Gupta,51,India,,5099709,,7570001249,False,False,False,True,True,True,False,True,False,True,False,True,False,False,[],0,[],[],2024-08-18 23:36:06,11:36 PM,Can I get a discount?,,2024-08-18 23:36:06,True,[],[],,False,[],True,True,ad,#FF5733,7570001249,3,4,
Chennai,71317,Kundan Bracelet,MOBILE,91,Tamil Nadu,Imported from CSV,2024-07-30 03:02:17,,265430174,9525312079,,Siddharth Agarwal,54,India,,5994176,,7570001250,True,False,False,False,False,False,False,False,True,False,False,False,False,True,[],0,[],[],2024-08-28 22:44:15,10:44 PM,Need details about Silver Anklet,,,True,[],[],,False,[],True,False,organic,#00AEEF,7570001250,2,3,
Mumbai,78765,Kundan Bracelet,LANDLINE,91,Maharashtra,Added manually,2024-10-21 04:25:23,,212482489,9792490940,9209618233,Ankit Agarwal,54,India,,5910633,,7570001251,False,False,False,True,False,True,False,False,False,True,False,False,False,True,[],0,[],[],2024-11-01 13:22:17,1:22 PM,Need details about Diamond Earrings,,,False,[],[],,True,[],False,True,ad,#F4B536,7570001251,,2,
Hyderabad,78901,Kundan Bracelet,LANDLINE,91,Telangana,Added manually,2024-12-25 02:06:53,,265714110,9300105896,9966223640,Vikram Chopra,54,India,,5493955,,7570001252,False,False,False,False,False,False,False,False,False,False,False,False,True,False,[],0,[],[],2025-01-04 16:01:55,4:01 PM,Is this available in stock?,,,True,[],[],,False,[],True,True,marketplace,#00AEEF,7570001252,,0,
Pune,77299,Kundan Bracelet,MOBILE,91,Maharashtra,Added manually,2024-06-09 01:33:07,,256583678,9410645316,,Sneha Mishra,54,India,,5879623,,7570001253,False,False,True,True,False,True,False,False,True,True,True,True,True,True,[],0,[],[],2024-06-29 12:02:53,12:02 PM,Is this available in stock?,,,False,[],[],,True,[],False,True,ad,#00AEEF,7570001253,,3,
Ahmedabad,71857,Mangalsutra,LANDLINE,91,Gujarat,Added via app,2024-02-24 07:41:17,Rising Exports,265179947,9738178324,9145180239,Karan Kumar,51,India,,5207720,,7570001254,False,False,False,True,False,False,False,False,False,False,False,True,True,True,[],0,[],[],2024-02-28 04:35:07,4:35 AM,Can I get a discount?,,,False,[],[],,False,[],True,True,organic,#22C55E,7570001254,0,5,
Pune,75805,Mangalsutra,LANDLINE,91,Maharashtra,Imported from CSV,2024-07-28 04:50:19,,212943145,9578649275,9918842295,Kavita Reddy,52,India,,5021759,,7570001255,False,False,True,False,True,False,True,False,True,False,False,True,True,True,[],0,[],[],2024-08-21 03:25:39,3:25 AM,Please share price and images,,,True,[],[],,True,[],False,True,referral,#00AEEF,7570001255,0,5,
Pune,76841,Silver Anklet,MOBILE,91,Maharashtra,Added manually,2025-08-03 05:59:32,,292522658,9032508503,,Rahul Reddy,54,India,,5074087,,7570001256,True,False,False,True,False,True,True,False,False,False,False,False,True,True,[],0,[],[],2025-08-03 05:59:32,5:59 AM,Need details about Kundan Bracelet,,,True,[],[],,True,[],False,True,ad,#00AEEF,7570001256,0,3,
Chennai,74014,Polki Necklace Set,MOBILE,91,Tamil Nadu,Imported from CSV,2024-02-02 18:55:31,,208910281,9934308986,9054248940,Deepak Naik,54,India,,5186911,,7570001257,True,False,False,False,False,True,False,False,True,False,False,False,False,False,[],0,[],[],2024-02-18 21:28:00,9:28 PM,Need details about Polki Earrings,,2024-02-18 21:28:00,False,[],[],,True,[],False,True,marketplace,#22C55E,7570001257,0,4,
Ahmedabad,79921,Gold Ring,LANDLINE,91,Gujarat,Imported from CSV,2024-05-24 23:22:00,,288492383,9787798315,9316031441,Priya Nair,53,India,,5854157,,7570001258,True,False,True,True,False,True,False,False,False,False,True,True,True,True,[],0,[],[],2024-06-23 13:43:01,1:43 PM,Please share price and images,,,True,[],[],,True,[],False,True,referral,#F4B536,7570001258,,1,
Ahmedabad,71505,Mangalsutra,MOBILE,91,Gujarat,Imported from CSV,2025-03-10 11:31:13,,237091319,9519944229,,Siddharth Kumar,53,India,,5367945,,7570001259,False,True,False,True,True,True,True,False,True,False,False,True,False,True,[],0,[],[],2025-04-05 06:30:57,6:30 AM,Can I get a discount?,,,True,[],[],,True,[],True,True,marketplace,#22C55E,7570001259,3,5,
Chennai,72998,Polki Necklace Set,LANDLINE,91,Tamil Nadu,Added via app,2024-07-19 00:00:10,,259385274,9910218759,,Neha Kohli,53,India,,5530340,,7570001260,True,False,False,False,False,True,False,False,True,False,False,True,False,False,[],0,[],[],2024-07-19 12:23:08,12:23 PM,Can I get a discount?,,,False,[],[],,True,[],False,True,ad,#22C55E,7570001260,3,1,
Chennai,74701,Mangalsutra,LANDLINE,91,Tamil Nadu,Imported from CSV,2025-01-30 11:48:26,,243980379,9757174257,,Arjun Khan,51,India,,5507627,,7570001261,True,False,True,False,False,False,True,False,True,False,False,False,False,True,[],0,[],[],2025-02-09 21:33:32,9:33 PM,Please share price and images,,,True,[],[],,True,[],False,False,referral,#22C55E,7570001261,0,0,
Mumbai,76945,Diamond Earrings,MOBILE,91,Maharashtra,Added manually,2025-05-18 15:57:41,ABC Traders,256624745,9156217197,9271910899,Pooja Naik,51,India,,5185928,,7570001262,False,False,False,True,False,True,False,False,True,True,False,True,False,False,[],0,[],[],2025-06-08 11:09:56,11:09 AM,Interested - send more pics,,,True,[],[],,True,[],True,True,ad,#22C55E,7570001262,1,0,1755673438
Hyderabad,76529,Mangalsutra,MOBILE,91,Telangana,Added manually,2024-12-19 18:40:03,,270062175,9849247771,,Karan Mehta,52,India,,5609068,,7570001263,False,True,False,False,False,True,False,False,False,False,True,True,False,True,[],0,[],[],2024-12-25 17:41:37,5:41 PM,Interested - send more pics,,2024-12-25 17:41:37,False,[],[],,True,[],False,True,ad,#00AEEF,7570001263,1,3,
Udaipur,78866,Pearl Necklace,LANDLINE,91,Rajasthan,Added manually,2025-02-22 22:58:49,,252963758,9165320879,9165636372,Manish Rathore,54,India,,5486222,,7570001264,False,False,False,True,True,True,True,True,False,True,False,False,False,False,[],0,[],[],2025-03-16 00:32:02,12:32 AM,Need details about Kundan Bracelet,,,False,[],[],,False,[],True,True,marketplace,#FF5733,7570001264,,1,1755155038
Udaipur,73856,Polki Earrings,MOBILE,91,Rajasthan,Added manually,2025-04-28 18:08:06,,232428685,9300276937,9744019395,Siddharth Patel,51,India,,5158781,,7570001265,True,False,True,True,False,False,False,False,False,False,False,True,False,True,[],0,[],[],2025-05-07 20:56:39,8:56 PM,Is this available in stock?,,,False,[],[],,True,[],True,False,ad,#00AEEF,7570001265,,3,1755673438
Udaipur,70442,Polki Earrings,LANDLINE,91,Rajasthan,Contact added through Website form,2025-06-07 15:36:35,ABC Traders,277704334,9871657823,,Anushka Joshi,53,India,,5652125,,7570001266,False,False,False,False,False,True,False,False,False,False,False,False,False,False,[],0,[],[],2025-06-28 16:53:41,4:53 PM,Please share price and images,,,False,[],[],,True,[],False,True,marketplace,#22C55E,7570001266,1,5,
Ahmedabad,77479,Kundan Bracelet,MOBILE,91,Gujarat,Contact added through Website form,2025-03-15 11:11:41,,219115252,9172553551,,Deepak Mishra,54,India,,5156760,,7570001267,True,False,False,True,False,False,False,False,False,True,False,True,False,True,[],0,[],[],2025-04-02 20:36:05,8:36 PM,Need details about Silver Anklet,,2025-04-02 20:36:05,True,[],[],,True,[],False,True,organic,#F4B536,7570001267,0,5,1755673438
Udaipur,78158,Silver Anklet,LANDLINE,91,Rajasthan,Imported from CSV,2025-02-16 22:16:38,Golden Jewels,245907958,9006867782,,Priya Gupta,52,India,,5914729,,7570001268,False,False,False,True,False,True,True,False,True,False,False,True,False,True,[],0,[],[],2025-03-18 22:02:27,10:02 PM,Need details about Polki Earrings,,2025-03-18 22:02:27,False,[],[],,True,[],True,False,marketplace,#FF5733,7570001268,0,5,
Hyderabad,71296,Silver Anklet,MOBILE,91,Telangana,Contact added through Website form,2024-02-12 17:32:07,Golden Jewels,242524395,9626849392,,Rahul Reddy,54,India,,5455031,,7570001269,True,False,False,True,False,True,False,True,True,False,False,True,False,True,[],0,[],[],2024-02-13 08:59:04,8:59 AM,Interested - send more pics,,2024-02-13 08:59:04,False,[],[],,False,[],True,True,marketplace,#22C55E,7570001269,3,2,
Udaipur,73065,Polki Necklace Set,MOBILE,91,Rajasthan,Contact added through Website form,2024-03-17 18:17:38,,274154672,9060567476,,Deepak Reddy,52,India,,5300834,,7570001270,True,False,False,False,False,False,False,True,False,False,True,True,True,True,[],0,[],[],2024-04-04 04:45:41,4:45 AM,Please share price and images,,,True,[],[],,False,[],False,True,referral,#00AEEF,7570001270,0,0,
Ahmedabad,70605,Polki Earrings,LANDLINE,91,Gujarat,Added manually,2024-01-29 01:43:19,Rising Exports,245131030,9408626355,,Pooja Joshi,51,India,,5418497,,7570001271,True,False,False,True,False,False,False,False,False,False,True,False,True,True,[],0,[],[],2024-02-16 02:34:33,2:34 AM,Interested - send more pics,,,False,[],[],,True,[],False,False,referral,#22C55E,7570001271,0,3,
Ahmedabad,79386,Polki Necklace Set,MOBILE,91,Gujarat,Added via app,2024-11-11 17:44:59,ABC Traders,293891362,9626675977,,Deepak Mehta,54,India,,5260728,,7570001272,True,True,True,True,False,False,False,True,False,False,False,True,False,False,[],0,[],[],2024-11-24 16:18:20,4:18 PM,Need details about Diamond Earrings,,2024-11-24 16:18:20,True,[],[],,True,[],False,True,marketplace,#FF5733,7570001272,,1,
Hyderabad,71786,Kundan Bracelet,LANDLINE,91,Telangana,Contact added through Website form,2025-07-04 08:51:38,,229421545,9919409114,9007984372,Maya Mehta,54,India,,5994445,,7570001273,True,False,False,True,False,True,True,False,False,False,False,True,False,True,[],0,[],[],2025-07-09 02:44:04,2:44 AM,Please share price and images,,,True,[],[],,True,[],True,True,referral,#00AEEF,7570001273,,2,1755241438
Chennai,77686,Gold Ring,MOBILE,91,Tamil Nadu,Added manually,2024-04-04 11:25:52,,249991718,9958313624,,Isha Patel,53,India,,5907184,,7570001274,False,True,False,True,False,False,False,False,True,True,False,False,True,True,[],0,[],[],2024-04-17 13:29:23,1:29 PM,Need details about Gold Ring,,2024-04-17 13:29:23,False,[],[],,False,[],False,True,marketplace,#22C55E,7570001274,0,1,
Bengaluru,75139,Silver Anklet,LANDLINE,91,Karnataka,Contact added through Website form,2025-02-12 08:00:13,,289529526,9252269129,9680528378,Isha Rathore,52,India,,5348683,,7570001275,False,False,True,True,False,True,True,False,False,False,False,True,False,True,[],0,[],[],2025-03-08 11:46:45,11:46 AM,Need details about Mangalsutra,,,True,[],[],,True,[],False,True,marketplace,#FF5733,7570001275,0,3,
Chennai,73385,Gold Ring,LANDLINE,91,Tamil Nadu,Contact added through Website form,2024-07-23 02:48:43,,226946078,9706802024,,Isha Verma,53,India,,5090914,,7570001276,True,False,False,True,False,False,True,False,True,True,True,False,False,True,[],0,[],[],2024-08-01 16:18:14,4:18 PM,Interested - send more pics,,2024-08-01 16:18:14,True,[],[],,False,[],False,True,referral,#00AEEF,7570001276,,2,
Chennai,78119,Pearl Necklace,MOBILE,91,Tamil Nadu,Added manually,2025-04-02 09:58:16,,240857582,9566638745,,Ravi Mehta,54,India,,5015840,,7570001277,False,False,False,True,True,False,True,False,False,False,False,False,True,True,[],0,[],[],2025-04-03 18:08:21,6:08 PM,Interested - send more pics,,,False,[],[],,False,[],True,True,ad,#00AEEF,7570001277,1,3,
Kolkata,73881,Gold Ring,LANDLINE,91,West Bengal,Added via app,2025-03-12 03:10:20,,241778820,9269618697,,Sneha Joshi,52,India,,5573730,,7570001278,False,False,True,True,False,False,False,True,False,False,True,False,False,True,[],0,[],[],2025-04-03 01:06:43,1:06 AM,Please share price and images,,,True,[],[],,True,[],False,False,referral,#F4B536,7570001278,0,0,
Bengaluru,71174,Gold Ring,LANDLINE,91,Karnataka,Added via app,2024-01-06 17:43:47,,284461886,9544202826,,Priya Mehta,53,India,,5515267,,7570001279,False,False,False,False,False,True,False,True,False,False,False,False,False,True,[],0,[],[],2024-01-12 03:22:31,3:22 AM,Interested - send more pics,,2024-01-12 03:22:31,True,[],[],,False,[],False,False,ad,#22C55E,7570001279,0,4,
Pune,79898,Kundan Bracelet,MOBILE,91,Maharashtra,Contact added through Website form,2024-11-15 14:01:24,,204222124,9996487992,,Ankit Sharma,51,India,,5477809,,7570001280,False,True,False,True,True,True,False,False,True,False,True,True,False,True,[],0,[],[],2024-11-28 22:58:23,10:58 PM,Is this available in stock?,,,False,[],[],,True,[],True,True,marketplace,#FF5733,7570001280,,2,1755759838
Bengaluru,73400,Kundan Bracelet,LANDLINE,91,Karnataka,Imported from CSV,2024-02-15 12:05:09,,219614787,9696845456,,Vikram Verma,52,India,,5961334,,7570001281,False,False,False,False,True,False,True,False,True,False,False,True,True,True,[],0,[],[],2024-03-14 21:49:14,9:49 PM,Please share price and images,,2024-03-14 21:49:14,True,[],[],,True,[],False,True,organic,#22C55E,7570001281,0,0,
Chennai,71469,Kundan Bracelet,LANDLINE,91,Tamil Nadu,Added via app,2025-01-31 10:35:36,,234677178,9750779288,,Neha Sharma,51,India,,5686529,,7570001282,False,False,True,True,True,True,False,False,True,False,False,True,False,False,[],0,[],[],2025-02-04 20:45:53,8:45 PM,Can I get a discount?,,,True,[],[],,True,[],False,True,referral,#00AEEF,7570001282,0,0,
Mumbai,72549,Pearl Necklace,LANDLINE,91,Maharashtra,Added via app,2025-05-12 11:43:35,,243760176,9688234297,,Isha Naik,53,India,,5066895,,7570001283,True,False,False,False,False,False,False,False,False,False,False,True,True,True,[],0,[],[],2025-05-21 00:42:46,12:42 AM,Need details about Polki Necklace Set,,2025-05-21 00:42:46,True,[],[],,True,[],True,True,marketplace,#00AEEF,7570001283,2,4,
Jaipur,74936,Kundan Bracelet,LANDLINE,91,Rajasthan,Imported from CSV,2024-12-09 10:30:17,,238553154,9549032128,,Neha Kumar,52,India,,5772898,,7570001284,True,False,False,False,True,True,True,False,True,False,False,True,False,True,[],0,[],[],2024-12-25 12:47:03,12:47 PM,Is this available in stock?,,,False,[],[],,False,[],False,True,marketplace,#FF5733,7570001284,2,3,1755327838
Chennai,77795,Diamond Earrings,MOBILE,91,Tamil Nadu,Contact added through Website form,2025-07-12 01:41:24,,243069160,9957201487,,Arjun Patel,52,India,,5435388,,7570001285,False,True,True,True,False,True,False,False,True,False,False,True,False,True,[],0,[],[],2025-07-15 19:12:35,7:12 PM,Please share price and images,,,True,[],[],,False,[],True,True,ad,#22C55E,7570001285,,0,
Bengaluru,74326,Mangalsutra,LANDLINE,91,Karnataka,Added manually,2024-12-10 23:31:12,,242872965,9975491793,,Sneha Patel,51,India,,5212769,,7570001286,True,False,False,True,False,True,False,False,True,False,False,True,False,True,[],0,[],[],2024-12-12 17:52:09,5:52 PM,Please share price and images,,,False,[],[],,False,[],False,True,organic,#FF5733,7570001286,,2,
Delhi,71418,Gold Ring,LANDLINE,91,Delhi,Added via app,2024-03-25 20:39:52,,204710706,9943538129,9477204872,Siddharth Naik,52,India,,5918958,,7570001287,False,False,False,False,False,True,True,False,False,False,False,True,False,False,[],0,[],[],2024-04-16 22:46:07,10:46 PM,Interested - send more pics,,,False,[],[],,True,[],False,True,referral,#F4B536,7570001287,,1,
Ahmedabad,79322,Polki Earrings,LANDLINE,91,Gujarat,Added via app,2024-08-10 19:06:01,,252610696,9613571509,,Isha Agarwal,52,India,,5597167,,7570001288,True,True,True,False,False,True,False,False,True,False,False,True,False,False,[],0,[],[],2024-08-16 01:12:12,1:12 AM,Is this available in stock?,,,True,[],[],,True,[],False,True,ad,#22C55E,7570001288,0,4,
Kolkata,78733,Polki Necklace Set,LANDLINE,91,West Bengal,Added via app,2024-08-05 02:32:02,ABC Traders,249523212,9579109107,9288388400,Raj Joshi,53,India,,5852971,,7570001289,False,False,False,True,False,True,False,False,True,False,False,False,False,True,[],0,[],[],2024-08-09 10:06:09,10:06 AM,Need details about Gold Ring,,,True,[],[],,True,[],True,False,referral,#22C55E,7570001289,,3,
Chennai,78978,Kundan Bracelet,MOBILE,91,Tamil Nadu,Added via app,2024-12-05 18:59:01,,251411313,9484649650,,Isha Naik,53,India,,5639447,,7570001290,True,False,False,True,True,False,True,True,True,True,True,True,False,True,[],0,[],[],2024-12-20 07:48:06,7:48 AM,Please share price and images,,2024-12-20 07:48:06,False,[],[],,True,[],True,False,organic,#00AEEF,7570001290,,1,
Udaipur,71297,Mangalsutra,LANDLINE,91,Rajasthan,Contact added through Website form,2024-10-06 05:52:54,Golden Jewels,294494022,9724239309,,Isha Rathore,54,India,,5253898,,7570001291,False,False,False,False,False,True,False,False,False,False,False,True,False,True,[],0,[],[],2024-11-04 10:34:24,10:34 AM,Please share price and images,,2024-11-04 10:34:24,True,[],[],,True,[],True,False,referral,#00AEEF,7570001291,,5,
Kolkata,78649,Gold Ring,MOBILE,91,West Bengal,Imported from CSV,2025-04-08 15:44:49,,287421786,9806883257,,Rohit Naik,54,India,,5353811,,7570001292,True,False,True,True,False,True,True,True,False,True,True,True,False,False,[],0,[],[],2025-05-03 01:55:02,1:55 AM,Need details about Silver Anklet,,,False,[],[],,True,[],True,True,marketplace,#00AEEF,7570001292,0,1,
Ahmedabad,70899,Mangalsutra,MOBILE,91,Gujarat,Added via app,2024-07-27 08:42:38,Golden Jewels,218156328,9907938156,,Rohit Patel,54,India,,5703292,,7570001293,False,False,True,False,False,False,True,False,True,False,True,False,True,False,[],0,[],[],2024-08-20 13:55:18,1:55 PM,Need details about Kundan Bracelet,,2024-08-20 13:55:18,True,[],[],,False,[],False,True,marketplace,#00AEEF,7570001293,,4,
Delhi,73864,Polki Earrings,MOBILE,91,Delhi,Imported from CSV,2025-02-28 18:19:09,,209388338,9107801251,,Neha Singh,54,India,,5967804,,7570001294,True,False,False,False,True,True,False,True,True,True,False,True,False,True,[],0,[],[],2025-03-11 18:33:47,6:33 PM,Need details about Kundan Bracelet,,,False,[],[],,True,[],False,True,marketplace,#22C55E,7570001294,2,4,
Bengaluru,76860,Diamond Earrings,LANDLINE,91,Karnataka,Imported from CSV,2024-11-04 11:49:34,Rising Exports,294737056,9352939326,,Ankit Kapoor,52,India,,5205259,,7570001295,True,False,False,True,False,False,False,False,True,True,False,False,True,True,[],0,[],[],2024-11-12 16:27:03,4:27 PM,Need details about Pearl Necklace,,,False,[],[],,False,[],True,False,referral,#F4B536,7570001295,,1,
Bengaluru,70670,Mangalsutra,MOBILE,91,Karnataka,Imported from CSV,2024-07-28 00:18:13,,220879448,9280557670,9540131363,Priya Chopra,51,India,,5323140,,7570001296,False,True,False,True,True,True,False,False,False,True,False,True,False,True,[],0,[],[],2024-08-18 23:33:27,11:33 PM,Can I get a discount?,,,True,[],[],,True,[],False,False,referral,#00AEEF,7570001296,,2,
Hyderabad,77881,Kundan Bracelet,MOBILE,91,Telangana,Contact added through Website form,2025-02-03 17:27:08,,282034166,9514070277,,Arjun Agarwal,52,India,,5454557,,7570001297,True,False,False,False,True,False,True,False,False,True,False,True,False,True,[],0,[],[],2025-02-12 18:03:53,6:03 PM,Please share price and images,,,False,[],[],,True,[],True,True,referral,#F4B536,7570001297,3,3,
Kolkata,72018,Polki Necklace Set,LANDLINE,91,West Bengal,Imported from CSV,2024-10-16 21:13:56,Shree Enterprises,255808852,9044685236,9584891969,Maya Rathore,53,India,,5774914,,7570001298,True,False,True,True,False,False,True,False,True,True,False,True,False,True,[],0,[],[],2024-11-01 17:22:34,5:22 PM,Interested - send more pics,,,False,[],[],,True,[],False,True,organic,#FF5733,7570001298,0,5,
Ahmedabad,71166,Silver Anklet,MOBILE,91,Gujarat,Imported from CSV,2024-08-05 00:53:33,,210516169,9052899156,,Rohit Kohli,52,India,,5192947,,7570001299,False,False,True,False,True,True,True,False,True,False,False,True,False,True,[],0,[],[],2024-08-11 18:48:32,6:48 PM,Need details about Gold Ring,,,True,[],[],,True,[],False,True,marketplace,#22C55E,7570001299,2,1,1755241438
Pune,72577,Polki Earrings,MOBILE,91,Maharashtra,Imported from CSV,2025-03-24 19:25:20,,258922171,9502274261,,Isha Bhat,54,India,,5578074,,7570001300,False,True,False,False,False,True,False,False,False,False,False,True,False,False,[],0,[],[],2025-04-01 09:36:32,9:36 AM,Can I get a discount?,,,False,[],[],,True,[],False,True,referral,#F4B536,7570001300,,1,
Udaipur,72837,Kundan Bracelet,MOBILE,91,Rajasthan,Added via app,2024-01-11 00:10:17,ABC Traders,279211025,9084970832,,Maya Gupta,51,India,,5538897,,7570001301,False,False,True,True,False,True,False,False,False,False,False,False,True,False,[],0,[],[],2024-02-05 03:21:31,3:21 AM,Need details about Pearl Necklace,,,True,[],[],,True,[],False,True,organic,#FF5733,7570001301,1,2,
Jaipur,76706,Mangalsutra,MOBILE,91,Rajasthan,Imported from CSV,2025-02-22 06:30:45,,211605747,9405622069,,Neha Jain,51,India,,5706921,,7570001302,False,True,False,False,False,True,False,False,True,False,False,False,False,False,[],0,[],[],2025-03-07 12:35:22,12:35 PM,Can I get a discount?,,,False,[],[],,True,[],False,True,referral,#FF5733,7570001302,,0,
Hyderabad,75733,Polki Earrings,LANDLINE,91,Telangana,Added manually,2025-05-19 18:49:27,Rising Exports,211230005,9463468410,,Isha Mehta,54,India,,5841455,,7570001303,True,False,False,True,True,True,True,True,False,True,False,True,True,True,[],0,[],[],2025-05-23 08:11:28,8:11 AM,Interested - send more pics,,2025-05-23 08:11:28,True,[],[],,True,[],True,False,marketplace,#F4B536,7570001303,0,0,
Chennai,79700,Kundan Bracelet,LANDLINE,91,Tamil Nadu,Added manually,2024-01-16 03:32:43,,253312746,9175029017,,Anushka Reddy,51,India,,5534115,,7570001304,False,False,False,True,False,False,True,False,True,False,False,False,False,True,[],0,[],[],2024-01-29 06:54:50,6:54 AM,Interested - send more pics,,2024-01-29 06:54:50,True,[],[],,True,[],True,False,marketplace,#22C55E,7570001304,,0,
Udaipur,74186,Gold Ring,MOBILE,91,Rajasthan,Added via app,2024-02-01 06:43:36,Golden Jewels,263662285,9001798027,9595659554,Anushka Singh,53,India,,5243892,,7570001305,False,False,True,False,False,False,False,False,False,False,False,True,False,False,[],0,[],[],2024-02-26 09:15:26,9:15 AM,Interested - send more pics,,,True,[],[],,True,[],True,True,marketplace,#22C55E,7570001305,,1,
Delhi,74534,Polki Necklace Set,LANDLINE,91,Delhi,Added manually,2025-01-07 03:15:03,ABC Traders,248278366,9065692995,,Manish Reddy,54,India,,5007583,,7570001306,False,True,False,True,False,False,False,False,True,True,False,True,False,True,[],0,[],[],2025-01-11 08:12:16,8:12 AM,Interested - send more pics,,2025-01-11 08:12:16,False,[],[],,True,[],False,True,ad,#FF5733,7570001306,,1,
Udaipur,75350,Mangalsutra,MOBILE,91,Rajasthan,Added manually,2025-05-25 16:47:31,,249644885,9152669387,9331881391,Neha Jain,51,India,,5461303,,7570001307,True,False,False,False,True,False,False,False,True,False,True,True,False,True,[],0,[],[],2025-06-03 00:10:20,12:10 AM,Can I get a discount?,,,False,[],[],,True,[],False,True,organic,#00AEEF,7570001307,1,0,
Chennai,78414,Pearl Necklace,MOBILE,91,Tamil Nadu,Imported from CSV,2024-02-22 11:05:40,Rising Exports,233580043,9772679588,9703529607,Deepak Mehta,54,India,,5761943,,7570001308,False,False,True,True,False,False,False,False,False,False,False,False,True,True,[],0,[],[],2024-03-16 19:59:35,7:59 PM,Is this available in stock?,,2024-03-16 19:59:35,False,[],[],,True,[],True,True,organic,#00AEEF,7570001308,2,0,
Chennai,79333,Silver Anklet,LANDLINE,91,Tamil Nadu,Added manually,2024-07-09 14:54:05,,256742184,9677688448,,Deepak Mehta,51,India,,5514361,,7570001309,True,False,False,False,True,True,False,True,False,True,False,True,False,False,[],0,[],[],2024-07-18 11:26:13,11:26 AM,Is this available in stock?,,2024-07-18 11:26:13,False,[],[],,True,[],False,True,ad,#F4B536,7570001309,,2,
Delhi,73588,Pearl Necklace,LANDLINE,91,Delhi,Added via app,2025-08-01 00:29:54,,278240769,9606919633,9010309297,Amit Singh,51,India,,5570564,,7570001310,False,True,False,True,False,True,True,False,False,False,False,True,False,True,[],0,[],[],2025-08-01 00:29:54,12:29 AM,Interested - send more pics,,2025-08-01 00:29:54,False,[],[],,True,[],False,True,organic,#00AEEF,7570001310,,0,
Jaipur,79746,Diamond Earrings,LANDLINE,91,Rajasthan,Added manually,2024-07-16 18:59:38,,277222302,9119635951,,Siddharth Mishra,52,India,,5954617,,7570001311,False,False,True,True,False,False,True,False,False,True,False,True,False,True,[],0,[],[],2024-08-06 04:18:02,4:18 AM,Please share price and images,,,False,[],[],,True,[],False,True,organic,#00AEEF,7570001311,0,2,
Chennai,72684,Polki Necklace Set,LANDLINE,91,Tamil Nadu,Added manually,2025-01-05 01:23:23,,259680628,9883234374,,Sneha Jain,53,India,,5788784,,7570001312,False,False,False,False,True,True,True,True,True,True,False,True,False,True,[],0,[],[],2025-01-30 22:38:16,10:38 PM,Please share price and images,,,True,[],[],,True,[],True,False,referral,#FF5733,7570001312,0,3,
Jaipur,75089,Pearl Necklace,MOBILE,91,Rajasthan,Imported from CSV,2025-05-01 19:24:14,,202234813,9419201138,,Kavita Khan,52,India,,5307189,,7570001313,True,False,True,True,False,False,False,False,False,False,False,True,True,True,[],0,[],[],2025-05-23 01:05:15,1:05 AM,Interested - send more pics,,,False,[],[],,True,[],False,True,marketplace,#22C55E,7570001313,0,5,1755241438
Pune,70048,Mangalsutra,MOBILE,91,Maharashtra,Added manually,2025-08-07 22:14:23,,276892816,9081591054,,Rahul Nair,53,India,,5650527,,7570001314,True,True,True,False,False,True,True,False,False,True,False,True,True,True,[],0,[],[],2025-08-07 22:14:23,10:14 PM,Is this available in stock?,,,False,[],[],,False,[],False,True,referral,#00AEEF,7570001314,0,2,
Bengaluru,74492,Pearl Necklace,LANDLINE,91,Karnataka,Added manually,2025-01-26 08:40:26,,209891694,9457883064,9894807928,Rahul Jain,52,India,,5361111,,7570001315,True,True,False,False,False,True,True,True,False,False,False,True,True,False,[],0,[],[],2025-01-28 08:44:55,8:44 AM,Can I get a discount?,,,True,[],[],,True,[],False,True,organic,#FF5733,7570001315,,2,
Pune,73166,Polki Earrings,LANDLINE,91,Maharashtra,Added manually,2025-05-08 13:18:47,Rising Exports,218895213,9695839617,,Neha Joshi,52,India,,5238473,,7570001316,False,True,False,False,False,False,False,True,False,False,False,False,False,True,[],0,[],[],2025-05-28 23:09:56,11:09 PM,Please share price and images,,,False,[],[],,True,[],False,False,referral,#00AEEF,7570001316,3,3,
Bengaluru,72253,Mangalsutra,LANDLINE,91,Karnataka,Imported from CSV,2025-07-05 04:38:23,,260188814,9259927330,,Deepak Kumar,54,India,,5595403,,7570001317,False,True,True,True,False,True,False,False,False,True,True,False,False,True,[],0,[],[],2025-08-04 03:24:22,3:24 AM,Can I get a discount?,,,False,[],[],,True,[],False,False,organic,#F4B536,7570001317,,5,
Ahmedabad,72933,Polki Earrings,MOBILE,91,Gujarat,Contact added through Website form,2025-03-04 01:59:38,,266747243,9938098580,,Karan Khan,51,India,,5510080,,7570001318,False,False,False,False,False,True,False,False,False,False,False,True,False,True,[],0,[],[],2025-03-23 23:27:26,11:27 PM,Need details about Silver Anklet,,,True,[],[],,True,[],True,False,organic,#FF5733,7570001318,0,5,
Hyderabad,77934,Polki Earrings,LANDLINE,91,Telangana,Added manually,2025-03-16 18:31:56,ABC Traders,283688317,9570851189,9785854379,Sneha Mishra,54,India,,5049175,,7570001319,False,False,False,True,False,True,True,False,False,True,False,True,False,True,[],0,[],[],2025-04-06 12:16:00,12:16 PM,Is this available in stock?,,2025-04-06 12:16:00,False,[],[],,False,[],False,True,referral,#22C55E,7570001319,0,2,
Jaipur,76215,Kundan Bracelet,MOBILE,91,Rajasthan,Contact added through Website form,2024-07-03 05:47:34,,272879901,9149866169,,Ankit Chopra,51,India,,5250068,,7570001320,True,True,False,False,False,True,False,False,False,False,False,True,False,False,[],0,[],[],2024-07-25 17:22:21,5:22 PM,Interested - send more pics,,2024-07-25 17:22:21,True,[],[],,True,[],True,True,organic,#FF5733,7570001320,,5,
Pune,78479,Diamond Earrings,LANDLINE,91,Maharashtra,Added via app,2024-01-11 19:05:30,,233415661,9630954146,,Deepak Jain,53,India,,5375733,,7570001321,True,False,True,False,False,True,False,False,False,False,False,True,False,True,[],0,[],[],2024-01-24 23:27:26,11:27 PM,Interested - send more pics,,,True,[],[],,True,[],True,False,marketplace,#F4B536,7570001321,,3,
Delhi,70895,Polki Earrings,LANDLINE,91,Delhi,Added via app,2025-02-19 12:04:23,,255924861,9989901016,9312474663,Maya Joshi,52,India,,5154187,,7570001322,True,False,True,True,False,False,False,False,True,True,True,True,True,False,[],0,[],[],2025-03-15 20:59:16,8:59 PM,Need details about Diamond Earrings,,2025-03-15 20:59:16,True,[],[],,False,[],False,True,ad,#00AEEF,7570001322,,4,
Bengaluru,70525,Polki Necklace Set,LANDLINE,91,Karnataka,Added manually,2025-02-01 12:05:04,,243581286,9902176393,,Siddharth Joshi,51,India,,5304774,,7570001323,True,False,True,False,False,True,False,False,False,False,False,True,True,True,[],0,[],[],2025-02-09 12:31:17,12:31 PM,Please share price and images,,,False,[],[],,False,[],False,True,ad,#F4B536,7570001323,,1,
Delhi,73800,Kundan Bracelet,MOBILE,91,Delhi,Added via app,2024-09-20 08:50:11,,273116295,9712976139,9870806405,Ankit Gupta,52,India,,5976951,,7570001324,False,False,False,True,False,True,False,False,True,False,True,True,False,True,[],0,[],[],2024-10-12 01:09:07,1:09 AM,Interested - send more pics,,2024-10-12 01:09:07,True,[],[],,True,[],False,True,organic,#00AEEF,7570001324,0,5,
Udaipur,76759,Pearl Necklace,LANDLINE,91,Rajasthan,Added manually,2024-07-09 10:55:38,,260469400,9062807338,,Vikram Bhat,52,India,,5946864,,7570001325,False,False,False,True,False,True,False,True,True,False,False,False,False,True,[],0,[],[],2024-07-21 18:27:35,6:27 PM,Is this available in stock?,,,False,[],[],,False,[],False,False,referral,#FF5733,7570001325,0,5,
Udaipur,73151,Pearl Necklace,LANDLINE,91,Rajasthan,Contact added through Website form,2025-05-02 04:55:26,Shree Enterprises,246465613,9729389888,,Amit Naik,51,India,,5581738,,7570001326,False,False,True,True,True,True,True,False,True,True,True,False,True,True,[],0,[],[],2025-05-20 13:20:28,1:20 PM,Please share price and images,,,False,[],[],,True,[],False,True,referral,#F4B536,7570001326,1,1,
Kolkata,74376,Diamond Earrings,MOBILE,91,West Bengal,Contact added through Website form,2024-12-19 15:04:30,Shree Enterprises,229612400,9710913803,9257357038,Ravi Naik,51,India,,5781314,,7570001327,True,True,False,False,False,True,True,False,True,False,False,True,False,False,[],0,[],[],2024-12-26 14:19:05,2:19 PM,Can I get a discount?,,,True,[],[],,True,[],False,True,organic,#00AEEF,7570001327,,1,
Jaipur,70254,Pearl Necklace,MOBILE,91,Rajasthan,Contact added through Website form,2024-09-26 16:57:31,,212369416,9504834078,9194724575,Priya Bhat,54,India,,5299901,,7570001328,True,False,False,False,False,True,False,True,True,False,False,True,False,True,[],0,[],[],2024-10-13 19:35:15,7:35 PM,Please share price and images,,2024-10-13 19:35:15,False,[],[],,False,[],True,False,ad,#FF5733,7570001328,,4,
Mumbai,74511,Mangalsutra,LANDLINE,91,Maharashtra,Added manually,2024-09-20 23:08:43,,211813228,9458987234,,Rahul Rathore,53,India,,5693147,,7570001329,True,False,True,False,True,True,True,True,True,False,False,False,True,True,[],0,[],[],2024-10-06 04:56:26,4:56 AM,Can I get a discount?,,,True,[],[],,False,[],True,True,ad,#FF5733,7570001329,0,3,1755155038
Delhi,73656,Gold Ring,LANDLINE,91,Delhi,Added via app,2024-05-24 07:36:44,,264542729,9837941295,9176560092,Vikram Khan,54,India,,5448264,,7570001330,False,False,False,True,False,True,True,True,True,False,False,True,True,True,[],0,[],[],2024-06-04 17:46:13,5:46 PM,Is this available in stock?,,,False,[],[],,False,[],False,True,ad,#FF5733,7570001330,,2,1755673438
Bengaluru,70919,Silver Anklet,MOBILE,91,Karnataka,Contact added through Website form,2025-02-02 08:12:09,,217232834,9632263607,,Deepak Singh,53,India,,5413936,,7570001331,False,False,False,True,False,True,False,False,True,False,False,True,False,True,[],0,[],[],2025-02-06 12:37:37,12:37 PM,Please share price and images,,,False,[],[],,True,[],True,True,ad,#F4B536,7570001331,2,2,
Jaipur,78997,Pearl Necklace,LANDLINE,91,Rajasthan,Imported from CSV,2025-02-16 10:11:17,,241433286,9661573564,,Anushka Kohli,54,India,,5185562,,7570001332,True,True,False,False,False,False,True,False,False,True,False,True,True,True,[],0,[],[],2025-03-04 02:43:10,2:43 AM,Need details about Kundan Bracelet,,,True,[],[],,False,[],True,True,marketplace,#22C55E,7570001332,,3,
Pune,70004,Silver Anklet,LANDLINE,91,Maharashtra,Added manually,2025-06-01 15:47:20,ABC Traders,258287384,9023660260,,Manish Mishra,51,India,,5728956,,7570001333,True,True,False,True,False,False,False,False,False,False,False,True,True,True,[],0,[],[],2025-07-01 13:45:31,1:45 PM,Please share price and images,,2025-07-01 13:45:31,True,[],[],,True,[],False,True,organic,#00AEEF,7570001333,0,3,
Pune,76685,Mangalsutra,MOBILE,91,Maharashtra,Added via app,2024-05-02 17:17:21,Rising Exports,277694017,9554059992,,Sneha Joshi,54,India,,5099033,,7570001334,True,False,True,True,False,False,False,False,True,False,False,False,False,True,[],0,[],[],2024-05-18 05:50:30,5:50 AM,Please share price and images,,,True,[],[],,False,[],False,False,organic,#F4B536,7570001334,3,5,
Bengaluru,79134,Kundan Bracelet,LANDLINE,91,Karnataka,Contact added through Website form,2024-07-09 16:02:37,,273327400,9989240491,,Anushka Reddy,52,India,,5251655,,7570001335,True,True,False,True,True,False,False,True,True,False,False,False,True,False,[],0,[],[],2024-07-17 14:38:00,2:38 PM,Can I get a discount?,,,False,[],[],,True,[],False,False,referral,#22C55E,7570001335,3,3,
Ahmedabad,71087,Kundan Bracelet,MOBILE,91,Gujarat,Imported from CSV,2024-01-19 02:15:48,,267373312,9685945248,,Neha Patel,53,India,,5285207,,7570001336,False,True,True,True,False,True,False,False,True,False,True,True,True,True,[],0,[],[],2024-01-20 11:12:02,11:12 AM,Is this available in stock?,,2024-01-20 11:12:02,True,[],[],,True,[],False,True,marketplace,#00AEEF,7570001336,,0,
Bengaluru,76984,Pearl Necklace,LANDLINE,91,Karnataka,Added manually,2025-07-12 07:08:18,ABC Traders,275279427,9955080517,,Priya Joshi,53,India,,5601263,,7570001337,True,False,False,True,False,True,False,False,False,False,False,True,False,True,[],0,[],[],2025-07-22 07:33:49,7:33 AM,Interested - send more pics,,,True,[],[],,False,[],False,False,organic,#22C55E,7570001337,2,3,
Mumbai,77496,Pearl Necklace,LANDLINE,91,Maharashtra,Added manually,2025-05-29 23:05:08,,260802362,9028790333,,Deepak Naik,54,India,,5706799,,7570001338,False,False,False,True,False,True,False,True,True,False,False,True,False,True,[],0,[],[],2025-06-19 13:27:51,1:27 PM,Is this available in stock?,,,True,[],[],,False,[],True,True,ad,#00AEEF,7570001338,0,5,
Mumbai,77110,Silver Anklet,LANDLINE,91,Maharashtra,Added manually,2024-12-11 16:20:24,,266942163,9536988341,,Pooja Singh,53,India,,5589708,,7570001339,True,False,True,False,True,True,True,True,False,True,False,True,False,False,[],0,[],[],2024-12-14 05:09:15,5:09 AM,Is this available in stock?,,,True,[],[],,True,[],False,False,referral,#22C55E,7570001339,1,3,
Hyderabad,78562,Polki Necklace Set,LANDLINE,91,Telangana,Imported from CSV,2025-03-25 21:47:20,,272139297,9534902625,9034233706,Ankit Verma,51,India,,5225745,,7570001340,False,False,False,False,True,True,False,False,False,False,False,True,False,True,[],0,[],[],2025-04-23 03:59:52,3:59 AM,Need details about Pearl Necklace,,2025-04-23 03:59:52,False,[],[],,True,[],False,True,referral,#22C55E,7570001340,0,5,
Chennai,70770,Polki Necklace Set,LANDLINE,91,Tamil Nadu,Imported from CSV,2024-05-24 22:58:44,,282810851,9112065774,,Ankit Agarwal,54,India,,5262785,,7570001341,True,False,True,True,False,False,False,False,True,False,True,True,False,True,[],0,[],[],2024-06-12 23:27:18,11:27 PM,Need details about Pearl Necklace,,2024-06-12 23:27:18,False,[],[],,True,[],False,True,ad,#F4B536,7570001341,0,3,
Pune,79016,Silver Anklet,MOBILE,91,Maharashtra,Imported from CSV,2024-09-05 03:48:34,Shree Enterprises,289701973,9160899440,,Priya Joshi,51,India,,5023437,,7570001342,False,False,False,True,False,True,False,True,False,False,False,False,False,True,[],0,[],[],2024-10-02 02:43:40,2:43 AM,Is this available in stock?,,,True,[],[],,False,[],False,True,organic,#22C55E,7570001342,,4,
Jaipur,75717,Polki Earrings,LANDLINE,91,Rajasthan,Added via app,2024-07-20 13:54:09,,288030740,9436125494,,Pooja Mishra,54,India,,5430611,,7570001343,False,False,False,False,False,True,True,True,True,False,False,True,False,True,[],0,[],[],2024-07-30 06:41:48,6:41 AM,Need details about Pearl Necklace,,,False,[],[],,True,[],False,True,marketplace,#22C55E,7570001343,3,1,
Bengaluru,71056,Silver Anklet,MOBILE,91,Karnataka,Added via app,2024-10-09 19:56:09,ABC Traders,241464973,9367408852,,Ravi Mehta,53,India,,5835458,,7570001344,False,True,False,False,True,False,True,False,False,True,False,False,True,False,[],0,[],[],2024-10-30 20:39:03,8:39 PM,Can I get a discount?,,2024-10-30 20:39:03,True,[],[],,False,[],False,True,organic,#FF5733,7570001344,0,2,
Hyderabad,74346,Polki Necklace Set,MOBILE,91,Telangana,Added manually,2024-04-10 20:57:59,Golden Jewels,263357254,9027783697,9602278183,Neha Reddy,52,India,,5745878,,7570001345,False,False,False,False,False,True,False,False,False,True,True,True,False,False,[],0,[],[],2024-04-18 13:19:09,1:19 PM,Interested - send more pics,,,True,[],[],,True,[],False,True,organic,#F4B536,7570001345,0,5,
Jaipur,78394,Gold Ring,LANDLINE,91,Rajasthan,Added manually,2024-06-23 09:46:00,,228433754,9991750024,9668507711,Rohit Khan,54,India,,5955695,,7570001346,False,True,True,True,False,True,True,False,True,True,False,True,True,False,[],0,[],[],2024-07-11 01:55:14,1:55 AM,Please share price and images,,2024-07-11 01:55:14,False,[],[],,True,[],False,False,ad,#22C55E,7570001346,0,0,
Udaipur,74467,Mangalsutra,MOBILE,91,Rajasthan,Imported from CSV,2024-09-16 03:46:09,,296468196,9977959415,,Pooja Rathore,52,India,,5974714,,7570001347,False,False,False,False,True,False,True,False,True,True,False,True,True,True,[],0,[],[],2024-09-29 02:12:57,2:12 AM,Can I get a discount?,,,True,[],[],,True,[],True,True,ad,#FF5733,7570001347,,3,
Ahmedabad,79112,Silver Anklet,MOBILE,91,Gujarat,Added manually,2024-03-21 05:46:22,Rising Exports,297313257,9421704697,,Raj Mehta,54,India,,5225274,,7570001348,True,False,False,True,False,True,True,False,False,False,False,False,False,True,[],0,[],[],2024-04-06 18:22:26,6:22 PM,Please share price and images,,,False,[],[],,True,[],False,True,marketplace,#00AEEF,7570001348,0,2,
Mumbai,79486,Silver Anklet,LANDLINE,91,Maharashtra,Contact added through Website form,2024-10-02 19:34:24,,233114608,9137652778,,Anushka Mehta,54,India,,5662761,,7570001349,False,False,False,False,True,True,False,False,True,False,False,True,False,True,[],0,[],[],2024-10-14 01:48:01,1:48 AM,Can I get a discount?,,,True,[],[],,True,[],False,True,marketplace,#22C55E,7570001349,,2,1755327838
Hyderabad,77797,Kundan Bracelet,MOBILE,91,Telangana,Added via app,2024-05-12 15:38:35,,222147889,9556191417,,Manish Kohli,52,India,,5295438,,7570001350,True,False,True,True,True,True,False,False,True,False,False,False,True,True,[],0,[],[],2024-05-18 08:08:02,8:08 AM,Interested - send more pics,,2024-05-18 08:08:02,True,[],[],,True,[],False,False,referral,#22C55E,7570001350,1,2,
Mumbai,78026,Diamond Earrings,MOBILE,91,Maharashtra,Added manually,2024-01-12 06:05:57,,277986532,9630801729,9622988978,Ankit Verma,52,India,,5137052,,7570001351,False,False,False,False,False,True,False,True,True,False,False,False,True,True,[],0,[],[],2024-01-27 13:16:21,1:16 PM,Can I get a discount?,,,True,[],[],,True,[],False,True,organic,#22C55E,7570001351,,0,
Kolkata,78881,Diamond Earrings,MOBILE,91,West Bengal,Added via app,2025-06-02 18:34:18,,243991570,9315343227,,Anushka Verma,53,India,,5155631,,7570001352,True,False,False,True,False,True,True,False,False,True,False,True,True,True,[],0,[],[],2025-06-30 01:23:52,1:23 AM,Please share price and images,,,True,[],[],,True,[],False,False,marketplace,#FF5733,7570001352,2,4,
Udaipur,71731,Kundan Bracelet,MOBILE,91,Rajasthan,Added manually,2025-06-02 10:10:06,,219594579,9646607257,,Anushka Mishra,54,India,,5331442,,7570001353,True,False,False,False,False,True,False,False,False,False,False,False,False,True,[],0,[],[],2025-06-27 17:20:18,5:20 PM,Need details about Polki Necklace Set,,,True,[],[],,True,[],True,True,organic,#FF5733,7570001353,0,5,
Delhi,75723,Gold Ring,LANDLINE,91,Delhi,Added via app,2025-04-26 06:32:12,,283761486,9122841364,,Rohit Kapoor,54,India,,5155762,,7570001354,True,True,False,False,False,True,False,True,False,False,True,False,False,False,[],0,[],[],2025-05-06 01:52:41,1:52 AM,Need details about Gold Ring,,,False,[],[],,True,[],False,True,organic,#FF5733,7570001354,0,2,
Pune,75501,Kundan Bracelet,MOBILE,91,Maharashtra,Imported from CSV,2025-02-03 15:24:09,,215782988,9220427287,,Siddharth Chopra,53,India,,5498977,,7570001355,True,True,False,True,True,True,True,False,True,True,False,True,False,True,[],0,[],[],2025-02-18 11:18:09,11:18 AM,Is this available in stock?,,,False,[],[],,True,[],False,False,organic,#F4B536,7570001355,0,4,
Chennai,75336,Kundan Bracelet,LANDLINE,91,Tamil Nadu,Added via app,2024-10-18 08:40:52,,208732048,9642220481,,Arjun Joshi,53,India,,5471998,,7570001356,True,False,False,False,True,True,True,True,True,False,False,True,False,True,[],0,[],[],2024-11-06 19:32:14,7:32 PM,Interested - send more pics,,,True,[],[],,True,[],True,True,marketplace,#22C55E,7570001356,0,4,
Kolkata,74719,Polki Necklace Set,LANDLINE,91,West Bengal,Added via app,2024-02-19 16:16:23,,202309689,9983016943,9255179064,Kavita Kapoor,51,India,,5799279,,7570001357,False,False,True,True,True,False,False,False,False,False,True,False,False,False,[],0,[],[],2024-03-07 12:32:23,12:32 PM,Interested - send more pics,,,True,[],[],,True,[],False,False,referral,#00AEEF,7570001357,2,0,
Pune,73083,Pearl Necklace,MOBILE,91,Maharashtra,Imported from CSV,2025-03-21 14:01:31,,211421150,9391185694,9784701926,Isha Mehta,54,India,,5550744,,7570001358,True,False,False,True,False,True,True,True,False,False,False,True,False,True,[],0,[],[],2025-04-06 17:08:31,5:08 PM,Can I get a discount?,,2025-04-06 17:08:31,True,[],[],,False,[],False,True,organic,#F4B536,7570001358,0,2,
Mumbai,77206,Diamond Earrings,LANDLINE,91,Maharashtra,Added manually,2024-04-07 19:51:42,,262191651,9105764473,9914063563,Manish Patel,51,India,,5438959,,7570001359,False,False,False,True,False,False,False,True,True,False,False,False,False,True,[],0,[],[],2024-04-09 06:12:00,6:12 AM,Interested - send more pics,,,False,[],[],,True,[],False,False,organic,#00AEEF,7570001359,0,3,
Jaipur,74335,Mangalsutra,MOBILE,91,Rajasthan,Added via app,2024-01-22 12:11:13,,203765010,9943214133,,Manish Sharma,51,India,,5726361,,7570001360,False,False,False,True,False,True,False,True,False,False,False,True,False,True,[],0,[],[],2024-02-06 05:48:51,5:48 AM,Is this available in stock?,,,False,[],[],,True,[],True,True,organic,#00AEEF,7570001360,0,5,
Udaipur,76625,Kundan Bracelet,LANDLINE,91,Rajasthan,Imported from CSV,2024-05-14 10:06:06,,246595865,9598520520,,Deepak Nair,54,India,,5821660,,7570001361,True,False,True,True,True,False,False,False,True,True,False,False,True,True,[],0,[],[],2024-06-01 07:44:55,7:44 AM,Need details about Polki Necklace Set,,,False,[],[],,True,[],False,False,referral,#F4B536,7570001361,0,0,1755241438
Jaipur,73111,Kundan Bracelet,MOBILE,91,Rajasthan,Contact added through Website form,2024-05-19 16:28:16,,245025538,9852749154,,Sneha Agarwal,53,India,,5687535,,7570001362,True,False,False,True,False,True,False,True,False,False,False,True,True,True,[],0,[],[],2024-05-19 22:48:40,10:48 PM,Please share price and images,,,True,[],[],,False,[],False,True,marketplace,#00AEEF,7570001362,,0,
Bengaluru,78895,Silver Anklet,LANDLINE,91,Karnataka,Contact added through Website form,2024-06-03 04:01:57,,231782545,9406623231,,Ravi Joshi,52,India,,5249301,,7570001363,True,False,True,False,True,False,False,True,False,False,True,True,True,True,[],0,[],[],2024-06-19 21:32:46,9:32 PM,Please share price and images,,,True,[],[],,True,[],False,True,ad,#F4B536,7570001363,0,1,
Bengaluru,70249,Silver Anklet,LANDLINE,91,Karnataka,Added manually,2024-03-15 21:35:11,,287431715,9503758499,,Ankit Mehta,54,India,,5081739,,7570001364,False,False,False,True,True,True,False,True,True,False,False,False,False,True,[],0,[],[],2024-03-30 15:54:13,3:54 PM,Need details about Polki Earrings,,,False,[],[],,False,[],False,False,ad,#FF5733,7570001364,2,2,1754982238
Bengaluru,72920,Silver Anklet,MOBILE,91,Karnataka,Added manually,2025-01-29 11:19:38,,217322796,9483294745,,Sneha Kumar,52,India,,5242191,,7570001365,True,True,False,False,False,False,True,False,True,False,False,False,False,True,[],0,[],[],2025-02-09 12:57:24,12:57 PM,Need details about Diamond Earrings,,,True,[],[],,True,[],True,False,ad,#F4B536,7570001365,1,1,
Jaipur,70505,Silver Anklet,LANDLINE,91,Rajasthan,Added manually,2024-02-19 12:04:16,,291406256,9281760597,,Rahul Mishra,54,India,,5803188,,7570001366,True,True,True,False,False,False,False,False,True,False,False,True,True,True,[],0,[],[],2024-02-28 12:42:23,12:42 PM,Please share price and images,,,True,[],[],,False,[],False,True,organic,#22C55E,7570001366,0,5,
Kolkata,75847,Gold Ring,LANDLINE,91,West Bengal,Added manually,2024-11-15 07:46:02,,262095994,9852928740,,Raj Mishra,51,India,,5496099,,7570001367,False,False,False,False,False,False,False,True,True,False,True,True,False,True,[],0,[],[],2024-12-13 01:56:13,1:56 AM,Interested - send more pics,,,True,[],[],,True,[],True,True,ad,#FF5733,7570001367,1,2,
Pune,74744,Mangalsutra,LANDLINE,91,Maharashtra,Added via app,2024-11-05 19:30:37,ABC Traders,237370983,9847216873,9855272452,Neha Jain,53,India,,5476157,,7570001368,True,False,False,False,True,False,True,False,True,False,True,True,True,True,[],0,[],[],2024-11-20 13:25:25,1:25 PM,Is this available in stock?,,,True,[],[],,False,[],False,False,marketplace,#F4B536,7570001368,2,4,1755155038
Chennai,75284,Diamond Earrings,MOBILE,91,Tamil Nadu,Added manually,2024-05-30 12:11:56,,235424353,9794341957,9684480602,Ankit Mishra,54,India,,5384742,,7570001369,True,False,False,True,False,True,False,False,False,False,False,True,True,True,[],0,[],[],2024-06-27 05:34:36,5:34 AM,Is this available in stock?,,,True,[],[],,True,[],False,True,ad,#FF5733,7570001369,0,0,
Hyderabad,73453,Polki Necklace Set,LANDLINE,91,Telangana,Contact added through Website form,2025-05-27 11:02:45,,297087115,9014125472,,Deepak Singh,51,India,,5336026,,7570001370,True,True,False,True,False,False,False,False,False,True,False,True,True,True,[],0,[],[],2025-06-22 07:07:40,7:07 AM,Is this available in stock?,,,True,[],[],,False,[],True,True,organic,#00AEEF,7570001370,0,5,
Chennai,71364,Polki Earrings,LANDLINE,91,Tamil Nadu,Added manually,2025-04-08 12:29:11,,295222263,9922447301,,Anushka Agarwal,52,India,,5886968,,7570001371,False,False,False,False,True,True,True,False,True,False,False,True,True,False,[],0,[],[],2025-04-18 09:41:59,9:41 AM,Is this available in stock?,,,False,[],[],,True,[],True,True,ad,#F4B536,7570001371,,5,1755155038
Udaipur,72702,Mangalsutra,MOBILE,91,Rajasthan,Imported from CSV,2025-05-26 15:32:11,,296298765,9331526665,9869100164,Kavita Gupta,54,India,,5967552,,7570001372,False,False,True,True,True,True,False,False,False,False,False,True,False,True,[],0,[],[],2025-06-15 10:20:55,10:20 AM,Please share price and images,,,False,[],[],,True,[],True,True,organic,#FF5733,7570001372,,4,
Delhi,70848,Kundan Bracelet,LANDLINE,91,Delhi,Contact added through Website form,2024-07-22 15:42:57,,215859842,9363031866,,Anushka Chopra,53,India,,5169653,,7570001373,False,False,True,False,True,False,False,False,True,False,True,True,False,True,[],0,[],[],2024-08-04 04:50:04,4:50 AM,Can I get a discount?,,2024-08-04 04:50:04,False,[],[],,False,[],False,True,ad,#F4B536,7570001373,3,3,
Chennai,75197,Mangalsutra,MOBILE,91,Tamil Nadu,Added manually,2024-10-18 13:22:34,,200107104,9416084950,9639727789,Isha Chopra,53,India,,5161617,,7570001374,True,False,False,True,True,True,False,False,True,True,False,False,False,False,[],0,[],[],2024-10-19 05:23:18,5:23 AM,Please share price and images,,2024-10-19 05:23:18,True,[],[],,True,[],False,True,referral,#F4B536,7570001374,1,2,
Udaipur,77544,Diamond Earrings,LANDLINE,91,Rajasthan,Contact added through Website form,2024-05-22 01:03:56,Shree Enterprises,285628742,9533221796,9757470747,Rohit Bhat,52,India,,5169729,,7570001375,False,True,True,False,False,True,True,False,True,True,False,False,True,True,[],0,[],[],2024-05-24 05:35:23,5:35 AM,Interested - send more pics,,2024-05-24 05:35:23,True,[],[],,False,[],True,False,marketplace,#F4B536,7570001375,,5,
Ahmedabad,77994,Gold Ring,MOBILE,91,Gujarat,Added manually,2024-11-27 14:35:05,,277360963,9375023620,9083241711,Karan Joshi,51,India,,5796286,,7570001376,False,False,False,True,False,True,False,False,True,False,True,True,False,True,[],0,[],[],2024-12-27 05:08:29,5:08 AM,Interested - send more pics,,2024-12-27 05:08:29,True,[],[],,False,[],False,True,ad,#00AEEF,7570001376,,4,
Ahmedabad,74557,Silver Anklet,LANDLINE,91,Gujarat,Imported from CSV,2025-03-31 10:11:30,,213752569,9360912630,,Siddharth Nair,51,India,,5454479,,7570001377,False,False,False,True,True,True,False,False,False,False,False,True,False,True,[],0,[],[],2025-04-20 05:41:22,5:41 AM,Interested - send more pics,,,False,[],[],,True,[],True,False,marketplace,#FF5733,7570001377,0,5,
Chennai,71438,Gold Ring,LANDLINE,91,Tamil Nadu,Contact added through Website form,2024-06-18 23:57:28,,201351336,9914871513,,Ankit Kumar,51,India,,5128512,,7570001378,True,False,True,True,False,False,False,False,True,False,False,True,False,True,[],0,[],[],2024-07-16 00:31:45,12:31 AM,Is this available in stock?,,2024-07-16 00:31:45,True,[],[],,True,[],False,True,ad,#00AEEF,7570001378,1,4,
Bengaluru,77828,Polki Earrings,MOBILE,91,Karnataka,Added manually,2024-07-03 16:47:49,,201174271,9026924703,9046385544,Isha Gupta,52,India,,5533645,,7570001379,False,False,False,False,False,True,True,False,True,True,False,True,False,True,[],0,[],[],2024-07-28 19:36:39,7:36 PM,Can I get a discount?,,,True,[],[],,True,[],False,True,ad,#22C55E,7570001379,0,5,
Hyderabad,77170,Kundan Bracelet,LANDLINE,91,Telangana,Added via app,2024-09-03 07:34:34,ABC Traders,203417853,9944253966,,Rohit Patel,52,India,,5533487,,7570001380,True,False,False,True,False,True,False,False,True,False,False,True,True,True,[],0,[],[],2024-09-18 00:05:56,12:05 AM,Can I get a discount?,,,False,[],[],,True,[],False,True,referral,#22C55E,7570001380,0,5,
Ahmedabad,75345,Diamond Earrings,MOBILE,91,Gujarat,Imported from CSV,2024-06-19 14:35:33,,210998530,9251724608,9679658299,Neha Kohli,51,India,,5363032,,7570001381,True,False,False,True,False,True,False,False,False,False,False,True,False,False,[],0,[],[],2024-06-20 11:26:31,11:26 AM,Interested - send more pics,,2024-06-20 11:26:31,True,[],[],,True,[],True,True,organic,#22C55E,7570001381,0,3,
Hyderabad,73556,Diamond Earrings,LANDLINE,91,Telangana,Contact added through Website form,2024-06-19 18:01:05,Shree Enterprises,223424272,9962315294,,Ankit Chopra,51,India,,5751716,,7570001382,True,False,False,False,False,True,True,False,True,False,False,True,False,True,[],0,[],[],2024-06-26 17:22:05,5:22 PM,Can I get a discount?,,2024-06-26 17:22:05,False,[],[],,True,[],True,True,organic,#22C55E,7570001382,0,1,
Delhi,77308,Polki Earrings,LANDLINE,91,Delhi,Imported from CSV,2024-07-01 02:56:15,,292993673,9768456677,9918523158,Ravi Reddy,51,India,,5333454,,7570001383,False,False,False,False,False,True,False,False,False,False,True,True,False,True,[],0,[],[],2024-07-13 17:49:00,5:49 PM,Need details about Silver Anklet,,,False,[],[],,False,[],True,True,organic,#F4B536,7570001383,0,2,
Delhi,70032,Pearl Necklace,LANDLINE,91,Delhi,Contact added through Website form,2025-03-21 13:54:07,,285773115,9488145945,,Amit Khan,53,India,,5997100,,7570001384,True,False,True,False,False,True,True,False,True,False,False,True,False,True,[],0,[],[],2025-04-14 00:37:13,12:37 AM,Please share price and images,,,False,[],[],,True,[],False,False,organic,#FF5733,7570001384,2,2,
Mumbai,70719,Diamond Earrings,LANDLINE,91,Maharashtra,Imported from CSV,2024-10-13 19:41:44,,261930349,9678588212,,Karan Patel,53,India,,5635018,,7570001385,True,False,False,False,False,True,True,True,False,True,True,True,True,True,[],0,[],[],2024-10-15 13:36:49,1:36 PM,Please share price and images,,,False,[],[],,False,[],False,False,marketplace,#FF5733,7570001385,,4,
Ahmedabad,74975,Mangalsutra,LANDLINE,91,Gujarat,Added manually,2025-06-04 20:31:19,,239875451,9742656340,,Rahul Agarwal,51,India,,5273072,,7570001386,True,False,False,False,False,True,False,True,True,True,False,True,False,True,[],0,[],[],2025-06-06 21:59:14,9:59 PM,Need details about Pearl Necklace,,,False,[],[],,True,[],True,True,ad,#F4B536,7570001386,,5,
Udaipur,73119,Silver Anklet,MOBILE,91,Rajasthan,Added via app,2024-09-12 16:03:25,,249550123,9220972928,,Rohit Joshi,51,India,,5282562,,7570001387,False,False,True,False,False,True,False,False,False,True,True,True,False,False,[],0,[],[],2024-09-23 08:25:45,8:25 AM,Interested - send more pics,,,False,[],[],,True,[],False,True,organic,#22C55E,7570001387,1,0,
Ahmedabad,79204,Polki Earrings,LANDLINE,91,Gujarat,Added manually,2024-08-15 19:45:51,,255665748,9211013194,9825041398,Neha Agarwal,54,India,,5954882,,7570001388,False,False,False,True,True,True,False,True,True,False,False,False,False,False,[],0,[],[],2024-08-18 21:50:40,9:50 PM,Is this available in stock?,,,False,[],[],,True,[],True,True,organic,#F4B536,7570001388,0,3,
Hyderabad,74938,Silver Anklet,MOBILE,91,Telangana,Contact added through Website form,2024-06-14 23:19:31,,223543826,9240789793,,Sneha Chopra,52,India,,5895773,,7570001389,True,False,True,True,False,True,False,True,False,False,False,True,True,True,[],0,[],[],2024-07-08 01:11:59,1:11 AM,Can I get a discount?,,,False,[],[],,True,[],False,False,marketplace,#F4B536,7570001389,3,1,
Kolkata,70435,Mangalsutra,MOBILE,91,West Bengal,Added via app,2024-12-05 23:14:38,,247316875,9754255690,9423131701,Karan Jain,54,India,,5197857,,7570001390,True,False,False,False,False,True,False,False,True,False,False,True,False,True,[],0,[],[],2024-12-27 08:18:34,8:18 AM,Is this available in stock?,,,True,[],[],,True,[],True,True,organic,#F4B536,7570001390,0,2,
Delhi,71915,Polki Necklace Set,MOBILE,91,Delhi,Imported from CSV,2025-05-03 23:16:43,,269580442,9168017072,9218356781,Arjun Khan,51,India,,5872172,,7570001391,True,False,False,False,False,False,False,False,False,False,False,True,False,True,[],0,[],[],2025-05-16 02:42:57,2:42 AM,Is this available in stock?,,,False,[],[],,True,[],False,True,referral,#00AEEF,7570001391,3,0,
Ahmedabad,75108,Polki Necklace Set,LANDLINE,91,Gujarat,Contact added through Website form,2025-01-31 16:21:37,,203184850,9993649390,,Maya Singh,54,India,,5427857,,7570001392,True,False,False,True,False,False,False,False,True,True,False,True,False,True,[],0,[],[],2025-02-28 06:39:13,6:39 AM,Is this available in stock?,,,True,[],[],,True,[],True,True,marketplace,#FF5733,7570001392,,4,
Chennai,77116,Gold Ring,MOBILE,91,Tamil Nadu,Imported from CSV,2025-02-02 06:14:20,,264190448,9036080409,,Isha Patel,52,India,,5078605,,7570001393,False,False,False,False,False,True,False,True,True,False,False,True,True,True,[],0,[],[],2025-02-10 12:51:01,12:51 PM,Please share price and images,,2025-02-10 12:51:01,True,[],[],,True,[],True,True,ad,#F4B536,7570001393,2,5,
Kolkata,76863,Diamond Earrings,LANDLINE,91,West Bengal,Contact added through Website form,2025-06-09 07:30:30,,257853936,9857539144,,Arjun Mishra,52,India,,5955981,,7570001394,False,True,True,True,False,True,False,False,True,False,True,True,False,True,[],0,[],[],2025-06-10 13:48:23,1:48 PM,Interested - send more pics,,,True,[],[],,True,[],False,False,organic,#FF5733,7570001394,0,1,
Kolkata,75738,Polki Earrings,LANDLINE,91,West Bengal,Imported from CSV,2025-08-06 09:33:09,,233519297,9550657172,,Neha Mishra,51,India,,5827695,,7570001395,True,False,False,False,False,True,False,False,True,False,False,False,False,True,[],0,[],[],2025-08-08 07:13:58,7:13 AM,Is this available in stock?,,,False,[],[],,True,[],True,True,organic,#FF5733,7570001395,3,2,1755155038
Chennai,74408,Silver Anklet,MOBILE,91,Tamil Nadu,Added via app,2025-01-09 11:27:47,,238311700,9836441732,,Arjun Kumar,54,India,,5710357,,7570001396,False,False,True,True,False,True,False,False,True,False,False,True,False,False,[],0,[],[],2025-01-10 01:18:42,1:18 AM,Can I get a discount?,,,False,[],[],,False,[],False,False,organic,#F4B536,7570001396,0,1,
Mumbai,71824,Polki Earrings,MOBILE,91,Maharashtra,Imported from CSV,2024-08-10 14:33:44,,267046255,9294444157,,Maya Gupta,53,India,,5409122,,7570001397,False,True,False,False,False,True,False,True,False,True,False,True,False,False,[],0,[],[],2024-08-13 22:51:29,10:51 PM,Can I get a discount?,,2024-08-13 22:51:29,True,[],[],,True,[],False,True,referral,#F4B536,7570001397,0,2,
Hyderabad,76654,Polki Necklace Set,LANDLINE,91,Telangana,Contact added through Website form,2025-07-07 01:40:53,,225418652,9667488050,,Arjun Kohli,53,India,,5435708,,7570001398,False,True,False,False,False,True,False,False,False,False,True,True,False,True,[],0,[],[],2025-07-24 01:35:56,1:35 AM,Can I get a discount?,,2025-07-24 01:35:56,True,[],[],,False,[],False,True,marketplace,#F4B536,7570001398,0,4,
Udaipur,78643,Pearl Necklace,MOBILE,91,Rajasthan,Added manually,2025-01-03 12:11:50,,271863759,9653570970,,Raj Chopra,51,India,,5746025,,7570001399,False,True,True,True,False,True,False,False,True,False,True,False,False,True,[],0,[],[],2025-01-28 01:18:16,1:18 AM,Please share price and images,,,False,[],[],,False,[],False,False,organic,#22C55E,7570001399,0,2,
Hyderabad,78315,Pearl Necklace,LANDLINE,91,Telangana,Added via app,2025-01-17 15:04:48,,289904498,9335074026,,Vikram Chopra,51,India,,5200081,,7570001400,False,False,True,True,False,True,True,False,False,False,False,False,False,True,[],0,[],[],2025-01-31 09:28:17,9:28 AM,Please share price and images,,2025-01-31 09:28:17,True,[],[],,True,[],True,True,referral,#00AEEF,7570001400,,5,
Bengaluru,76702,Silver Anklet,LANDLINE,91,Karnataka,Imported from CSV,2024-11-12 20:32:21,,205243979,9736833449,,Ravi Agarwal,52,India,,5419142,,7570001401,True,True,False,False,False,False,False,False,True,True,False,True,True,True,[],0,[],[],2024-11-22 14:41:13,2:41 PM,Can I get a discount?,,,False,[],[],,False,[],False,False,organic,#F4B536,7570001401,0,1,
Hyderabad,71350,Polki Necklace Set,LANDLINE,91,Telangana,Added via app,2024-06-20 15:13:25,,200016145,9021028939,,Amit Gupta,51,India,,5041156,,7570001402,True,False,False,True,False,False,True,False,False,False,False,True,True,False,[],0,[],[],2024-07-10 00:18:35,12:18 AM,Interested - send more pics,,2024-07-10 00:18:35,True,[],[],,False,[],True,False,referral,#FF5733,7570001402,0,3,1755068638
Kolkata,76461,Polki Necklace Set,LANDLINE,91,West Bengal,Contact added through Website form,2024-07-13 07:44:26,,215602751,9179551352,,Deepak Bhat,54,India,,5394225,,7570001403,False,False,True,False,False,True,False,False,True,False,False,True,False,False,[],0,[],[],2024-08-08 01:50:30,1:50 AM,Is this available in stock?,,,True,[],[],,True,[],False,True,ad,#00AEEF,7570001403,0,0,
Jaipur,78028,Mangalsutra,LANDLINE,91,Rajasthan,Added manually,2024-08-14 16:28:34,,238482814,9685503263,,Siddharth Kumar,52,India,,5074981,,7570001404,False,False,False,False,False,True,False,True,True,True,False,True,False,True,[],0,[],[],2024-08-31 14:26:01,2:26 PM,Please share price and images,,,False,[],[],,True,[],False,True,organic,#FF5733,7570001404,,0,
Jaipur,74301,Polki Necklace Set,MOBILE,91,Rajasthan,Added manually,2024-05-12 11:42:29,,290831507,9767606100,,Manish Naik,54,India,,5620844,,7570001405,False,False,False,False,True,False,False,False,True,False,False,True,False,False,[],0,[],[],2024-05-21 18:36:45,6:36 PM,Need details about Pearl Necklace,,,True,[],[],,True,[],False,True,marketplace,#F4B536,7570001405,,2,1755155038
Jaipur,70100,Polki Earrings,LANDLINE,91,Rajasthan,Added via app,2025-04-27 12:52:36,,204548768,9437280403,,Priya Gupta,53,India,,5300208,,7570001406,False,False,True,False,False,True,True,False,False,False,True,False,True,True,[],0,[],[],2025-05-04 12:57:43,12:57 PM,Can I get a discount?,,,True,[],[],,True,[],True,True,marketplace,#F4B536,7570001406,,0,
Bengaluru,78459,Pearl Necklace,LANDLINE,91,Karnataka,Imported from CSV,2025-06-21 06:50:29,,286721298,9152170112,9359079231,Amit Kapoor,54,India,,5516394,,7570001407,True,True,False,False,True,True,False,False,True,False,False,True,False,True,[],0,[],[],2025-07-18 13:05:13,1:05 PM,Interested - send more pics,,2025-07-18 13:05:13,False,[],[],,True,[],False,True,ad,#22C55E,7570001407,,5,
Chennai,70956,Polki Necklace Set,MOBILE,91,Tamil Nadu,Added via app,2025-06-26 07:40:44,Shree Enterprises,257126761,9842188728,,Kavita Gupta,53,India,,5914385,,7570001408,False,False,True,False,True,True,False,False,True,True,False,True,True,True,[],0,[],[],2025-07-18 10:19:45,10:19 AM,Interested - send more pics,,,True,[],[],,True,[],False,True,referral,#00AEEF,7570001408,,1,
Udaipur,79566,Polki Necklace Set,MOBILE,91,Rajasthan,Added manually,2024-09-04 09:15:14,Shree Enterprises,272397519,9877912145,,Rahul Rathore,53,India,,5055999,,7570001409,False,False,False,False,False,True,False,False,False,False,False,True,False,True,[],0,[],[],2024-09-06 09:03:06,9:03 AM,Please share price and images,,,False,[],[],,False,[],True,True,ad,#22C55E,7570001409,3,5,
Pune,73443,Diamond Earrings,MOBILE,91,Maharashtra,Contact added through Website form,2025-02-21 16:03:52,,219653220,9386072977,,Amit Singh,51,India,,5842763,,7570001410,True,False,False,True,False,True,False,False,True,True,False,True,False,True,[],0,[],[],2025-03-08 19:43:42,7:43 PM,Please share price and images,,,False,[],[],,False,[],False,True,organic,#FF5733,7570001410,,4,
Delhi,78476,Kundan Bracelet,LANDLINE,91,Delhi,Imported from CSV,2024-08-22 02:28:31,,251439264,9228861251,,Pooja Naik,54,India,,5745745,,7570001411,False,False,True,True,False,True,False,False,False,False,False,False,False,True,[],0,[],[],2024-09-14 21:48:28,9:48 PM,Please share price and images,,,False,[],[],,True,[],False,True,ad,#22C55E,7570001411,,2,
Jaipur,74396,Pearl Necklace,LANDLINE,91,Rajasthan,Contact added through Website form,2024-11-15 23:12:44,,289837080,9726283439,,Vikram Joshi,54,India,,5811288,,7570001412,True,False,False,True,True,True,False,False,False,False,True,False,False,True,[],0,[],[],2024-11-22 03:02:34,3:02 AM,Interested - send more pics,,,True,[],[],,True,[],False,True,organic,#F4B536,7570001412,0,4,
Mumbai,79710,Mangalsutra,MOBILE,91,Maharashtra,Added via app,2024-07-09 15:05:48,,261234305,9008419911,9783006934,Karan Bhat,54,India,,5947781,,7570001413,False,True,True,True,False,False,False,True,False,False,False,False,True,True,[],0,[],[],2024-08-03 05:48:31,5:48 AM,Need details about Diamond Earrings,,,False,[],[],,True,[],False,True,organic,#FF5733,7570001413,0,1,
Jaipur,70527,Diamond Earrings,MOBILE,91,Rajasthan,Contact added through Website form,2024-12-14 16:26:40,Golden Jewels,293564900,9839320318,,Kavita Nair,53,India,,5496862,,7570001414,False,False,False,False,False,True,False,False,True,True,True,True,False,True,[],0,[],[],2025-01-01 10:13:34,10:13 AM,Is this available in stock?,,,True,[],[],,True,[],False,True,marketplace,#22C55E,7570001414,,4,1755068638
Ahmedabad,78757,Gold Ring,MOBILE,91,Gujarat,Contact added through Website form,2024-11-04 10:44:49,,228083463,9021470748,,Deepak Khan,53,India,,5366804,,7570001415,True,False,True,False,True,True,False,True,False,False,True,False,False,True,[],0,[],[],2024-11-22 00:04:12,12:04 AM,Need details about Pearl Necklace,,,False,[],[],,True,[],True,True,referral,#FF5733,7570001415,,4,
Jaipur,74842,Pearl Necklace,LANDLINE,91,Rajasthan,Added via app,2025-07-20 23:40:04,,244699686,9251152116,9302208229,Ravi Mehta,53,India,,5948585,,7570001416,False,True,True,False,False,False,False,False,False,True,True,True,True,True,[],0,[],[],2025-07-21 09:22:32,9:22 AM,Can I get a discount?,,,True,[],[],,False,[],True,False,ad,#00AEEF,7570001416,,3,
Jaipur,79646,Mangalsutra,MOBILE,91,Rajasthan,Added via app,2024-05-27 02:22:44,,205132335,9472503551,,Neha Rathore,54,India,,5425285,,7570001417,True,False,True,False,False,True,False,False,True,False,False,True,False,False,[],0,[],[],2024-05-27 11:25:44,11:25 AM,Interested - send more pics,,,True,[],[],,False,[],False,False,ad,#FF5733,7570001417,,4,
Chennai,70430,Polki Earrings,LANDLINE,91,Tamil Nadu,Contact added through Website form,2025-02-09 23:17:26,,224728768,9480265375,9280845403,Vikram Reddy,54,India,,5190786,,7570001418,False,False,False,True,False,True,True,False,True,True,False,True,True,True,[],0,[],[],2025-03-10 02:00:30,2:00 AM,Need details about Polki Earrings,,,True,[],[],,True,[],False,True,organic,#FF5733,7570001418,,0,
Delhi,79060,Mangalsutra,MOBILE,91,Delhi,Imported from CSV,2025-01-02 01:11:49,,240494936,9987118919,9225697285,Isha Nair,54,India,,5391050,,7570001419,True,False,False,True,False,True,True,False,False,True,True,True,False,True,[],0,[],[],2025-01-04 16:29:55,4:29 PM,Please share price and images,,,True,[],[],,True,[],True,True,marketplace,#22C55E,7570001419,0,1,
Pune,75105,Mangalsutra,MOBILE,91,Maharashtra,Imported from CSV,2025-07-10 19:07:38,Golden Jewels,220960074,9224401724,,Arjun Chopra,51,India,,5567934,,7570001420,True,False,False,True,False,True,True,False,False,False,True,False,False,True,[],0,[],[],2025-07-29 22:02:54,10:02 PM,Need details about Gold Ring,,,False,[],[],,True,[],False,False,referral,#22C55E,7570001420,0,0,
Kolkata,77904,Silver Anklet,MOBILE,91,West Bengal,Imported from CSV,2024-10-07 21:44:30,,291841928,9861977556,,Ravi Kumar,53,India,,5671626,,7570001421,False,False,False,False,False,False,False,False,False,False,True,False,False,False,[],0,[],[],2024-10-08 18:12:04,6:12 PM,Is this available in stock?,,,False,[],[],,False,[],False,True,referral,#22C55E,7570001421,,3,
Jaipur,72748,Mangalsutra,LANDLINE,91,Rajasthan,Added manually,2024-08-11 08:22:45,,236663092,9982851295,,Anushka Agarwal,52,India,,5591987,,7570001422,False,False,False,True,False,True,False,False,False,False,False,True,False,False,[],0,[],[],2024-08-25 20:11:36,8:11 PM,Interested - send more pics,,,True,[],[],,True,[],True,True,marketplace,#22C55E,7570001422,0,2,
Ahmedabad,78588,Mangalsutra,LANDLINE,91,Gujarat,Added via app,2024-05-14 00:07:05,Golden Jewels,258630448,9564524843,9214112789,Neha Jain,54,India,,5874249,,7570001423,True,False,False,True,True,False,True,False,False,False,False,False,True,True,[],0,[],[],2024-06-05 05:09:31,5:09 AM,Interested - send more pics,,,False,[],[],,True,[],True,True,marketplace,#00AEEF,7570001423,,0,
Mumbai,72324,Kundan Bracelet,LANDLINE,91,Maharashtra,Contact added through Website form,2024-03-24 06:06:37,,259577715,9030547696,,Priya Kohli,51,India,,5325368,,7570001424,False,False,False,False,False,True,False,True,True,False,False,True,False,False,[],0,[],[],2024-04-01 08:01:29,8:01 AM,Can I get a discount?,,2024-04-01 08:01:29,True,[],[],,True,[],False,True,referral,#00AEEF,7570001424,2,4,
Ahmedabad,72927,Mangalsutra,LANDLINE,91,Gujarat,Added manually,2024-12-08 01:54:52,Rising Exports,253733803,9936185480,,Deepak Naik,52,India,,5812298,,7570001425,False,True,True,False,False,True,True,False,False,False,False,True,False,True,[],0,[],[],2025-01-01 22:25:24,10:25 PM,Can I get a discount?,,,True,[],[],,True,[],False,False,referral,#00AEEF,7570001425,0,0,
Mumbai,73897,Pearl Necklace,MOBILE,91,Maharashtra,Imported from CSV,2024-07-28 18:11:43,,237811417,9407569501,,Kavita Singh,54,India,,5597149,,7570001426,True,False,True,True,False,True,False,False,True,True,False,False,True,True,[],0,[],[],2024-07-30 19:32:06,7:32 PM,Interested - send more pics,,,False,[],[],,True,[],False,False,marketplace,#F4B536,7570001426,,5,
Kolkata,74177,Polki Necklace Set,MOBILE,91,West Bengal,Added manually,2024-10-13 18:43:51,Rising Exports,255278789,9286603772,,Rahul Naik,54,India,,5123585,,7570001427,False,False,True,False,False,True,False,False,True,True,False,True,True,True,[],0,[],[],2024-10-25 15:57:26,3:57 PM,Interested - send more pics,,,True,[],[],,True,[],False,True,organic,#FF5733,7570001427,0,4,
Chennai,77182,Polki Necklace Set,MOBILE,91,Tamil Nadu,Added manually,2024-07-12 14:18:25,,286180819,9306439390,9931381781,Siddharth Patel,51,India,,5832376,,7570001428,False,True,False,False,False,True,False,False,True,False,False,False,False,True,[],0,[],[],2024-08-07 13:41:46,1:41 PM,Please share price and images,,,True,[],[],,True,[],False,True,ad,#22C55E,7570001428,3,1,
Delhi,72342,Pearl Necklace,MOBILE,91,Delhi,Contact added through Website form,2024-02-29 10:20:46,,288539470,9150896904,9226348804,Isha Patel,54,India,,5850301,,7570001429,False,True,True,False,False,True,False,False,True,True,False,True,False,True,[],0,[],[],2024-03-09 07:38:55,7:38 AM,Need details about Polki Necklace Set,,2024-03-09 07:38:55,True,[],[],,True,[],False,True,ad,#FF5733,7570001429,,0,1755068638
Ahmedabad,70237,Pearl Necklace,LANDLINE,91,Gujarat,Contact added through Website form,2024-09-30 00:15:23,ABC Traders,299883511,9344776877,9947402840,Rohit Mehta,52,India,,5299690,,7570001430,True,False,False,True,False,True,True,False,False,True,False,True,True,True,[],0,[],[],2024-10-26 19:45:57,7:45 PM,Is this available in stock?,,,True,[],[],,True,[],False,True,marketplace,#FF5733,7570001430,0,2,1755500638
Udaipur,74650,Gold Ring,MOBILE,91,Rajasthan,Contact added through Website form,2024-10-22 13:16:55,,266967429,9444580964,,Priya Kohli,53,India,,5705924,,7570001431,True,False,True,True,False,True,False,False,True,True,False,True,True,True,[],0,[],[],2024-11-11 23:19:24,11:19 PM,Need details about Gold Ring,,,True,[],[],,True,[],False,True,marketplace,#00AEEF,7570001431,2,0,1755587038
Udaipur,71485,Polki Earrings,LANDLINE,91,Rajasthan,Imported from CSV,2024-05-06 00:12:51,,283870442,9817260497,,Karan Reddy,54,India,,5933458,,7570001432,True,False,False,False,True,False,False,False,False,False,False,True,True,False,[],0,[],[],2024-05-30 17:11:18,5:11 PM,Interested - send more pics,,,True,[],[],,True,[],True,True,organic,#00AEEF,7570001432,0,4,
Jaipur,70173,Diamond Earrings,LANDLINE,91,Rajasthan,Imported from CSV,2024-06-28 08:43:55,,239212788,9257724077,9477423841,Priya Mishra,53,India,,5672383,,7570001433,True,True,True,True,False,False,False,False,False,False,False,False,False,True,[],0,[],[],2024-07-13 10:13:10,10:13 AM,Can I get a discount?,,,False,[],[],,True,[],True,True,marketplace,#FF5733,7570001433,0,0,
Mumbai,79612,Polki Necklace Set,MOBILE,91,Maharashtra,Imported from CSV,2024-03-31 02:06:48,,266090005,9851577664,9674733763,Amit Kohli,52,India,,5384788,,7570001434,True,False,False,True,True,False,False,False,False,False,False,True,False,True,[],0,[],[],2024-04-04 15:02:05,3:02 PM,Please share price and images,,,False,[],[],,True,[],False,False,marketplace,#F4B536,7570001434,,5,
Bengaluru,79615,Kundan Bracelet,MOBILE,91,Karnataka,Added manually,2024-01-15 09:26:21,,299394491,9706714577,9509732478,Rahul Joshi,54,India,,5350458,,7570001435,True,False,True,False,False,True,False,False,False,False,False,True,False,False,[],0,[],[],2024-01-21 11:57:49,11:57 AM,Interested - send more pics,,,True,[],[],,True,[],True,True,ad,#22C55E,7570001435,0,0,
Mumbai,73910,Gold Ring,LANDLINE,91,Maharashtra,Added manually,2024-12-04 00:51:17,Golden Jewels,228794654,9582731976,,Amit Sharma,52,India,,5333088,,7570001436,True,False,True,True,True,False,True,False,False,False,False,True,True,False,[],0,[],[],2024-12-25 05:34:41,5:34 AM,Please share price and images,,,False,[],[],,True,[],False,True,marketplace,#00AEEF,7570001436,0,1,
Udaipur,74460,Silver Anklet,MOBILE,91,Rajasthan,Added via app,2024-12-13 19:56:05,,202157103,9966814748,9715514471,Ankit Reddy,54,India,,5227530,,7570001437,True,False,False,True,False,True,True,False,True,False,False,True,True,True,[],0,[],[],2024-12-17 18:41:30,6:41 PM,Interested - send more pics,,,False,[],[],,True,[],False,False,marketplace,#00AEEF,7570001437,0,4,1754982238
Udaipur,78706,Silver Anklet,MOBILE,91,Rajasthan,Imported from CSV,2024-10-31 18:03:22,Rising Exports,202421112,9204003273,,Kavita Gupta,54,India,,5392390,,7570001438,True,False,False,False,True,False,False,True,True,False,True,True,False,True,[],0,[],[],2024-11-28 17:47:19,5:47 PM,Interested - send more pics,,,True,[],[],,False,[],True,True,marketplace,#22C55E,7570001438,0,5,
Jaipur,70510,Diamond Earrings,MOBILE,91,Rajasthan,Added via app,2024-04-22 16:04:00,,275378045,9863740933,9832613012,Raj Verma,52,India,,5760400,,7570001439,False,False,True,True,False,True,False,False,True,False,False,False,True,True,[],0,[],[],2024-05-04 09:32:40,9:32 AM,Is this available in stock?,,,True,[],[],,False,[],False,False,organic,#FF5733,7570001439,,2,
Mumbai,79185,Polki Earrings,MOBILE,91,Maharashtra,Imported from CSV,2025-06-27 21:31:42,,263477851,9801379583,,Rahul Kumar,51,India,,5999429,,7570001440,False,False,True,True,False,True,True,False,True,False,False,True,False,True,[],0,[],[],2025-07-21 17:36:57,5:36 PM,Can I get a discount?,,,True,[],[],,False,[],False,True,marketplace,#FF5733,7570001440,3,2,
Chennai,76040,Kundan Bracelet,MOBILE,91,Tamil Nadu,Added via app,2025-04-21 00:12:10,,210806899,9859822302,,Sneha Sharma,53,India,,5876380,,7570001441,False,False,False,True,False,False,False,False,True,True,False,True,True,True,[],0,[],[],2025-05-03 04:38:56,4:38 AM,Is this available in stock?,,,True,[],[],,True,[],True,True,organic,#F4B536,7570001441,1,2,
Jaipur,74909,Mangalsutra,MOBILE,91,Rajasthan,Added via app,2025-08-07 17:02:47,,201672794,9369726615,,Priya Singh,53,India,,5515453,,7570001442,True,False,True,False,False,True,False,False,False,False,False,True,False,False,[],0,[],[],2025-08-07 17:02:47,5:02 PM,Can I get a discount?,,2025-08-07 17:02:47,False,[],[],,True,[],True,True,referral,#F4B536,7570001442,,3,
Jaipur,75039,Pearl Necklace,MOBILE,91,Rajasthan,Contact added through Website form,2024-05-25 19:26:37,,251116052,9374405075,,Sneha Nair,52,India,,5234105,,7570001443,True,False,True,True,True,False,False,False,True,False,False,True,False,True,[],0,[],[],2024-06-09 15:19:50,3:19 PM,Can I get a discount?,,,False,[],[],,True,[],True,False,referral,#F4B536,7570001443,,3,
Udaipur,78318,Kundan Bracelet,MOBILE,91,Rajasthan,Added manually,2025-07-03 00:52:08,,213344659,9380389700,,Rohit Patel,53,India,,5528872,,7570001444,False,False,False,True,True,True,True,False,False,False,False,True,True,True,[],0,[],[],2025-07-18 20:25:41,8:25 PM,Need details about Mangalsutra,,2025-07-18 20:25:41,False,[],[],,False,[],False,True,ad,#22C55E,7570001444,0,5,
Chennai,76401,Gold Ring,MOBILE,91,Tamil Nadu,Added manually,2024-09-28 04:10:17,Golden Jewels,225633381,9676843982,,Vikram Chopra,52,India,,5304916,,7570001445,False,False,False,False,False,True,True,False,True,True,True,True,True,True,[],0,[],[],2024-10-15 08:01:37,8:01 AM,Please share price and images,,,False,[],[],,False,[],False,False,ad,#00AEEF,7570001445,3,3,
Delhi,77783,Gold Ring,LANDLINE,91,Delhi,Added manually,2024-07-25 13:36:30,,292560097,9247555614,,Raj Mehta,54,India,,5836733,,7570001446,True,False,False,False,True,False,True,False,True,False,False,True,True,False,[],0,[],[],2024-08-05 18:16:38,6:16 PM,Please share price and images,,,False,[],[],,False,[],False,False,referral,#FF5733,7570001446,,3,
Chennai,72354,Polki Necklace Set,MOBILE,91,Tamil Nadu,Imported from CSV,2024-11-01 01:40:52,,213337370,9017292451,,Arjun Reddy,54,India,,5419481,,7570001447,False,False,False,False,False,False,True,True,False,False,False,True,False,False,[],0,[],[],2024-11-09 04:14:06,4:14 AM,Can I get a discount?,,,True,[],[],,False,[],False,False,organic,#F4B536,7570001447,0,4,
Jaipur,76756,Polki Earrings,MOBILE,91,Rajasthan,Added via app,2024-05-25 04:22:53,,251999595,9234917263,,Priya Naik,54,India,,5460611,,7570001448,True,False,False,False,False,False,False,False,False,True,True,True,False,False,[],0,[],[],2024-06-16 09:30:50,9:30 AM,Can I get a discount?,,2024-06-16 09:30:50,False,[],[],,True,[],False,False,organic,#22C55E,7570001448,0,5,
Pune,78694,Silver Anklet,LANDLINE,91,Maharashtra,Imported from CSV,2025-07-22 21:10:56,,223206922,9760923839,,Rahul Bhat,51,India,,5217888,,7570001449,False,True,False,True,False,False,False,False,False,False,False,True,False,True,[],0,[],[],2025-07-26 13:59:39,1:59 PM,Please share price and images,,,False,[],[],,True,[],False,False,marketplace,#00AEEF,7570001449,,3,1754982238
Bengaluru,77345,Gold Ring,LANDLINE,91,Karnataka,Added manually,2024-06-16 21:18:51,ABC Traders,282762957,9280292471,,Rahul Mishra,54,India,,5709261,,7570001450,False,False,True,True,False,False,False,False,False,False,False,False,True,True,[],0,[],[],2024-06-28 06:02:52,6:02 AM,Can I get a discount?,,2024-06-28 06:02:52,False,[],[],,False,[],False,True,referral,#F4B536,7570001450,3,5,
Delhi,78361,Diamond Earrings,MOBILE,91,Delhi,Added manually,2024-04-10 02:24:54,,231062675,9537415315,,Neha Patel,54,India,,5818757,,7570001451,False,True,False,False,False,False,False,True,False,False,False,True,True,True,[],0,[],[],2024-05-02 09:42:12,9:42 AM,Interested - send more pics,,2024-05-02 09:42:12,True,[],[],,True,[],False,False,referral,#22C55E,7570001451,1,2,
Jaipur,77749,Polki Necklace Set,LANDLINE,91,Rajasthan,Imported from CSV,2025-02-11 14:53:59,,293807098,9385907248,,Raj Chopra,52,India,,5867789,,7570001452,True,False,False,False,True,True,False,True,True,False,True,False,False,True,[],0,[],[],2025-02-20 12:18:27,12:18 PM,Can I get a discount?,,,False,[],[],,True,[],False,True,referral,#00AEEF,7570001452,0,3,1755587038
Bengaluru,77675,Mangalsutra,LANDLINE,91,Karnataka,Added via app,2025-03-19 09:45:11,ABC Traders,220716609,9808223606,,Amit Chopra,51,India,,5050413,,7570001453,False,True,False,False,True,True,True,True,True,False,False,False,False,True,[],0,[],[],2025-04-07 06:16:41,6:16 AM,Need details about Polki Necklace Set,,2025-04-07 06:16:41,True,[],[],,True,[],False,True,marketplace,#00AEEF,7570001453,,5,
Mumbai,72236,Silver Anklet,LANDLINE,91,Maharashtra,Imported from CSV,2024-01-31 21:56:00,,233317852,9343140593,,Ankit Joshi,51,India,,5360352,,7570001454,True,False,False,False,True,True,False,True,True,False,False,False,False,True,[],0,[],[],2024-02-16 00:02:11,12:02 AM,Please share price and images,,,True,[],[],,False,[],False,False,marketplace,#FF5733,7570001454,0,0,
Udaipur,79821,Polki Necklace Set,MOBILE,91,Rajasthan,Contact added through Website form,2025-06-07 22:25:31,,287867760,9189788711,,Manish Chopra,52,India,,5917544,,7570001455,False,True,False,False,False,True,False,False,False,False,True,True,False,True,[],0,[],[],2025-07-01 08:04:55,8:04 AM,Interested - send more pics,,,True,[],[],,True,[],False,True,ad,#22C55E,7570001455,,2,
Pune,70964,Pearl Necklace,LANDLINE,91,Maharashtra,Contact added through Website form,2025-03-08 09:14:39,,266430397,9705302443,,Neha Kohli,51,India,,5100837,,7570001456,False,False,False,True,False,True,False,False,False,False,False,True,False,True,[],0,[],[],2025-03-28 23:07:32,11:07 PM,Interested - send more pics,,,True,[],[],,True,[],False,True,marketplace,#22C55E,7570001456,0,4,
Udaipur,74141,Polki Earrings,MOBILE,91,Rajasthan,Contact added through Website form,2024-06-17 23:46:23,Golden Jewels,212133336,9716934635,9207983866,Karan Sharma,52,India,,5268634,,7570001457,True,True,False,True,False,True,False,False,True,False,False,True,False,True,[],0,[],[],2024-07-08 06:35:28,6:35 AM,Please share price and images,,,True,[],[],,True,[],False,False,referral,#22C55E,7570001457,2,5,
Mumbai,75188,Diamond Earrings,LANDLINE,91,Maharashtra,Imported from CSV,2024-12-07 15:16:58,,211353102,9674385249,,Arjun Reddy,54,India,,5742685,,7570001458,False,False,False,True,True,False,False,True,True,False,False,True,True,True,[],0,[],[],2024-12-11 00:49:00,12:49 AM,Can I get a discount?,,,False,[],[],,True,[],False,True,marketplace,#FF5733,7570001458,,3,
Ahmedabad,75402,Polki Necklace Set,MOBILE,91,Gujarat,Imported from CSV,2025-01-28 07:03:38,,235260434,9243929833,9195478554,Siddharth Naik,52,India,,5122615,,7570001459,True,False,True,False,False,False,True,False,False,True,True,True,False,True,[],0,[],[],2025-01-28 13:34:13,1:34 PM,Can I get a discount?,,2025-01-28 13:34:13,False,[],[],,True,[],True,False,ad,#22C55E,7570001459,0,5,
Jaipur,72264,Mangalsutra,LANDLINE,91,Rajasthan,Imported from CSV,2025-03-28 05:18:42,,276971056,9887195810,,Neha Chopra,51,India,,5387083,,7570001460,False,False,True,False,False,False,False,False,True,False,True,False,False,True,[],0,[],[],2025-04-23 06:55:36,6:55 AM,Is this available in stock?,,,True,[],[],,True,[],False,True,referral,#FF5733,7570001460,0,5,
Kolkata,76400,Diamond Earrings,MOBILE,91,West Bengal,Contact added through Website form,2025-03-30 03:48:24,,263342678,9594387668,,Ravi Chopra,52,India,,5751941,,7570001461,False,False,False,True,False,False,False,False,False,False,True,True,False,True,[],0,[],[],2025-04-09 09:35:00,9:35 AM,Interested - send more pics,,,False,[],[],,True,[],False,True,organic,#22C55E,7570001461,,2,
Pune,78989,Mangalsutra,MOBILE,91,Maharashtra,Imported from CSV,2024-10-22 22:37:50,,263760794,9567035787,,Pooja Reddy,51,India,,5540061,,7570001462,False,True,False,False,True,True,False,True,True,False,False,False,False,False,[],0,[],[],2024-11-18 09:16:27,9:16 AM,Interested - send more pics,,,True,[],[],,False,[],True,True,ad,#FF5733,7570001462,,2,
Ahmedabad,70993,Diamond Earrings,LANDLINE,91,Gujarat,Contact added through Website form,2024-05-19 12:52:03,,246394080,9605977868,,Siddharth Bhat,52,India,,5147943,,7570001463,True,False,True,False,False,True,False,True,False,False,False,True,False,True,[],0,[],[],2024-05-30 21:34:48,9:34 PM,Is this available in stock?,,2024-05-30 21:34:48,True,[],[],,True,[],False,False,referral,#00AEEF,7570001463,,4,
Udaipur,72387,Pearl Necklace,MOBILE,91,Rajasthan,Imported from CSV,2024-03-15 00:39:58,Shree Enterprises,290901601,9812261258,,Karan Rathore,54,India,,5313171,,7570001464,True,False,True,False,False,True,False,False,False,False,True,False,True,False,[],0,[],[],2024-03-18 10:51:38,10:51 AM,Please share price and images,,2024-03-18 10:51:38,False,[],[],,True,[],True,True,organic,#22C55E,7570001464,,3,
Bengaluru,73276,Kundan Bracelet,MOBILE,91,Karnataka,Imported from CSV,2024-02-03 03:05:13,,253678197,9294092048,,Raj Mehta,54,India,,5072719,,7570001465,False,False,False,False,False,False,False,False,False,False,False,True,True,True,[],0,[],[],2024-02-10 17:16:26,5:16 PM,Can I get a discount?,,,False,[],[],,True,[],True,True,organic,#22C55E,7570001465,0,4,1754982238
Kolkata,71851,Mangalsutra,LANDLINE,91,West Bengal,Imported from CSV,2024-06-16 17:20:39,,269144247,9947861865,9841837393,Priya Kohli,54,India,,5492428,,7570001466,True,False,True,False,False,True,False,False,False,True,False,True,False,True,[],0,[],[],2024-06-27 19:28:45,7:28 PM,Can I get a discount?,,2024-06-27 19:28:45,True,[],[],,True,[],False,True,referral,#FF5733,7570001466,0,4,
Delhi,72264,Polki Necklace Set,LANDLINE,91,Delhi,Added manually,2025-06-13 14:40:08,,241040438,9005707996,9077222138,Priya Reddy,52,India,,5994237,,7570001467,False,False,True,False,False,True,False,False,False,False,False,True,False,True,[],0,[],[],2025-07-13 10:25:48,10:25 AM,Please share price and images,,,True,[],[],,True,[],False,True,organic,#FF5733,7570001467,0,5,
Jaipur,79823,Gold Ring,LANDLINE,91,Rajasthan,Imported from CSV,2024-11-02 10:48:56,,259383878,9510376926,,Siddharth Kumar,54,India,,5283285,,7570001468,False,False,False,True,False,True,False,False,False,False,True,True,True,True,[],0,[],[],2024-11-05 06:44:00,6:44 AM,Please share price and images,,,False,[],[],,False,[],False,True,referral,#FF5733,7570001468,0,2,
Ahmedabad,78665,Pearl Necklace,MOBILE,91,Gujarat,Added via app,2025-01-23 21:57:51,,228154929,9304833601,,Ankit Mishra,52,India,,5484657,,7570001469,True,False,False,False,True,True,False,False,False,False,False,True,False,False,[],0,[],[],2025-02-03 19:14:49,7:14 PM,Need details about Mangalsutra,,2025-02-03 19:14:49,False,[],[],,False,[],False,True,referral,#F4B536,7570001469,3,3,
Hyderabad,71995,Kundan Bracelet,MOBILE,91,Telangana,Added via app,2024-04-02 00:23:20,,223824729,9491885770,,Rahul Agarwal,54,India,,5888028,,7570001470,True,True,False,False,False,False,True,False,False,False,False,True,False,True,[],0,[],[],2024-04-16 07:16:14,7:16 AM,Need details about Silver Anklet,,,True,[],[],,False,[],False,True,referral,#FF5733,7570001470,0,0,
Kolkata,74905,Diamond Earrings,MOBILE,91,West Bengal,Imported from CSV,2025-03-06 21:09:47,,262353629,9519113644,,Arjun Joshi,54,India,,5803477,,7570001471,False,False,True,True,False,False,False,False,False,True,False,True,False,True,[],0,[],[],2025-03-25 02:27:05,2:27 AM,Please share price and images,,,True,[],[],,True,[],False,True,referral,#00AEEF,7570001471,0,1,
Delhi,79032,Silver Anklet,MOBILE,91,Delhi,Contact added through Website form,2024-10-24 01:44:54,,247515672,9647510081,9148119618,Deepak Agarwal,54,India,,5879679,,7570001472,True,False,False,True,False,True,True,False,True,True,True,False,False,False,[],0,[],[],2024-11-09 13:20:37,1:20 PM,Is this available in stock?,,,False,[],[],,True,[],True,True,organic,#22C55E,7570001472,0,0,
Udaipur,72633,Mangalsutra,MOBILE,91,Rajasthan,Added manually,2025-06-21 03:24:43,,272338355,9716364051,9195362248,Siddharth Kapoor,53,India,,5638854,,7570001473,True,False,True,True,False,True,False,False,True,False,False,True,False,True,[],0,[],[],2025-07-03 15:11:51,3:11 PM,Please share price and images,,,False,[],[],,True,[],True,True,referral,#FF5733,7570001473,0,4,
Bengaluru,75589,Polki Necklace Set,LANDLINE,91,Karnataka,Added via app,2024-04-21 11:58:54,,253113887,9785818414,9069283795,Maya Khan,53,India,,5455338,,7570001474,False,False,False,True,True,False,False,False,False,False,False,True,False,True,[],0,[],[],2024-05-08 11:54:34,11:54 AM,Need details about Kundan Bracelet,,,True,[],[],,True,[],False,True,marketplace,#FF5733,7570001474,0,3,1755587038
Jaipur,79624,Polki Earrings,LANDLINE,91,Rajasthan,Added manually,2024-11-08 14:23:28,,282438106,9671032787,9627797574,Ankit Sharma,53,India,,5448103,,7570001475,False,False,False,False,True,True,False,False,True,False,False,False,False,True,[],0,[],[],2024-11-26 16:54:59,4:54 PM,Can I get a discount?,,2024-11-26 16:54:59,True,[],[],,False,[],False,False,marketplace,#22C55E,7570001475,0,1,
Chennai,76953,Gold Ring,LANDLINE,91,Tamil Nadu,Added via app,2024-08-20 05:52:00,,211255851,9696767039,,Karan Singh,54,India,,5197246,,7570001476,False,False,False,True,False,False,False,False,False,False,True,True,True,True,[],0,[],[],2024-09-12 14:20:18,2:20 PM,Is this available in stock?,,2024-09-12 14:20:18,False,[],[],,True,[],False,True,marketplace,#00AEEF,7570001476,1,3,
Kolkata,73574,Diamond Earrings,LANDLINE,91,West Bengal,Added manually,2024-02-21 05:32:50,,238003458,9299936474,,Arjun Chopra,54,India,,5860922,,7570001477,True,False,False,False,False,True,True,False,True,False,False,True,False,True,[],0,[],[],2024-02-26 22:54:55,10:54 PM,Please share price and images,,2024-02-26 22:54:55,True,[],[],,True,[],True,True,marketplace,#22C55E,7570001477,0,0,
Mumbai,76915,Gold Ring,MOBILE,91,Maharashtra,Imported from CSV,2024-03-29 23:14:33,Rising Exports,261561022,9397780706,9628004837,Manish Bhat,53,India,,5126453,,7570001478,True,False,False,True,True,False,False,True,False,False,True,False,False,True,[],0,[],[],2024-04-13 14:46:26,2:46 PM,Is this available in stock?,,,True,[],[],,True,[],True,False,referral,#00AEEF,7570001478,,5,
Hyderabad,75498,Pearl Necklace,LANDLINE,91,Telangana,Added via app,2024-05-09 01:54:08,,283021596,9161100339,,Karan Kapoor,53,India,,5191202,,7570001479,True,True,True,True,False,False,True,True,False,True,False,True,True,True,[],0,[],[],2024-05-09 23:22:51,11:22 PM,Please share price and images,,,False,[],[],,False,[],False,False,organic,#F4B536,7570001479,2,3,
Mumbai,72037,Kundan Bracelet,LANDLINE,91,Maharashtra,Added via app,2024-08-28 01:28:57,,210813958,9519058663,,Manish Kapoor,51,India,,5454826,,7570001480,False,False,False,True,False,False,False,False,True,False,True,True,False,True,[],0,[],[],2024-09-09 22:29:44,10:29 PM,Is this available in stock?,,2024-09-09 22:29:44,True,[],[],,True,[],False,False,organic,#22C55E,7570001480,2,3,1755759838
Ahmedabad,79021,Pearl Necklace,LANDLINE,91,Gujarat,Contact added through Website form,2024-03-14 09:41:18,Shree Enterprises,226062151,9316385873,,Deepak Jain,53,India,,5936322,,7570001481,False,False,False,True,False,False,False,False,False,False,False,True,True,False,[],0,[],[],2024-04-02 15:40:30,3:40 PM,Is this available in stock?,,,True,[],[],,True,[],False,True,organic,#22C55E,7570001481,0,0,1755068638
Mumbai,71676,Pearl Necklace,MOBILE,91,Maharashtra,Added via app,2024-01-05 20:15:04,,252622836,9914007583,9758492043,Rahul Mehta,51,India,,5356175,,7570001482,True,True,False,True,False,False,False,True,False,True,False,True,False,True,[],0,[],[],2024-01-28 03:39:16,3:39 AM,Need details about Kundan Bracelet,,2024-01-28 03:39:16,True,[],[],,True,[],False,False,organic,#00AEEF,7570001482,3,1,
Jaipur,79008,Diamond Earrings,LANDLINE,91,Rajasthan,Added via app,2025-02-24 17:53:13,,258856180,9422591465,,Rohit Patel,52,India,,5919872,,7570001483,True,True,True,False,False,True,True,False,True,True,False,False,False,True,[],0,[],[],2025-03-05 18:13:30,6:13 PM,Can I get a discount?,,,True,[],[],,False,[],False,True,ad,#FF5733,7570001483,,1,
Kolkata,74545,Kundan Bracelet,MOBILE,91,West Bengal,Contact added through Website form,2025-07-28 06:07:02,,272529082,9070722132,,Deepak Nair,54,India,,5405437,,7570001484,False,False,False,True,False,True,False,False,True,True,True,True,False,True,[],0,[],[],2025-07-28 06:07:02,6:07 AM,Interested - send more pics,,2025-07-28 06:07:02,False,[],[],,True,[],True,False,ad,#00AEEF,7570001484,0,2,
Bengaluru,72539,Silver Anklet,LANDLINE,91,Karnataka,Imported from CSV,2025-01-01 16:54:13,,207986536,9956716788,,Ankit Gupta,51,India,,5931866,,7570001485,True,False,False,False,True,True,False,False,True,False,False,True,True,False,[],0,[],[],2025-01-04 13:51:04,1:51 PM,Need details about Pearl Necklace,,2025-01-04 13:51:04,False,[],[],,True,[],True,False,marketplace,#F4B536,7570001485,0,5,
Ahmedabad,70876,Kundan Bracelet,MOBILE,91,Gujarat,Imported from CSV,2024-02-08 06:01:49,ABC Traders,220276348,9784489170,,Arjun Kumar,51,India,,5151990,,7570001486,True,True,False,False,False,True,False,False,True,True,True,True,False,False,[],0,[],[],2024-02-28 12:49:42,12:49 PM,Need details about Kundan Bracelet,,,True,[],[],,True,[],True,True,marketplace,#FF5733,7570001486,,1,
Mumbai,78669,Mangalsutra,MOBILE,91,Maharashtra,Contact added through Website form,2024-02-11 11:01:08,,260454924,9495331898,,Karan Nair,54,India,,5974965,,7570001487,False,False,True,True,False,True,True,False,False,False,False,True,False,True,[],0,[],[],2024-02-18 06:57:04,6:57 AM,Interested - send more pics,,,False,[],[],,True,[],True,True,marketplace,#00AEEF,7570001487,3,1,
Pune,75875,Silver Anklet,LANDLINE,91,Maharashtra,Contact added through Website form,2024-07-29 09:28:24,,233923508,9183015771,,Vikram Patel,52,India,,5294855,,7570001488,False,True,True,True,False,True,False,False,True,False,False,False,False,True,[],0,[],[],2024-08-10 19:09:53,7:09 PM,Interested - send more pics,,,True,[],[],,False,[],False,False,marketplace,#22C55E,7570001488,0,0,
Jaipur,77371,Gold Ring,MOBILE,91,Rajasthan,Contact added through Website form,2024-05-12 10:01:33,,258367809,9241275718,,Karan Khan,52,India,,5562988,,7570001489,False,False,False,True,False,True,False,True,False,True,True,False,False,True,[],0,[],[],2024-06-04 07:26:53,7:26 AM,Can I get a discount?,,2024-06-04 07:26:53,False,[],[],,False,[],False,True,marketplace,#00AEEF,7570001489,0,4,1755155038
Kolkata,76975,Silver Anklet,MOBILE,91,West Bengal,Added via app,2024-04-27 17:25:56,Shree Enterprises,208751109,9861973904,9014683735,Rohit Sharma,51,India,,5891442,,7570001490,True,False,False,False,False,True,False,True,False,False,False,False,False,False,[],0,[],[],2024-05-10 21:57:19,9:57 PM,Please share price and images,,,False,[],[],,True,[],False,True,referral,#F4B536,7570001490,,4,
Kolkata,79791,Silver Anklet,MOBILE,91,West Bengal,Added manually,2024-09-07 06:40:38,,250024479,9288197109,,Rohit Singh,52,India,,5951385,,7570001491,False,False,True,True,False,True,False,False,True,True,False,True,False,True,[],0,[],[],2024-09-20 16:04:35,4:04 PM,Interested - send more pics,,,False,[],[],,False,[],False,False,ad,#FF5733,7570001491,0,3,
Bengaluru,77978,Polki Earrings,MOBILE,91,Karnataka,Added via app,2025-01-14 09:41:54,,258061607,9641863084,,Amit Mehta,52,India,,5980956,,7570001492,True,True,False,True,True,True,False,False,True,False,False,True,False,False,[],0,[],[],2025-01-29 06:28:11,6:28 AM,Is this available in stock?,,2025-01-29 06:28:11,True,[],[],,False,[],False,True,referral,#22C55E,7570001492,0,0,1755155038
Kolkata,72016,Mangalsutra,LANDLINE,91,West Bengal,Contact added through Website form,2025-03-15 02:32:37,,254760147,9051188753,,Ankit Khan,53,India,,5769296,,7570001493,False,True,False,False,True,False,False,False,False,False,False,True,True,True,[],0,[],[],2025-04-12 08:07:36,8:07 AM,Interested - send more pics,,,False,[],[],,True,[],False,True,ad,#FF5733,7570001493,1,0,1755414238
Delhi,73770,Gold Ring,LANDLINE,91,Delhi,Imported from CSV,2024-01-06 06:41:26,ABC Traders,256690864,9886423906,9712526033,Anushka Agarwal,51,India,,5427429,,7570001494,True,False,True,False,True,True,True,False,True,True,True,False,False,True,[],0,[],[],2024-01-17 02:34:56,2:34 AM,Can I get a discount?,,,False,[],[],,True,[],True,True,referral,#22C55E,7570001494,1,2,
Pune,74187,Polki Earrings,LANDLINE,91,Maharashtra,Added via app,2025-02-17 18:45:34,,261565711,9795502959,9483539853,Ankit Verma,52,India,,5604709,,7570001495,False,False,True,True,False,True,True,True,True,False,True,False,False,True,[],0,[],[],2025-03-15 08:22:19,8:22 AM,Can I get a discount?,,,True,[],[],,True,[],False,True,ad,#00AEEF,7570001495,,2,
Mumbai,78623,Silver Anklet,MOBILE,91,Maharashtra,Contact added through Website form,2024-01-13 00:08:30,,284434861,9095732909,,Rahul Patel,51,India,,5842798,,7570001496,False,True,False,True,False,False,False,False,False,False,False,True,False,True,[],0,[],[],2024-01-18 06:40:57,6:40 AM,Can I get a discount?,,2024-01-18 06:40:57,False,[],[],,True,[],False,True,referral,#FF5733,7570001496,1,0,
Chennai,74304,Polki Necklace Set,LANDLINE,91,Tamil Nadu,Added via app,2025-07-02 10:56:30,,257447188,9177547702,,Rohit Chopra,51,India,,5776448,,7570001497,True,False,True,False,False,True,True,False,True,False,True,True,False,True,[],0,[],[],2025-07-24 16:46:53,4:46 PM,Need details about Polki Necklace Set,,,False,[],[],,False,[],False,True,referral,#22C55E,7570001497,,3,
Pune,75142,Diamond Earrings,MOBILE,91,Maharashtra,Added via app,2025-04-23 16:50:05,,250712033,9752746684,9885307386,Neha Jain,51,India,,5780475,,7570001498,True,False,False,True,False,True,False,True,False,False,False,False,True,True,[],0,[],[],2025-05-11 04:54:50,4:54 AM,Need details about Diamond Earrings,,2025-05-11 04:54:50,True,[],[],,False,[],True,True,organic,#00AEEF,7570001498,,2,
Udaipur,78483,Pearl Necklace,MOBILE,91,Rajasthan,Added via app,2025-07-14 23:48:50,,218445517,9928586182,9722859404,Kavita Kumar,52,India,,5311549,,7570001499,True,False,True,True,False,False,False,True,True,False,True,True,False,True,[],0,[],[],2025-08-01 10:36:35,10:36 AM,Interested - send more pics,,,False,[],[],,True,[],False,True,referral,#FF5733,7570001499,3,3,
