 * Serving Flask app 'app'
 * Debug mode: on
Address already in use
Port 5000 is in use by another program. Either identify and stop that program, or start the server with a different port.
 * Serving Flask app 'app'
 * Debug mode: on
[31m[1mWARNING: This is a development server. Do not use it in a production deployment. Use a production WSGI server instead.[0m
 * Running on all addresses (0.0.0.0)
 * Running on http://127.0.0.1:7001
 * Running on http://82.112.235.26:7001
[33mPress CTRL+C to quit[0m
 * Restarting with stat
 * Debugger is active!
 * Debugger PIN: 101-399-629
127.0.0.1 - - [21/Oct/2025 11:38:24] "[31m[1mPOST /upload HTTP/1.1[0m" 400 -
172.18.0.2 - - [21/Oct/2025 11:41:17] "GET /health HTTP/1.1" 200 -
172.18.0.2 - - [21/Oct/2025 11:41:17] "[31m[1mPOST /upload HTTP/1.1[0m" 400 -
172.18.0.2 - - [21/Oct/2025 11:41:17] "GET /list/user123 HTTP/1.1" 200 -
172.18.0.2 - - [21/Oct/2025 11:41:27] "GET /health HTTP/1.1" 200 -
172.18.0.2 - - [21/Oct/2025 11:41:27] "[31m[1mPOST /upload HTTP/1.1[0m" 400 -
172.18.0.2 - - [21/Oct/2025 11:41:27] "GET /list/user123 HTTP/1.1" 200 -
172.18.0.2 - - [21/Oct/2025 11:45:27] "[31m[1mGET /list/user123 HTTP/1.1[0m" 401 -
172.18.0.2 - - [21/Oct/2025 11:47:26] "GET /health HTTP/1.1" 200 -
172.18.0.2 - - [21/Oct/2025 11:47:29] "[31m[1mGET /list/user123 HTTP/1.1[0m" 401 -
172.18.0.2 - - [21/Oct/2025 11:47:52] "[31m[1mGET /list/user123 HTTP/1.1[0m" 401 -
172.18.0.2 - - [21/Oct/2025 11:48:01] "POST /upload HTTP/1.1" 200 -
172.18.0.2 - - [22/Oct/2025 07:59:04] "[31m[1mGET /list/user123 HTTP/1.1[0m" 401 -
172.18.0.2 - - [22/Oct/2025 08:00:49] "POST /upload HTTP/1.1" 200 -
172.18.0.2 - - [22/Oct/2025 08:10:14] "[31m[1mGET /upload HTTP/1.1[0m" 405 -
172.18.0.2 - - [22/Oct/2025 08:10:21] "[31m[1mGET /upload HTTP/1.1[0m" 405 -
172.18.0.2 - - [22/Oct/2025 08:37:27] "POST /upload HTTP/1.1" 200 -
172.18.0.2 - - [22/Oct/2025 10:04:48] "POST /upload HTTP/1.1" 200 -
172.18.0.2 - - [22/Oct/2025 10:04:48] "POST /upload HTTP/1.1" 200 -
172.18.0.2 - - [22/Oct/2025 10:14:50] "POST /upload HTTP/1.1" 200 -
172.18.0.2 - - [22/Oct/2025 10:14:51] "POST /upload HTTP/1.1" 200 -
 * Serving Flask app 'app'
 * Debug mode: on
Address already in use
Port 7001 is in use by another program. Either identify and stop that program, or start the server with a different port.
 * Serving Flask app 'app'
 * Debug mode: on
[31m[1mWARNING: This is a development server. Do not use it in a production deployment. Use a production WSGI server instead.[0m
 * Running on all addresses (0.0.0.0)
 * Running on http://127.0.0.1:7001
 * Running on http://82.112.235.26:7001
[33mPress CTRL+C to quit[0m
 * Restarting with stat
 * Debugger is active!
 * Debugger PIN: 740-969-780
172.18.0.2 - - [22/Oct/2025 11:25:17] "POST /upload HTTP/1.1" 200 -
172.18.0.2 - - [22/Oct/2025 11:29:35] "POST /upload HTTP/1.1" 200 -
172.18.0.2 - - [22/Oct/2025 11:33:24] "POST /upload HTTP/1.1" 200 -
172.18.0.2 - - [22/Oct/2025 11:36:11] "[31m[1mGET /upload HTTP/1.1[0m" 405 -
172.18.0.2 - - [22/Oct/2025 11:36:23] "[33mGET /upload' HTTP/1.1[0m" 404 -
Traceback (most recent call last):
  File "/root/repo/tensile-search-with-strands/api/app.py", line 10, in <module>
    import sseclient
ModuleNotFoundError: No module named 'sseclient'
 * Serving Flask app 'app'
 * Debug mode: on
WARNING: This is a development server. Do not use it in a production deployment. Use a production WSGI server instead.
 * Running on all addresses (0.0.0.0)
 * Running on http://127.0.0.1:7001
 * Running on http://82.112.235.26:7001
Press CTRL+C to quit
 * Restarting with watchdog (inotify)
 * Debugger is active!
 * Debugger PIN: 740-969-780
 * Detected change in '/root/repo/tensile-search-with-strands/api/app.py', reloading
 * Restarting with watchdog (inotify)
 * Debugger is active!
 * Debugger PIN: 740-969-780
 * Detected change in '/root/repo/tensile-search-with-strands/api/app.py', reloading
 * Detected change in '/root/repo/tensile-search-with-strands/api/app.py', reloading
 * Detected change in '/root/repo/tensile-search-with-strands/api/config.py', reloading
 * Detected change in '/root/repo/tensile-search-with-strands/api/test_auth.py', reloading
 * Detected change in '/usr/lib/python3.12/uuid.py', reloading
 * Detected change in '/usr/lib/python3.12/base64.py', reloading
 * Detected change in '/usr/lib/python3.12/functools.py', reloading
 * Detected change in '/usr/lib/python3.12/traceback.py', reloading
 * Restarting with watchdog (inotify)
 * Debugger is active!
 * Debugger PIN: 740-969-780
 * Detected change in '/root/repo/tensile-search-with-strands/api/app.py', reloading
 * Detected change in '/root/repo/tensile-search-with-strands/api/config.py', reloading
 * Detected change in '/root/repo/tensile-search-with-strands/api/test_auth.py', reloading
 * Restarting with watchdog (inotify)
 * Debugger is active!
 * Debugger PIN: 740-969-780
 * Detected change in '/root/repo/tensile-search-with-strands/api/app.py', reloading
 * Detected change in '/root/repo/tensile-search-with-strands/api/app.py', reloading
 * Detected change in '/root/repo/tensile-search-with-strands/api/config.py', reloading
 * Detected change in '/root/repo/tensile-search-with-strands/api/test_auth.py', reloading
 * Detected change in '/usr/lib/python3.12/uuid.py', reloading
 * Detected change in '/usr/lib/python3.12/base64.py', reloading
 * Detected change in '/usr/lib/python3.12/functools.py', reloading
 * Detected change in '/usr/lib/python3.12/traceback.py', reloading
 * Restarting with watchdog (inotify)
 * Debugger is active!
 * Debugger PIN: 740-969-780
 * Detected change in '/root/repo/tensile-search-with-strands/api/app.py', reloading
 * Detected change in '/root/repo/tensile-search-with-strands/api/config.py', reloading
 * Detected change in '/root/repo/tensile-search-with-strands/api/test_auth.py', reloading
 * Restarting with watchdog (inotify)
 * Debugger is active!
 * Debugger PIN: 740-969-780
 * Detected change in '/root/repo/tensile-search-with-strands/api/app.py', reloading
 * Detected change in '/root/repo/tensile-search-with-strands/api/app.py', reloading
 * Detected change in '/root/repo/tensile-search-with-strands/api/venv_api/lib/python3.12/site-packages/sseclient.py', reloading
 * Detected change in '/root/repo/tensile-search-with-strands/api/venv_api/lib/python3.12/site-packages/sseclient.py', reloading
 * Restarting with watchdog (inotify)
 * Debugger is active!
 * Debugger PIN: 740-969-780
 * Detected change in '/root/repo/tensile-search-with-strands/api/venv_api/lib/python3.12/site-packages/flask/views.py', reloading
 * Detected change in '/root/repo/tensile-search-with-strands/api/venv_api/lib/python3.12/site-packages/flask/views.py', reloading
 * Detected change in '/root/repo/tensile-search-with-strands/api/venv_api/lib/python3.12/site-packages/flask/config.py', reloading
 * Detected change in '/root/repo/tensile-search-with-strands/api/venv_api/lib/python3.12/site-packages/flask/config.py', reloading
 * Detected change in '/root/repo/tensile-search-with-strands/api/venv_api/lib/python3.12/site-packages/flask/testing.py', reloading
 * Detected change in '/root/repo/tensile-search-with-strands/api/venv_api/lib/python3.12/site-packages/flask/testing.py', reloading
 * Detected change in '/root/repo/tensile-search-with-strands/api/venv_api/lib/python3.12/site-packages/flask/globals.py', reloading
 * Detected change in '/root/repo/tensile-search-with-strands/api/venv_api/lib/python3.12/site-packages/flask/globals.py', reloading
 * Detected change in '/root/repo/tensile-search-with-strands/api/venv_api/lib/python3.12/site-packages/flask/app.py', reloading
 * Detected change in '/root/repo/tensile-search-with-strands/api/venv_api/lib/python3.12/site-packages/flask/app.py', reloading
 * Detected change in '/root/repo/tensile-search-with-strands/api/venv_api/lib/python3.12/site-packages/flask/templating.py', reloading
 * Detected change in '/root/repo/tensile-search-with-strands/api/venv_api/lib/python3.12/site-packages/flask/templating.py', reloading
 * Detected change in '/root/repo/tensile-search-with-strands/api/venv_api/lib/python3.12/site-packages/flask/logging.py', reloading
 * Detected change in '/root/repo/tensile-search-with-strands/api/venv_api/lib/python3.12/site-packages/flask/logging.py', reloading
 * Detected change in '/root/repo/tensile-search-with-strands/api/venv_api/lib/python3.12/site-packages/flask/ctx.py', reloading
 * Detected change in '/root/repo/tensile-search-with-strands/api/venv_api/lib/python3.12/site-packages/flask/ctx.py', reloading
 * Detected change in '/root/repo/tensile-search-with-strands/api/venv_api/lib/python3.12/site-packages/flask/__init__.py', reloading
 * Detected change in '/root/repo/tensile-search-with-strands/api/venv_api/lib/python3.12/site-packages/flask/__init__.py', reloading
 * Detected change in '/root/repo/tensile-search-with-strands/api/venv_api/lib/python3.12/site-packages/flask/scaffold.py', reloading
 * Detected change in '/root/repo/tensile-search-with-strands/api/venv_api/lib/python3.12/site-packages/flask/scaffold.py', reloading
 * Detected change in '/root/repo/tensile-search-with-strands/api/venv_api/lib/python3.12/site-packages/flask/typing.py', reloading
 * Detected change in '/root/repo/tensile-search-with-strands/api/venv_api/lib/python3.12/site-packages/flask/typing.py', reloading
 * Detected change in '/root/repo/tensile-search-with-strands/api/venv_api/lib/python3.12/site-packages/flask/sessions.py', reloading
 * Detected change in '/root/repo/tensile-search-with-strands/api/venv_api/lib/python3.12/site-packages/flask/sessions.py', reloading
 * Detected change in '/root/repo/tensile-search-with-strands/api/venv_api/lib/python3.12/site-packages/flask/signals.py', reloading
 * Detected change in '/root/repo/tensile-search-with-strands/api/venv_api/lib/python3.12/site-packages/flask/signals.py', reloading
 * Detected change in '/root/repo/tensile-search-with-strands/api/venv_api/lib/python3.12/site-packages/flask/helpers.py', reloading
 * Detected change in '/root/repo/tensile-search-with-strands/api/venv_api/lib/python3.12/site-packages/flask/helpers.py', reloading
 * Detected change in '/root/repo/tensile-search-with-strands/api/venv_api/lib/python3.12/site-packages/flask/__main__.py', reloading
 * Detected change in '/root/repo/tensile-search-with-strands/api/venv_api/lib/python3.12/site-packages/flask/__main__.py', reloading
 * Detected change in '/root/repo/tensile-search-with-strands/api/venv_api/lib/python3.12/site-packages/flask/cli.py', reloading
 * Detected change in '/root/repo/tensile-search-with-strands/api/venv_api/lib/python3.12/site-packages/flask/cli.py', reloading
 * Detected change in '/root/repo/tensile-search-with-strands/api/venv_api/lib/python3.12/site-packages/flask/wrappers.py', reloading
 * Detected change in '/root/repo/tensile-search-with-strands/api/venv_api/lib/python3.12/site-packages/flask/wrappers.py', reloading
 * Detected change in '/root/repo/tensile-search-with-strands/api/venv_api/lib/python3.12/site-packages/flask/blueprints.py', reloading
 * Detected change in '/root/repo/tensile-search-with-strands/api/venv_api/lib/python3.12/site-packages/flask/blueprints.py', reloading
 * Detected change in '/root/repo/tensile-search-with-strands/api/venv_api/lib/python3.12/site-packages/flask/debughelpers.py', reloading
 * Detected change in '/root/repo/tensile-search-with-strands/api/venv_api/lib/python3.12/site-packages/flask/debughelpers.py', reloading
 * Detected change in '/root/repo/tensile-search-with-strands/api/venv_api/lib/python3.12/site-packages/flask/json/tag.py', reloading
 * Detected change in '/root/repo/tensile-search-with-strands/api/venv_api/lib/python3.12/site-packages/flask/json/tag.py', reloading
 * Detected change in '/root/repo/tensile-search-with-strands/api/venv_api/lib/python3.12/site-packages/flask/json/__init__.py', reloading
 * Detected change in '/root/repo/tensile-search-with-strands/api/venv_api/lib/python3.12/site-packages/flask/json/__init__.py', reloading
 * Detected change in '/root/repo/tensile-search-with-strands/api/venv_api/lib/python3.12/site-packages/flask/json/provider.py', reloading
 * Detected change in '/root/repo/tensile-search-with-strands/api/venv_api/lib/python3.12/site-packages/flask/json/provider.py', reloading
 * Detected change in '/root/repo/tensile-search-with-strands/api/venv_api/lib/python3.12/site-packages/werkzeug/exceptions.py', reloading
 * Detected change in '/root/repo/tensile-search-with-strands/api/venv_api/lib/python3.12/site-packages/werkzeug/exceptions.py', reloading
 * Detected change in '/root/repo/tensile-search-with-strands/api/venv_api/lib/python3.12/site-packages/werkzeug/user_agent.py', reloading
 * Detected change in '/root/repo/tensile-search-with-strands/api/venv_api/lib/python3.12/site-packages/werkzeug/user_agent.py', reloading
 * Detected change in '/root/repo/tensile-search-with-strands/api/venv_api/lib/python3.12/site-packages/werkzeug/serving.py', reloading
 * Detected change in '/root/repo/tensile-search-with-strands/api/venv_api/lib/python3.12/site-packages/werkzeug/serving.py', reloading
 * Detected change in '/root/repo/tensile-search-with-strands/api/venv_api/lib/python3.12/site-packages/werkzeug/formparser.py', reloading
 * Detected change in '/root/repo/tensile-search-with-strands/api/venv_api/lib/python3.12/site-packages/werkzeug/formparser.py', reloading
 * Detected change in '/root/repo/tensile-search-with-strands/api/venv_api/lib/python3.12/site-packages/werkzeug/test.py', reloading
 * Detected change in '/root/repo/tensile-search-with-strands/api/venv_api/lib/python3.12/site-packages/werkzeug/test.py', reloading
 * Restarting with watchdog (inotify)
 * Debugger is active!
 * Debugger PIN: 740-969-780
 * Detected change in '/root/repo/tensile-search-with-strands/api/venv_api/lib/python3.12/site-packages/pip/__init__.py', reloading
 * Detected change in '/root/repo/tensile-search-with-strands/api/venv_api/lib/python3.12/site-packages/pip/__init__.py', reloading
 * Detected change in '/root/repo/tensile-search-with-strands/api/venv_api/lib/python3.12/site-packages/pip/__main__.py', reloading
 * Detected change in '/root/repo/tensile-search-with-strands/api/venv_api/lib/python3.12/site-packages/pip/__main__.py', reloading
 * Detected change in '/root/repo/tensile-search-with-strands/api/venv_api/lib/python3.12/site-packages/pip/__pip-runner__.py', reloading
 * Detected change in '/root/repo/tensile-search-with-strands/api/venv_api/lib/python3.12/site-packages/pip/__pip-runner__.py', reloading
 * Detected change in '/root/repo/tensile-search-with-strands/api/venv_api/lib/python3.12/site-packages/pip/_internal/wheel_builder.py', reloading
 * Detected change in '/root/repo/tensile-search-with-strands/api/venv_api/lib/python3.12/site-packages/pip/_internal/wheel_builder.py', reloading
 * Detected change in '/root/repo/tensile-search-with-strands/api/venv_api/lib/python3.12/site-packages/pip/_internal/exceptions.py', reloading
 * Detected change in '/root/repo/tensile-search-with-strands/api/venv_api/lib/python3.12/site-packages/pip/_internal/exceptions.py', reloading
 * Detected change in '/root/repo/tensile-search-with-strands/api/venv_api/lib/python3.12/site-packages/pip/_internal/build_env.py', reloading
 * Detected change in '/root/repo/tensile-search-with-strands/api/venv_api/lib/python3.12/site-packages/pip/_internal/build_env.py', reloading
 * Detected change in '/root/repo/tensile-search-with-strands/api/venv_api/lib/python3.12/site-packages/pip/_internal/cache.py', reloading
 * Detected change in '/root/repo/tensile-search-with-strands/api/venv_api/lib/python3.12/site-packages/pip/_internal/cache.py', reloading
 * Detected change in '/root/repo/tensile-search-with-strands/api/venv_api/lib/python3.12/site-packages/pip/_internal/__init__.py', reloading
 * Detected change in '/root/repo/tensile-search-with-strands/api/venv_api/lib/python3.12/site-packages/pip/_internal/__init__.py', reloading
 * Detected change in '/root/repo/tensile-search-with-strands/api/venv_api/lib/python3.12/site-packages/pip/_internal/configuration.py', reloading
 * Detected change in '/root/repo/tensile-search-with-strands/api/venv_api/lib/python3.12/site-packages/pip/_internal/configuration.py', reloading
 * Detected change in '/root/repo/tensile-search-with-strands/api/venv_api/lib/python3.12/site-packages/pip/_internal/self_outdated_check.py', reloading
 * Detected change in '/root/repo/tensile-search-with-strands/api/venv_api/lib/python3.12/site-packages/pip/_internal/self_outdated_check.py', reloading
 * Detected change in '/root/repo/tensile-search-with-strands/api/venv_api/lib/python3.12/site-packages/pip/_internal/pyproject.py', reloading
 * Detected change in '/root/repo/tensile-search-with-strands/api/venv_api/lib/python3.12/site-packages/pip/_internal/pyproject.py', reloading
 * Detected change in '/root/repo/tensile-search-with-strands/api/venv_api/lib/python3.12/site-packages/pip/_internal/main.py', reloading
 * Detected change in '/root/repo/tensile-search-with-strands/api/venv_api/lib/python3.12/site-packages/pip/_internal/main.py', reloading
 * Detected change in '/root/repo/tensile-search-with-strands/api/venv_api/lib/python3.12/site-packages/pip/_internal/distributions/wheel.py', reloading
 * Detected change in '/root/repo/tensile-search-with-strands/api/venv_api/lib/python3.12/site-packages/pip/_internal/distributions/wheel.py', reloading
 * Detected change in '/root/repo/tensile-search-with-strands/api/venv_api/lib/python3.12/site-packages/pip/_internal/distributions/base.py', reloading
 * Detected change in '/root/repo/tensile-search-with-strands/api/venv_api/lib/python3.12/site-packages/pip/_internal/distributions/base.py', reloading
 * Detected change in '/root/repo/tensile-search-with-strands/api/venv_api/lib/python3.12/site-packages/pip/_internal/distributions/__init__.py', reloading
 * Detected change in '/root/repo/tensile-search-with-strands/api/venv_api/lib/python3.12/site-packages/pip/_internal/distributions/__init__.py', reloading
 * Detected change in '/root/repo/tensile-search-with-strands/api/venv_api/lib/python3.12/site-packages/pip/_internal/distributions/installed.py', reloading
 * Detected change in '/root/repo/tensile-search-with-strands/api/venv_api/lib/python3.12/site-packages/pip/_internal/distributions/installed.py', reloading
 * Detected change in '/root/repo/tensile-search-with-strands/api/venv_api/lib/python3.12/site-packages/pip/_internal/distributions/sdist.py', reloading
 * Detected change in '/root/repo/tensile-search-with-strands/api/venv_api/lib/python3.12/site-packages/pip/_internal/distributions/sdist.py', reloading
 * Detected change in '/root/repo/tensile-search-with-strands/api/venv_api/lib/python3.12/site-packages/pip/_internal/network/xmlrpc.py', reloading
 * Detected change in '/root/repo/tensile-search-with-strands/api/venv_api/lib/python3.12/site-packages/pip/_internal/network/xmlrpc.py', reloading
 * Detected change in '/root/repo/tensile-search-with-strands/api/venv_api/lib/python3.12/site-packages/pip/_internal/network/download.py', reloading
 * Detected change in '/root/repo/tensile-search-with-strands/api/venv_api/lib/python3.12/site-packages/pip/_internal/network/download.py', reloading
 * Detected change in '/root/repo/tensile-search-with-strands/api/venv_api/lib/python3.12/site-packages/pip/_internal/network/auth.py', reloading
 * Detected change in '/root/repo/tensile-search-with-strands/api/venv_api/lib/python3.12/site-packages/pip/_internal/network/auth.py', reloading
 * Detected change in '/root/repo/tensile-search-with-strands/api/venv_api/lib/python3.12/site-packages/pip/_internal/network/cache.py', reloading
 * Detected change in '/root/repo/tensile-search-with-strands/api/venv_api/lib/python3.12/site-packages/pip/_internal/network/cache.py', reloading
 * Detected change in '/root/repo/tensile-search-with-strands/api/venv_api/lib/python3.12/site-packages/pip/_internal/network/__init__.py', reloading
 * Detected change in '/root/repo/tensile-search-with-strands/api/venv_api/lib/python3.12/site-packages/pip/_internal/network/__init__.py', reloading
 * Detected change in '/root/repo/tensile-search-with-strands/api/venv_api/lib/python3.12/site-packages/pip/_internal/network/utils.py', reloading
 * Detected change in '/root/repo/tensile-search-with-strands/api/venv_api/lib/python3.12/site-packages/pip/_internal/network/utils.py', reloading
 * Detected change in '/root/repo/tensile-search-with-strands/api/venv_api/lib/python3.12/site-packages/pip/_internal/network/lazy_wheel.py', reloading
 * Detected change in '/root/repo/tensile-search-with-strands/api/venv_api/lib/python3.12/site-packages/pip/_internal/network/lazy_wheel.py', reloading
 * Detected change in '/root/repo/tensile-search-with-strands/api/venv_api/lib/python3.12/site-packages/pip/_internal/network/session.py', reloading
 * Detected change in '/root/repo/tensile-search-with-strands/api/venv_api/lib/python3.12/site-packages/pip/_internal/network/session.py', reloading
 * Detected change in '/root/repo/tensile-search-with-strands/api/venv_api/lib/python3.12/site-packages/pip/_internal/index/sources.py', reloading
 * Detected change in '/root/repo/tensile-search-with-strands/api/venv_api/lib/python3.12/site-packages/pip/_internal/index/sources.py', reloading
 * Detected change in '/root/repo/tensile-search-with-strands/api/venv_api/lib/python3.12/site-packages/pip/_internal/index/__init__.py', reloading
 * Detected change in '/root/repo/tensile-search-with-strands/api/venv_api/lib/python3.12/site-packages/pip/_internal/index/__init__.py', reloading
 * Detected change in '/root/repo/tensile-search-with-strands/api/venv_api/lib/python3.12/site-packages/pip/_internal/index/package_finder.py', reloading
 * Detected change in '/root/repo/tensile-search-with-strands/api/venv_api/lib/python3.12/site-packages/pip/_internal/index/package_finder.py', reloading
 * Detected change in '/root/repo/tensile-search-with-strands/api/venv_api/lib/python3.12/site-packages/pip/_internal/index/collector.py', reloading
 * Detected change in '/root/repo/tensile-search-with-strands/api/venv_api/lib/python3.12/site-packages/pip/_internal/index/collector.py', reloading
 * Detected change in '/root/repo/tensile-search-with-strands/api/venv_api/lib/python3.12/site-packages/pip/_internal/metadata/_json.py', reloading
 * Detected change in '/root/repo/tensile-search-with-strands/api/venv_api/lib/python3.12/site-packages/pip/_internal/metadata/_json.py', reloading
 * Detected change in '/root/repo/tensile-search-with-strands/api/venv_api/lib/python3.12/site-packages/pip/_internal/metadata/base.py', reloading
 * Detected change in '/root/repo/tensile-search-with-strands/api/venv_api/lib/python3.12/site-packages/pip/_internal/metadata/base.py', reloading
 * Detected change in '/root/repo/tensile-search-with-strands/api/venv_api/lib/python3.12/site-packages/pip/_internal/metadata/__init__.py', reloading
 * Detected change in '/root/repo/tensile-search-with-strands/api/venv_api/lib/python3.12/site-packages/pip/_internal/metadata/__init__.py', reloading
 * Detected change in '/root/repo/tensile-search-with-strands/api/venv_api/lib/python3.12/site-packages/pip/_internal/metadata/pkg_resources.py', reloading
 * Detected change in '/root/repo/tensile-search-with-strands/api/venv_api/lib/python3.12/site-packages/pip/_internal/metadata/pkg_resources.py', reloading
 * Detected change in '/root/repo/tensile-search-with-strands/api/venv_api/lib/python3.12/site-packages/pip/_internal/metadata/importlib/_compat.py', reloading
 * Detected change in '/root/repo/tensile-search-with-strands/api/venv_api/lib/python3.12/site-packages/pip/_internal/metadata/importlib/_compat.py', reloading
 * Detected change in '/root/repo/tensile-search-with-strands/api/venv_api/lib/python3.12/site-packages/pip/_internal/metadata/importlib/__init__.py', reloading
 * Detected change in '/root/repo/tensile-search-with-strands/api/venv_api/lib/python3.12/site-packages/pip/_internal/metadata/importlib/__init__.py', reloading
 * Detected change in '/root/repo/tensile-search-with-strands/api/venv_api/lib/python3.12/site-packages/pip/_internal/metadata/importlib/_dists.py', reloading
 * Detected change in '/root/repo/tensile-search-with-strands/api/venv_api/lib/python3.12/site-packages/pip/_internal/metadata/importlib/_dists.py', reloading
 * Detected change in '/root/repo/tensile-search-with-strands/api/venv_api/lib/python3.12/site-packages/pip/_internal/metadata/importlib/_envs.py', reloading
 * Detected change in '/root/repo/tensile-search-with-strands/api/venv_api/lib/python3.12/site-packages/pip/_internal/metadata/importlib/_envs.py', reloading
 * Detected change in '/root/repo/tensile-search-with-strands/api/venv_api/lib/python3.12/site-packages/pip/_internal/models/candidate.py', reloading
 * Detected change in '/root/repo/tensile-search-with-strands/api/venv_api/lib/python3.12/site-packages/pip/_internal/models/candidate.py', reloading
 * Detected change in '/root/repo/tensile-search-with-strands/api/venv_api/lib/python3.12/site-packages/pip/_internal/models/installation_report.py', reloading
 * Detected change in '/root/repo/tensile-search-with-strands/api/venv_api/lib/python3.12/site-packages/pip/_internal/models/installation_report.py', reloading
 * Detected change in '/root/repo/tensile-search-with-strands/api/venv_api/lib/python3.12/site-packages/pip/_internal/models/target_python.py', reloading
 * Detected change in '/root/repo/tensile-search-with-strands/api/venv_api/lib/python3.12/site-packages/pip/_internal/models/target_python.py', reloading
 * Detected change in '/root/repo/tensile-search-with-strands/api/venv_api/lib/python3.12/site-packages/pip/_internal/models/wheel.py', reloading
 * Detected change in '/root/repo/tensile-search-with-strands/api/venv_api/lib/python3.12/site-packages/pip/_internal/models/wheel.py', reloading
 * Detected change in '/root/repo/tensile-search-with-strands/api/venv_api/lib/python3.12/site-packages/pip/_internal/models/format_control.py', reloading
 * Detected change in '/root/repo/tensile-search-with-strands/api/venv_api/lib/python3.12/site-packages/pip/_internal/models/format_control.py', reloading
 * Detected change in '/root/repo/tensile-search-with-strands/api/venv_api/lib/python3.12/site-packages/pip/_internal/models/__init__.py', reloading
 * Detected change in '/root/repo/tensile-search-with-strands/api/venv_api/lib/python3.12/site-packages/pip/_internal/models/__init__.py', reloading
 * Detected change in '/root/repo/tensile-search-with-strands/api/venv_api/lib/python3.12/site-packages/pip/_internal/models/scheme.py', reloading
 * Detected change in '/root/repo/tensile-search-with-strands/api/venv_api/lib/python3.12/site-packages/pip/_internal/models/scheme.py', reloading
 * Detected change in '/root/repo/tensile-search-with-strands/api/venv_api/lib/python3.12/site-packages/pip/_internal/models/search_scope.py', reloading
 * Detected change in '/root/repo/tensile-search-with-strands/api/venv_api/lib/python3.12/site-packages/pip/_internal/models/search_scope.py', reloading
 * Detected change in '/root/repo/tensile-search-with-strands/api/venv_api/lib/python3.12/site-packages/pip/_internal/models/link.py', reloading
 * Detected change in '/root/repo/tensile-search-with-strands/api/venv_api/lib/python3.12/site-packages/pip/_internal/models/link.py', reloading
 * Detected change in '/root/repo/tensile-search-with-strands/api/venv_api/lib/python3.12/site-packages/pip/_internal/models/selection_prefs.py', reloading
 * Detected change in '/root/repo/tensile-search-with-strands/api/venv_api/lib/python3.12/site-packages/pip/_internal/models/selection_prefs.py', reloading
 * Detected change in '/root/repo/tensile-search-with-strands/api/venv_api/lib/python3.12/site-packages/pip/_internal/models/index.py', reloading
 * Detected change in '/root/repo/tensile-search-with-strands/api/venv_api/lib/python3.12/site-packages/pip/_internal/models/index.py', reloading
 * Detected change in '/root/repo/tensile-search-with-strands/api/venv_api/lib/python3.12/site-packages/pip/_internal/models/direct_url.py', reloading
 * Detected change in '/root/repo/tensile-search-with-strands/api/venv_api/lib/python3.12/site-packages/pip/_internal/models/direct_url.py', reloading
 * Detected change in '/root/repo/tensile-search-with-strands/api/venv_api/lib/python3.12/site-packages/pip/_internal/operations/freeze.py', reloading
 * Detected change in '/root/repo/tensile-search-with-strands/api/venv_api/lib/python3.12/site-packages/pip/_internal/operations/freeze.py', reloading
 * Detected change in '/root/repo/tensile-search-with-strands/api/venv_api/lib/python3.12/site-packages/pip/_internal/operations/check.py', reloading
 * Detected change in '/root/repo/tensile-search-with-strands/api/venv_api/lib/python3.12/site-packages/pip/_internal/operations/check.py', reloading
 * Detected change in '/root/repo/tensile-search-with-strands/api/venv_api/lib/python3.12/site-packages/pip/_internal/operations/prepare.py', reloading
 * Detected change in '/root/repo/tensile-search-with-strands/api/venv_api/lib/python3.12/site-packages/pip/_internal/operations/prepare.py', reloading
 * Detected change in '/root/repo/tensile-search-with-strands/api/venv_api/lib/python3.12/site-packages/pip/_internal/operations/build/wheel.py', reloading
 * Detected change in '/root/repo/tensile-search-with-strands/api/venv_api/lib/python3.12/site-packages/pip/_internal/operations/build/wheel.py', reloading
 * Detected change in '/root/repo/tensile-search-with-strands/api/venv_api/lib/python3.12/site-packages/pip/_internal/operations/build/wheel_legacy.py', reloading
 * Detected change in '/root/repo/tensile-search-with-strands/api/venv_api/lib/python3.12/site-packages/pip/_internal/operations/build/wheel_legacy.py', reloading
 * Detected change in '/root/repo/tensile-search-with-strands/api/venv_api/lib/python3.12/site-packages/pip/_internal/operations/build/metadata.py', reloading
 * Detected change in '/root/repo/tensile-search-with-strands/api/venv_api/lib/python3.12/site-packages/pip/_internal/operations/build/metadata.py', reloading
 * Detected change in '/root/repo/tensile-search-with-strands/api/venv_api/lib/python3.12/site-packages/pip/_internal/operations/build/metadata_legacy.py', reloading
 * Detected change in '/root/repo/tensile-search-with-strands/api/venv_api/lib/python3.12/site-packages/pip/_internal/operations/build/metadata_legacy.py', reloading
 * Detected change in '/root/repo/tensile-search-with-strands/api/venv_api/lib/python3.12/site-packages/pip/_internal/operations/build/metadata_editable.py', reloading
 * Detected change in '/root/repo/tensile-search-with-strands/api/venv_api/lib/python3.12/site-packages/pip/_internal/operations/build/metadata_editable.py', reloading
 * Detected change in '/root/repo/tensile-search-with-strands/api/venv_api/lib/python3.12/site-packages/pip/_internal/operations/build/build_tracker.py', reloading
 * Detected change in '/root/repo/tensile-search-with-strands/api/venv_api/lib/python3.12/site-packages/pip/_internal/operations/build/build_tracker.py', reloading
 * Detected change in '/root/repo/tensile-search-with-strands/api/venv_api/lib/python3.12/site-packages/pip/_internal/operations/build/wheel_editable.py', reloading
 * Detected change in '/root/repo/tensile-search-with-strands/api/venv_api/lib/python3.12/site-packages/pip/_internal/operations/build/wheel_editable.py', reloading
 * Detected change in '/root/repo/tensile-search-with-strands/api/venv_api/lib/python3.12/site-packages/pip/_internal/operations/install/wheel.py', reloading
 * Detected change in '/root/repo/tensile-search-with-strands/api/venv_api/lib/python3.12/site-packages/pip/_internal/operations/install/wheel.py', reloading
 * Detected change in '/root/repo/tensile-search-with-strands/api/venv_api/lib/python3.12/site-packages/pip/_internal/operations/install/__init__.py', reloading
 * Detected change in '/root/repo/tensile-search-with-strands/api/venv_api/lib/python3.12/site-packages/pip/_internal/operations/install/__init__.py', reloading
 * Detected change in '/root/repo/tensile-search-with-strands/api/venv_api/lib/python3.12/site-packages/pip/_internal/operations/install/editable_legacy.py', reloading
 * Detected change in '/root/repo/tensile-search-with-strands/api/venv_api/lib/python3.12/site-packages/pip/_internal/operations/install/editable_legacy.py', reloading
 * Detected change in '/root/repo/tensile-search-with-strands/api/venv_api/lib/python3.12/site-packages/pip/_internal/utils/direct_url_helpers.py', reloading
 * Detected change in '/root/repo/tensile-search-with-strands/api/venv_api/lib/python3.12/site-packages/pip/_internal/utils/direct_url_helpers.py', reloading
 * Detected change in '/root/repo/tensile-search-with-strands/api/venv_api/lib/python3.12/site-packages/pip/_internal/utils/wheel.py', reloading
 * Detected change in '/root/repo/tensile-search-with-strands/api/venv_api/lib/python3.12/site-packages/pip/_internal/utils/wheel.py', reloading
 * Detected change in '/root/repo/tensile-search-with-strands/api/venv_api/lib/python3.12/site-packages/pip/_internal/utils/unpacking.py', reloading
 * Detected change in '/root/repo/tensile-search-with-strands/api/venv_api/lib/python3.12/site-packages/pip/_internal/utils/unpacking.py', reloading
 * Detected change in '/root/repo/tensile-search-with-strands/api/venv_api/lib/python3.12/site-packages/pip/_internal/utils/virtualenv.py', reloading
 * Detected change in '/root/repo/tensile-search-with-strands/api/venv_api/lib/python3.12/site-packages/pip/_internal/utils/virtualenv.py', reloading
 * Detected change in '/root/repo/tensile-search-with-strands/api/venv_api/lib/python3.12/site-packages/pip/_internal/utils/logging.py', reloading
 * Detected change in '/root/repo/tensile-search-with-strands/api/venv_api/lib/python3.12/site-packages/pip/_internal/utils/logging.py', reloading
 * Detected change in '/root/repo/tensile-search-with-strands/api/venv_api/lib/python3.12/site-packages/pip/_internal/utils/_log.py', reloading
 * Detected change in '/root/repo/tensile-search-with-strands/api/venv_api/lib/python3.12/site-packages/pip/_internal/utils/_log.py', reloading
 * Detected change in '/root/repo/tensile-search-with-strands/api/venv_api/lib/python3.12/site-packages/pip/_internal/utils/appdirs.py', reloading
 * Detected change in '/root/repo/tensile-search-with-strands/api/venv_api/lib/python3.12/site-packages/pip/_internal/utils/appdirs.py', reloading
 * Detected change in '/root/repo/tensile-search-with-strands/api/venv_api/lib/python3.12/site-packages/pip/_internal/utils/temp_dir.py', reloading
 * Detected change in '/root/repo/tensile-search-with-strands/api/venv_api/lib/python3.12/site-packages/pip/_internal/utils/temp_dir.py', reloading
 * Detected change in '/root/repo/tensile-search-with-strands/api/venv_api/lib/python3.12/site-packages/pip/_internal/utils/egg_link.py', reloading
 * Detected change in '/root/repo/tensile-search-with-strands/api/venv_api/lib/python3.12/site-packages/pip/_internal/utils/egg_link.py', reloading
 * Detected change in '/root/repo/tensile-search-with-strands/api/venv_api/lib/python3.12/site-packages/pip/_internal/utils/filetypes.py', reloading
 * Detected change in '/root/repo/tensile-search-with-strands/api/venv_api/lib/python3.12/site-packages/pip/_internal/utils/filetypes.py', reloading
 * Detected change in '/root/repo/tensile-search-with-strands/api/venv_api/lib/python3.12/site-packages/pip/_internal/utils/compatibility_tags.py', reloading
 * Detected change in '/root/repo/tensile-search-with-strands/api/venv_api/lib/python3.12/site-packages/pip/_internal/utils/compatibility_tags.py', reloading
 * Detected change in '/root/repo/tensile-search-with-strands/api/venv_api/lib/python3.12/site-packages/pip/_internal/utils/urls.py', reloading
 * Detected change in '/root/repo/tensile-search-with-strands/api/venv_api/lib/python3.12/site-packages/pip/_internal/utils/urls.py', reloading
 * Detected change in '/root/repo/tensile-search-with-strands/api/venv_api/lib/python3.12/site-packages/pip/_internal/utils/setuptools_build.py', reloading
 * Detected change in '/root/repo/tensile-search-with-strands/api/venv_api/lib/python3.12/site-packages/pip/_internal/utils/setuptools_build.py', reloading
 * Detected change in '/root/repo/tensile-search-with-strands/api/venv_api/lib/python3.12/site-packages/pip/_internal/utils/models.py', reloading
 * Detected change in '/root/repo/tensile-search-with-strands/api/venv_api/lib/python3.12/site-packages/pip/_internal/utils/models.py', reloading
 * Detected change in '/root/repo/tensile-search-with-strands/api/venv_api/lib/python3.12/site-packages/pip/_internal/utils/deprecation.py', reloading
 * Detected change in '/root/repo/tensile-search-with-strands/api/venv_api/lib/python3.12/site-packages/pip/_internal/utils/deprecation.py', reloading
 * Detected change in '/root/repo/tensile-search-with-strands/api/venv_api/lib/python3.12/site-packages/pip/_internal/utils/encoding.py', reloading
 * Detected change in '/root/repo/tensile-search-with-strands/api/venv_api/lib/python3.12/site-packages/pip/_internal/utils/encoding.py', reloading
 * Detected change in '/root/repo/tensile-search-with-strands/api/venv_api/lib/python3.12/site-packages/pip/_internal/utils/subprocess.py', reloading
 * Detected change in '/root/repo/tensile-search-with-strands/api/venv_api/lib/python3.12/site-packages/pip/_internal/utils/subprocess.py', reloading
 * Detected change in '/root/repo/tensile-search-with-strands/api/venv_api/lib/python3.12/site-packages/pip/_internal/utils/entrypoints.py', reloading
 * Detected change in '/root/repo/tensile-search-with-strands/api/venv_api/lib/python3.12/site-packages/pip/_internal/utils/entrypoints.py', reloading
 * Detected change in '/root/repo/tensile-search-with-strands/api/venv_api/lib/python3.12/site-packages/pip/_internal/utils/_jaraco_text.py', reloading
 * Detected change in '/root/repo/tensile-search-with-strands/api/venv_api/lib/python3.12/site-packages/pip/_internal/utils/_jaraco_text.py', reloading
 * Detected change in '/root/repo/tensile-search-with-strands/api/venv_api/lib/python3.12/site-packages/pip/_internal/utils/hashes.py', reloading
 * Detected change in '/root/repo/tensile-search-with-strands/api/venv_api/lib/python3.12/site-packages/pip/_internal/utils/hashes.py', reloading
 * Detected change in '/root/repo/tensile-search-with-strands/api/venv_api/lib/python3.12/site-packages/pip/_internal/utils/datetime.py', reloading
 * Detected change in '/root/repo/tensile-search-with-strands/api/venv_api/lib/python3.12/site-packages/pip/_internal/utils/datetime.py', reloading
 * Detected change in '/root/repo/tensile-search-with-strands/api/venv_api/lib/python3.12/site-packages/pip/_internal/utils/compat.py', reloading
 * Detected change in '/root/repo/tensile-search-with-strands/api/venv_api/lib/python3.12/site-packages/pip/_internal/utils/compat.py', reloading
 * Detected change in '/root/repo/tensile-search-with-strands/api/venv_api/lib/python3.12/site-packages/pip/_internal/utils/misc.py', reloading
 * Detected change in '/root/repo/tensile-search-with-strands/api/venv_api/lib/python3.12/site-packages/pip/_internal/utils/misc.py', reloading
 * Detected change in '/root/repo/tensile-search-with-strands/api/venv_api/lib/python3.12/site-packages/pip/_internal/utils/glibc.py', reloading
 * Detected change in '/root/repo/tensile-search-with-strands/api/venv_api/lib/python3.12/site-packages/pip/_internal/utils/glibc.py', reloading
 * Detected change in '/root/repo/tensile-search-with-strands/api/venv_api/lib/python3.12/site-packages/pip/_internal/utils/packaging.py', reloading
 * Detected change in '/root/repo/tensile-search-with-strands/api/venv_api/lib/python3.12/site-packages/pip/_internal/utils/packaging.py', reloading
 * Detected change in '/root/repo/tensile-search-with-strands/api/venv_api/lib/python3.12/site-packages/pip/_internal/utils/filesystem.py', reloading
 * Detected change in '/root/repo/tensile-search-with-strands/api/venv_api/lib/python3.12/site-packages/pip/_internal/utils/filesystem.py', reloading
 * Detected change in '/root/repo/tensile-search-with-strands/api/venv_api/lib/python3.12/site-packages/pip/_internal/resolution/base.py', reloading
 * Detected change in '/root/repo/tensile-search-with-strands/api/venv_api/lib/python3.12/site-packages/pip/_internal/resolution/base.py', reloading
 * Detected change in '/root/repo/tensile-search-with-strands/api/venv_api/lib/python3.12/site-packages/pip/_internal/resolution/resolvelib/found_candidates.py', reloading
 * Detected change in '/root/repo/tensile-search-with-strands/api/venv_api/lib/python3.12/site-packages/pip/_internal/resolution/resolvelib/found_candidates.py', reloading
 * Detected change in '/root/repo/tensile-search-with-strands/api/venv_api/lib/python3.12/site-packages/pip/_internal/resolution/resolvelib/factory.py', reloading
 * Detected change in '/root/repo/tensile-search-with-strands/api/venv_api/lib/python3.12/site-packages/pip/_internal/resolution/resolvelib/factory.py', reloading
 * Detected change in '/root/repo/tensile-search-with-strands/api/venv_api/lib/python3.12/site-packages/pip/_internal/resolution/resolvelib/reporter.py', reloading
 * Detected change in '/root/repo/tensile-search-with-strands/api/venv_api/lib/python3.12/site-packages/pip/_internal/resolution/resolvelib/reporter.py', reloading
 * Detected change in '/root/repo/tensile-search-with-strands/api/venv_api/lib/python3.12/site-packages/pip/_internal/resolution/resolvelib/base.py', reloading
 * Detected change in '/root/repo/tensile-search-with-strands/api/venv_api/lib/python3.12/site-packages/pip/_internal/resolution/resolvelib/base.py', reloading
 * Detected change in '/root/repo/tensile-search-with-strands/api/venv_api/lib/python3.12/site-packages/pip/_internal/resolution/resolvelib/requirements.py', reloading
 * Detected change in '/root/repo/tensile-search-with-strands/api/venv_api/lib/python3.12/site-packages/pip/_internal/resolution/resolvelib/requirements.py', reloading
 * Detected change in '/root/repo/tensile-search-with-strands/api/venv_api/lib/python3.12/site-packages/pip/_internal/resolution/resolvelib/provider.py', reloading
 * Detected change in '/root/repo/tensile-search-with-strands/api/venv_api/lib/python3.12/site-packages/pip/_internal/resolution/resolvelib/provider.py', reloading
 * Detected change in '/root/repo/tensile-search-with-strands/api/venv_api/lib/python3.12/site-packages/pip/_internal/resolution/resolvelib/candidates.py', reloading
 * Detected change in '/root/repo/tensile-search-with-strands/api/venv_api/lib/python3.12/site-packages/pip/_internal/resolution/resolvelib/candidates.py', reloading
 * Detected change in '/root/repo/tensile-search-with-strands/api/venv_api/lib/python3.12/site-packages/pip/_internal/resolution/resolvelib/resolver.py', reloading
 * Detected change in '/root/repo/tensile-search-with-strands/api/venv_api/lib/python3.12/site-packages/pip/_internal/resolution/resolvelib/resolver.py', reloading
 * Detected change in '/root/repo/tensile-search-with-strands/api/venv_api/lib/python3.12/site-packages/pip/_internal/resolution/legacy/resolver.py', reloading
 * Detected change in '/root/repo/tensile-search-with-strands/api/venv_api/lib/python3.12/site-packages/pip/_internal/resolution/legacy/resolver.py', reloading
 * Detected change in '/root/repo/tensile-search-with-strands/api/venv_api/lib/python3.12/site-packages/pip/_internal/req/req_install.py', reloading
 * Detected change in '/root/repo/tensile-search-with-strands/api/venv_api/lib/python3.12/site-packages/pip/_internal/req/req_install.py', reloading
 * Detected change in '/root/repo/tensile-search-with-strands/api/venv_api/lib/python3.12/site-packages/pip/_internal/req/__init__.py', reloading
 * Detected change in '/root/repo/tensile-search-with-strands/api/venv_api/lib/python3.12/site-packages/pip/_internal/req/__init__.py', reloading
 * Detected change in '/root/repo/tensile-search-with-strands/api/venv_api/lib/python3.12/site-packages/pip/_internal/req/req_file.py', reloading
 * Detected change in '/root/repo/tensile-search-with-strands/api/venv_api/lib/python3.12/site-packages/pip/_internal/req/req_file.py', reloading
 * Detected change in '/root/repo/tensile-search-with-strands/api/venv_api/lib/python3.12/site-packages/pip/_internal/req/constructors.py', reloading
 * Detected change in '/root/repo/tensile-search-with-strands/api/venv_api/lib/python3.12/site-packages/pip/_internal/req/constructors.py', reloading
 * Detected change in '/root/repo/tensile-search-with-strands/api/venv_api/lib/python3.12/site-packages/pip/_internal/req/req_set.py', reloading
 * Detected change in '/root/repo/tensile-search-with-strands/api/venv_api/lib/python3.12/site-packages/pip/_internal/req/req_set.py', reloading
 * Detected change in '/root/repo/tensile-search-with-strands/api/venv_api/lib/python3.12/site-packages/pip/_internal/req/req_uninstall.py', reloading
 * Detected change in '/root/repo/tensile-search-with-strands/api/venv_api/lib/python3.12/site-packages/pip/_internal/req/req_uninstall.py', reloading
 * Detected change in '/root/repo/tensile-search-with-strands/api/venv_api/lib/python3.12/site-packages/pip/_internal/vcs/mercurial.py', reloading
 * Detected change in '/root/repo/tensile-search-with-strands/api/venv_api/lib/python3.12/site-packages/pip/_internal/vcs/mercurial.py', reloading
 * Detected change in '/root/repo/tensile-search-with-strands/api/venv_api/lib/python3.12/site-packages/pip/_internal/vcs/__init__.py', reloading
 * Detected change in '/root/repo/tensile-search-with-strands/api/venv_api/lib/python3.12/site-packages/pip/_internal/vcs/__init__.py', reloading
 * Detected change in '/root/repo/tensile-search-with-strands/api/venv_api/lib/python3.12/site-packages/pip/_internal/vcs/versioncontrol.py', reloading
 * Detected change in '/root/repo/tensile-search-with-strands/api/venv_api/lib/python3.12/site-packages/pip/_internal/vcs/versioncontrol.py', reloading
 * Detected change in '/root/repo/tensile-search-with-strands/api/venv_api/lib/python3.12/site-packages/pip/_internal/vcs/subversion.py', reloading
 * Detected change in '/root/repo/tensile-search-with-strands/api/venv_api/lib/python3.12/site-packages/pip/_internal/vcs/subversion.py', reloading
 * Detected change in '/root/repo/tensile-search-with-strands/api/venv_api/lib/python3.12/site-packages/pip/_internal/vcs/git.py', reloading
 * Detected change in '/root/repo/tensile-search-with-strands/api/venv_api/lib/python3.12/site-packages/pip/_internal/vcs/git.py', reloading
 * Detected change in '/root/repo/tensile-search-with-strands/api/venv_api/lib/python3.12/site-packages/pip/_internal/vcs/bazaar.py', reloading
 * Detected change in '/root/repo/tensile-search-with-strands/api/venv_api/lib/python3.12/site-packages/pip/_internal/vcs/bazaar.py', reloading
 * Detected change in '/root/repo/tensile-search-with-strands/api/venv_api/lib/python3.12/site-packages/pip/_internal/cli/progress_bars.py', reloading
 * Detected change in '/root/repo/tensile-search-with-strands/api/venv_api/lib/python3.12/site-packages/pip/_internal/cli/progress_bars.py', reloading
 * Detected change in '/root/repo/tensile-search-with-strands/api/venv_api/lib/python3.12/site-packages/pip/_internal/cli/base_command.py', reloading
 * Restarting with watchdog (inotify)
 * Debugger is active!
 * Debugger PIN: 740-969-780
 * Detected change in '/root/repo/tensile-search-with-strands/api/venv_api/lib/python3.12/site-packages/pip/_vendor/rich/protocol.py', reloading
 * Detected change in '/root/repo/tensile-search-with-strands/api/venv_api/lib/python3.12/site-packages/pip/_vendor/rich/protocol.py', reloading
 * Detected change in '/root/repo/tensile-search-with-strands/api/venv_api/lib/python3.12/site-packages/pip/_vendor/rich/diagnose.py', reloading
 * Detected change in '/root/repo/tensile-search-with-strands/api/venv_api/lib/python3.12/site-packages/pip/_vendor/rich/diagnose.py', reloading
 * Detected change in '/root/repo/tensile-search-with-strands/api/venv_api/lib/python3.12/site-packages/pip/_vendor/rich/progress.py', reloading
 * Detected change in '/root/repo/tensile-search-with-strands/api/venv_api/lib/python3.12/site-packages/pip/_vendor/rich/progress.py', reloading
 * Detected change in '/root/repo/tensile-search-with-strands/api/venv_api/lib/python3.12/site-packages/pip/_vendor/rich/_export_format.py', reloading
 * Detected change in '/root/repo/tensile-search-with-strands/api/venv_api/lib/python3.12/site-packages/pip/_vendor/rich/_export_format.py', reloading
 * Detected change in '/root/repo/tensile-search-with-strands/api/venv_api/lib/python3.12/site-packages/pip/_vendor/rich/highlighter.py', reloading
 * Detected change in '/root/repo/tensile-search-with-strands/api/venv_api/lib/python3.12/site-packages/pip/_vendor/rich/highlighter.py', reloading
 * Detected change in '/root/repo/tensile-search-with-strands/api/venv_api/lib/python3.12/site-packages/pip/_vendor/rich/pretty.py', reloading
 * Detected change in '/root/repo/tensile-search-with-strands/api/venv_api/lib/python3.12/site-packages/pip/_vendor/rich/pretty.py', reloading
 * Detected change in '/root/repo/tensile-search-with-strands/api/venv_api/lib/python3.12/site-packages/pip/_vendor/rich/bar.py', reloading
 * Detected change in '/root/repo/tensile-search-with-strands/api/venv_api/lib/python3.12/site-packages/pip/_vendor/rich/bar.py', reloading
 * Detected change in '/root/repo/tensile-search-with-strands/api/venv_api/lib/python3.12/site-packages/pip/_vendor/rich/cells.py', reloading
 * Detected change in '/root/repo/tensile-search-with-strands/api/venv_api/lib/python3.12/site-packages/pip/_vendor/rich/cells.py', reloading
 * Detected change in '/root/repo/tensile-search-with-strands/api/venv_api/lib/python3.12/site-packages/pip/_vendor/rich/syntax.py', reloading
 * Detected change in '/root/repo/tensile-search-with-strands/api/venv_api/lib/python3.12/site-packages/pip/_vendor/rich/syntax.py', reloading
 * Detected change in '/root/repo/tensile-search-with-strands/api/venv_api/lib/python3.12/site-packages/pip/_vendor/rich/_spinners.py', reloading
 * Detected change in '/root/repo/tensile-search-with-strands/api/venv_api/lib/python3.12/site-packages/pip/_vendor/rich/_spinners.py', reloading
 * Detected change in '/root/repo/tensile-search-with-strands/api/venv_api/lib/python3.12/site-packages/pip/_vendor/rich/_log_render.py', reloading
 * Detected change in '/root/repo/tensile-search-with-strands/api/venv_api/lib/python3.12/site-packages/pip/_vendor/rich/_log_render.py', reloading
 * Detected change in '/root/repo/tensile-search-with-strands/api/venv_api/lib/python3.12/site-packages/pip/_vendor/rich/repr.py', reloading
 * Detected change in '/root/repo/tensile-search-with-strands/api/venv_api/lib/python3.12/site-packages/pip/_vendor/rich/repr.py', reloading
 * Detected change in '/root/repo/tensile-search-with-strands/api/venv_api/lib/python3.12/site-packages/pip/_vendor/rich/status.py', reloading
 * Detected change in '/root/repo/tensile-search-with-strands/api/venv_api/lib/python3.12/site-packages/pip/_vendor/rich/status.py', reloading
 * Detected change in '/root/repo/tensile-search-with-strands/api/venv_api/lib/python3.12/site-packages/pip/_vendor/rich/tree.py', reloading
 * Detected change in '/root/repo/tensile-search-with-strands/api/venv_api/lib/python3.12/site-packages/pip/_vendor/rich/tree.py', reloading
 * Detected change in '/root/repo/tensile-search-with-strands/api/venv_api/lib/python3.12/site-packages/pip/_vendor/rich/emoji.py', reloading
 * Detected change in '/root/repo/tensile-search-with-strands/api/venv_api/lib/python3.12/site-packages/pip/_vendor/rich/emoji.py', reloading
 * Detected change in '/root/repo/tensile-search-with-strands/api/venv_api/lib/python3.12/site-packages/pip/_vendor/rich/_stack.py', reloading
 * Detected change in '/root/repo/tensile-search-with-strands/api/venv_api/lib/python3.12/site-packages/pip/_vendor/rich/_stack.py', reloading
 * Detected change in '/root/repo/tensile-search-with-strands/api/venv_api/lib/python3.12/site-packages/pip/_vendor/rich/_palettes.py', reloading
 * Detected change in '/root/repo/tensile-search-with-strands/api/venv_api/lib/python3.12/site-packages/pip/_vendor/rich/_palettes.py', reloading
 * Detected change in '/root/repo/tensile-search-with-strands/api/venv_api/lib/python3.12/site-packages/pip/_vendor/rich/pager.py', reloading
 * Detected change in '/root/repo/tensile-search-with-strands/api/venv_api/lib/python3.12/site-packages/pip/_vendor/rich/pager.py', reloading
 * Detected change in '/root/repo/tensile-search-with-strands/api/venv_api/lib/python3.12/site-packages/pip/_vendor/rich/_fileno.py', reloading
 * Detected change in '/root/repo/tensile-search-with-strands/api/venv_api/lib/python3.12/site-packages/pip/_vendor/rich/_fileno.py', reloading
 * Detected change in '/root/repo/tensile-search-with-strands/api/venv_api/lib/python3.12/site-packages/pip/_vendor/rich/logging.py', reloading
 * Detected change in '/root/repo/tensile-search-with-strands/api/venv_api/lib/python3.12/site-packages/pip/_vendor/rich/logging.py', reloading
 * Detected change in '/root/repo/tensile-search-with-strands/api/venv_api/lib/python3.12/site-packages/pip/_vendor/rich/console.py', reloading
 * Detected change in '/root/repo/tensile-search-with-strands/api/venv_api/lib/python3.12/site-packages/pip/_vendor/rich/console.py', reloading
 * Detected change in '/root/repo/tensile-search-with-strands/api/venv_api/lib/python3.12/site-packages/pip/_vendor/rich/scope.py', reloading
 * Detected change in '/root/repo/tensile-search-with-strands/api/venv_api/lib/python3.12/site-packages/pip/_vendor/rich/scope.py', reloading
 * Detected change in '/root/repo/tensile-search-with-strands/api/venv_api/lib/python3.12/site-packages/pip/_vendor/rich/_wrap.py', reloading
 * Detected change in '/root/repo/tensile-search-with-strands/api/venv_api/lib/python3.12/site-packages/pip/_vendor/rich/_wrap.py', reloading
 * Detected change in '/root/repo/tensile-search-with-strands/api/venv_api/lib/python3.12/site-packages/pip/_vendor/rich/constrain.py', reloading
 * Detected change in '/root/repo/tensile-search-with-strands/api/venv_api/lib/python3.12/site-packages/pip/_vendor/rich/constrain.py', reloading
 * Detected change in '/root/repo/tensile-search-with-strands/api/venv_api/lib/python3.12/site-packages/pip/_vendor/rich/_timer.py', reloading
 * Detected change in '/root/repo/tensile-search-with-strands/api/venv_api/lib/python3.12/site-packages/pip/_vendor/rich/_timer.py', reloading
 * Detected change in '/root/repo/tensile-search-with-strands/api/venv_api/lib/python3.12/site-packages/pip/_vendor/rich/box.py', reloading
 * Detected change in '/root/repo/tensile-search-with-strands/api/venv_api/lib/python3.12/site-packages/pip/_vendor/rich/box.py', reloading
 * Detected change in '/root/repo/tensile-search-with-strands/api/venv_api/lib/python3.12/site-packages/pip/_vendor/rich/style.py', reloading
 * Detected change in '/root/repo/tensile-search-with-strands/api/venv_api/lib/python3.12/site-packages/pip/_vendor/rich/style.py', reloading
 * Detected change in '/root/repo/tensile-search-with-strands/api/venv_api/lib/python3.12/site-packages/pip/_vendor/rich/text.py', reloading
 * Detected change in '/root/repo/tensile-search-with-strands/api/venv_api/lib/python3.12/site-packages/pip/_vendor/rich/text.py', reloading
 * Detected change in '/root/repo/tensile-search-with-strands/api/venv_api/lib/python3.12/site-packages/pip/_vendor/rich/errors.py', reloading
 * Detected change in '/root/repo/tensile-search-with-strands/api/venv_api/lib/python3.12/site-packages/pip/_vendor/rich/errors.py', reloading
 * Detected change in '/root/repo/tensile-search-with-strands/api/venv_api/lib/python3.12/site-packages/pip/_vendor/rich/progress_bar.py', reloading
 * Detected change in '/root/repo/tensile-search-with-strands/api/venv_api/lib/python3.12/site-packages/pip/_vendor/rich/progress_bar.py', reloading
 * Detected change in '/root/repo/tensile-search-with-strands/api/venv_api/lib/python3.12/site-packages/pip/_vendor/rich/_emoji_replace.py', reloading
 * Detected change in '/root/repo/tensile-search-with-strands/api/venv_api/lib/python3.12/site-packages/pip/_vendor/rich/_emoji_replace.py', reloading
 * Detected change in '/root/repo/tensile-search-with-strands/api/venv_api/lib/python3.12/site-packages/pip/_vendor/rich/spinner.py', reloading
 * Detected change in '/root/repo/tensile-search-with-strands/api/venv_api/lib/python3.12/site-packages/pip/_vendor/rich/spinner.py', reloading
 * Detected change in '/root/repo/tensile-search-with-strands/api/venv_api/lib/python3.12/site-packages/pip/_vendor/rich/theme.py', reloading
 * Detected change in '/root/repo/tensile-search-with-strands/api/venv_api/lib/python3.12/site-packages/pip/_vendor/rich/theme.py', reloading
 * Detected change in '/root/repo/tensile-search-with-strands/api/venv_api/lib/python3.12/site-packages/pip/_vendor/rich/__init__.py', reloading
 * Detected change in '/root/repo/tensile-search-with-strands/api/venv_api/lib/python3.12/site-packages/pip/_vendor/rich/__init__.py', reloading
 * Detected change in '/root/repo/tensile-search-with-strands/api/venv_api/lib/python3.12/site-packages/pip/_vendor/rich/traceback.py', reloading
 * Detected change in '/root/repo/tensile-search-with-strands/api/venv_api/lib/python3.12/site-packages/pip/_vendor/rich/traceback.py', reloading
 * Detected change in '/root/repo/tensile-search-with-strands/api/venv_api/lib/python3.12/site-packages/pip/_vendor/rich/live_render.py', reloading
 * Detected change in '/root/repo/tensile-search-with-strands/api/venv_api/lib/python3.12/site-packages/pip/_vendor/rich/live_render.py', reloading
 * Detected change in '/root/repo/tensile-search-with-strands/api/venv_api/lib/python3.12/site-packages/pip/_vendor/rich/default_styles.py', reloading
 * Detected change in '/root/repo/tensile-search-with-strands/api/venv_api/lib/python3.12/site-packages/pip/_vendor/rich/default_styles.py', reloading
 * Detected change in '/root/repo/tensile-search-with-strands/api/venv_api/lib/python3.12/site-packages/pip/_vendor/rich/columns.py', reloading
 * Detected change in '/root/repo/tensile-search-with-strands/api/venv_api/lib/python3.12/site-packages/pip/_vendor/rich/columns.py', reloading
 * Detected change in '/root/repo/tensile-search-with-strands/api/venv_api/lib/python3.12/site-packages/pip/_vendor/rich/padding.py', reloading
 * Detected change in '/root/repo/tensile-search-with-strands/api/venv_api/lib/python3.12/site-packages/pip/_vendor/rich/padding.py', reloading
 * Detected change in '/root/repo/tensile-search-with-strands/api/venv_api/lib/python3.12/site-packages/pip/_vendor/rich/align.py', reloading
 * Detected change in '/root/repo/tensile-search-with-strands/api/venv_api/lib/python3.12/site-packages/pip/_vendor/rich/align.py', reloading
 * Detected change in '/root/repo/tensile-search-with-strands/api/venv_api/lib/python3.12/site-packages/pip/_vendor/rich/segment.py', reloading
 * Detected change in '/root/repo/tensile-search-with-strands/api/venv_api/lib/python3.12/site-packages/pip/_vendor/rich/segment.py', reloading
 * Detected change in '/root/repo/tensile-search-with-strands/api/venv_api/lib/python3.12/site-packages/pip/_vendor/rich/color_triplet.py', reloading
 * Detected change in '/root/repo/tensile-search-with-strands/api/venv_api/lib/python3.12/site-packages/pip/_vendor/rich/color_triplet.py', reloading
 * Detected change in '/root/repo/tensile-search-with-strands/api/venv_api/lib/python3.12/site-packages/pip/_vendor/rich/_emoji_codes.py', reloading
 * Detected change in '/root/repo/tensile-search-with-strands/api/venv_api/lib/python3.12/site-packages/pip/_vendor/rich/_emoji_codes.py', reloading
 * Detected change in '/root/repo/tensile-search-with-strands/api/venv_api/lib/python3.12/site-packages/pip/_vendor/rich/_pick.py', reloading
 * Detected change in '/root/repo/tensile-search-with-strands/api/venv_api/lib/python3.12/site-packages/pip/_vendor/rich/_pick.py', reloading
 * Detected change in '/root/repo/tensile-search-with-strands/api/venv_api/lib/python3.12/site-packages/pip/_vendor/rich/layout.py', reloading
 * Detected change in '/root/repo/tensile-search-with-strands/api/venv_api/lib/python3.12/site-packages/pip/_vendor/rich/layout.py', reloading
 * Detected change in '/root/repo/tensile-search-with-strands/api/venv_api/lib/python3.12/site-packages/pip/_vendor/rich/_cell_widths.py', reloading
 * Detected change in '/root/repo/tensile-search-with-strands/api/venv_api/lib/python3.12/site-packages/pip/_vendor/rich/_cell_widths.py', reloading
 * Detected change in '/root/repo/tensile-search-with-strands/api/venv_api/lib/python3.12/site-packages/pip/_vendor/rich/measure.py', reloading
 * Detected change in '/root/repo/tensile-search-with-strands/api/venv_api/lib/python3.12/site-packages/pip/_vendor/rich/measure.py', reloading
 * Detected change in '/root/repo/tensile-search-with-strands/api/venv_api/lib/python3.12/site-packages/pip/_vendor/rich/screen.py', reloading
 * Detected change in '/root/repo/tensile-search-with-strands/api/venv_api/lib/python3.12/site-packages/pip/_vendor/rich/screen.py', reloading
 * Detected change in '/root/repo/tensile-search-with-strands/api/venv_api/lib/python3.12/site-packages/pip/_vendor/rich/__main__.py', reloading
 * Detected change in '/root/repo/tensile-search-with-strands/api/venv_api/lib/python3.12/site-packages/pip/_vendor/rich/__main__.py', reloading
 * Detected change in '/root/repo/tensile-search-with-strands/api/venv_api/lib/python3.12/site-packages/pip/_vendor/rich/_null_file.py', reloading
 * Detected change in '/root/repo/tensile-search-with-strands/api/venv_api/lib/python3.12/site-packages/pip/_vendor/rich/_null_file.py', reloading
 * Detected change in '/root/repo/tensile-search-with-strands/api/venv_api/lib/python3.12/site-packages/pip/_vendor/rich/_inspect.py', reloading
 * Detected change in '/root/repo/tensile-search-with-strands/api/venv_api/lib/python3.12/site-packages/pip/_vendor/rich/_inspect.py', reloading
 * Detected change in '/root/repo/tensile-search-with-strands/api/venv_api/lib/python3.12/site-packages/pip/_vendor/rich/abc.py', reloading
 * Detected change in '/root/repo/tensile-search-with-strands/api/venv_api/lib/python3.12/site-packages/pip/_vendor/rich/abc.py', reloading
 * Detected change in '/root/repo/tensile-search-with-strands/api/venv_api/lib/python3.12/site-packages/pip/_vendor/rich/color.py', reloading
 * Detected change in '/root/repo/tensile-search-with-strands/api/venv_api/lib/python3.12/site-packages/pip/_vendor/rich/color.py', reloading
 * Detected change in '/root/repo/tensile-search-with-strands/api/venv_api/lib/python3.12/site-packages/pip/_vendor/rich/_ratio.py', reloading
 * Detected change in '/root/repo/tensile-search-with-strands/api/venv_api/lib/python3.12/site-packages/pip/_vendor/rich/_ratio.py', reloading
 * Detected change in '/root/repo/tensile-search-with-strands/api/venv_api/lib/python3.12/site-packages/pip/_vendor/rich/containers.py', reloading
 * Detected change in '/root/repo/tensile-search-with-strands/api/venv_api/lib/python3.12/site-packages/pip/_vendor/rich/containers.py', reloading
 * Detected change in '/root/repo/tensile-search-with-strands/api/venv_api/lib/python3.12/site-packages/pip/_vendor/rich/ansi.py', reloading
 * Detected change in '/root/repo/tensile-search-with-strands/api/venv_api/lib/python3.12/site-packages/pip/_vendor/rich/ansi.py', reloading
 * Detected change in '/root/repo/tensile-search-with-strands/api/venv_api/lib/python3.12/site-packages/pip/_vendor/rich/markup.py', reloading
 * Detected change in '/root/repo/tensile-search-with-strands/api/venv_api/lib/python3.12/site-packages/pip/_vendor/rich/markup.py', reloading
 * Detected change in '/root/repo/tensile-search-with-strands/api/venv_api/lib/python3.12/site-packages/pip/_vendor/rich/table.py', reloading
 * Detected change in '/root/repo/tensile-search-with-strands/api/venv_api/lib/python3.12/site-packages/pip/_vendor/rich/table.py', reloading
 * Detected change in '/root/repo/tensile-search-with-strands/api/venv_api/lib/python3.12/site-packages/pip/_vendor/rich/filesize.py', reloading
 * Detected change in '/root/repo/tensile-search-with-strands/api/venv_api/lib/python3.12/site-packages/pip/_vendor/rich/filesize.py', reloading
 * Detected change in '/root/repo/tensile-search-with-strands/api/venv_api/lib/python3.12/site-packages/pip/_vendor/rich/_loop.py', reloading
 * Detected change in '/root/repo/tensile-search-with-strands/api/venv_api/lib/python3.12/site-packages/pip/_vendor/rich/_loop.py', reloading
 * Detected change in '/root/repo/tensile-search-with-strands/api/venv_api/lib/python3.12/site-packages/pip/_vendor/rich/_windows_renderer.py', reloading
 * Detected change in '/root/repo/tensile-search-with-strands/api/venv_api/lib/python3.12/site-packages/pip/_vendor/rich/_windows_renderer.py', reloading
 * Detected change in '/root/repo/tensile-search-with-strands/api/venv_api/lib/python3.12/site-packages/pip/_vendor/rich/json.py', reloading
 * Detected change in '/root/repo/tensile-search-with-strands/api/venv_api/lib/python3.12/site-packages/pip/_vendor/rich/json.py', reloading
 * Detected change in '/root/repo/tensile-search-with-strands/api/venv_api/lib/python3.12/site-packages/pip/_vendor/rich/jupyter.py', reloading
 * Detected change in '/root/repo/tensile-search-with-strands/api/venv_api/lib/python3.12/site-packages/pip/_vendor/rich/jupyter.py', reloading
 * Detected change in '/root/repo/tensile-search-with-strands/api/venv_api/lib/python3.12/site-packages/pip/_vendor/rich/_win32_console.py', reloading
 * Detected change in '/root/repo/tensile-search-with-strands/api/venv_api/lib/python3.12/site-packages/pip/_vendor/rich/_win32_console.py', reloading
 * Detected change in '/root/repo/tensile-search-with-strands/api/venv_api/lib/python3.12/site-packages/pip/_vendor/rich/styled.py', reloading
 * Detected change in '/root/repo/tensile-search-with-strands/api/venv_api/lib/python3.12/site-packages/pip/_vendor/rich/styled.py', reloading
 * Detected change in '/root/repo/tensile-search-with-strands/api/venv_api/lib/python3.12/site-packages/pip/_vendor/rich/prompt.py', reloading
 * Detected change in '/root/repo/tensile-search-with-strands/api/venv_api/lib/python3.12/site-packages/pip/_vendor/rich/prompt.py', reloading
 * Detected change in '/root/repo/tensile-search-with-strands/api/venv_api/lib/python3.12/site-packages/pip/_vendor/rich/_extension.py', reloading
 * Detected change in '/root/repo/tensile-search-with-strands/api/venv_api/lib/python3.12/site-packages/pip/_vendor/rich/_extension.py', reloading
 * Detected change in '/root/repo/tensile-search-with-strands/api/venv_api/lib/python3.12/site-packages/pip/_vendor/rich/palette.py', reloading
 * Detected change in '/root/repo/tensile-search-with-strands/api/venv_api/lib/python3.12/site-packages/pip/_vendor/rich/palette.py', reloading
 * Detected change in '/root/repo/tensile-search-with-strands/api/venv_api/lib/python3.12/site-packages/pip/_vendor/rich/file_proxy.py', reloading
 * Detected change in '/root/repo/tensile-search-with-strands/api/venv_api/lib/python3.12/site-packages/pip/_vendor/rich/file_proxy.py', reloading
 * Detected change in '/root/repo/tensile-search-with-strands/api/venv_api/lib/python3.12/site-packages/pip/_vendor/rich/control.py', reloading
 * Detected change in '/root/repo/tensile-search-with-strands/api/venv_api/lib/python3.12/site-packages/pip/_vendor/rich/control.py', reloading
 * Detected change in '/root/repo/tensile-search-with-strands/api/venv_api/lib/python3.12/site-packages/pip/_vendor/rich/live.py', reloading
 * Detected change in '/root/repo/tensile-search-with-strands/api/venv_api/lib/python3.12/site-packages/pip/_vendor/rich/live.py', reloading
 * Detected change in '/root/repo/tensile-search-with-strands/api/venv_api/lib/python3.12/site-packages/pip/_vendor/rich/region.py', reloading
 * Detected change in '/root/repo/tensile-search-with-strands/api/venv_api/lib/python3.12/site-packages/pip/_vendor/rich/region.py', reloading
 * Detected change in '/root/repo/tensile-search-with-strands/api/venv_api/lib/python3.12/site-packages/pip/_vendor/rich/themes.py', reloading
 * Detected change in '/root/repo/tensile-search-with-strands/api/venv_api/lib/python3.12/site-packages/pip/_vendor/rich/themes.py', reloading
 * Detected change in '/root/repo/tensile-search-with-strands/api/venv_api/lib/python3.12/site-packages/pip/_vendor/rich/terminal_theme.py', reloading
 * Detected change in '/root/repo/tensile-search-with-strands/api/venv_api/lib/python3.12/site-packages/pip/_vendor/rich/terminal_theme.py', reloading
 * Detected change in '/root/repo/tensile-search-with-strands/api/venv_api/lib/python3.12/site-packages/pip/_vendor/rich/_windows.py', reloading
 * Detected change in '/root/repo/tensile-search-with-strands/api/venv_api/lib/python3.12/site-packages/pip/_vendor/rich/_windows.py', reloading
 * Detected change in '/root/repo/tensile-search-with-strands/api/venv_api/lib/python3.12/site-packages/pip/_vendor/rich/panel.py', reloading
 * Detected change in '/root/repo/tensile-search-with-strands/api/venv_api/lib/python3.12/site-packages/pip/_vendor/rich/panel.py', reloading
 * Detected change in '/root/repo/tensile-search-with-strands/api/venv_api/lib/python3.12/site-packages/pip/_vendor/rich/rule.py', reloading
 * Detected change in '/root/repo/tensile-search-with-strands/api/venv_api/lib/python3.12/site-packages/pip/_vendor/rich/rule.py', reloading
 * Detected change in '/root/repo/tensile-search-with-strands/api/venv_api/lib/python3.12/site-packages/pip/_vendor/requests/help.py', reloading
 * Detected change in '/root/repo/tensile-search-with-strands/api/venv_api/lib/python3.12/site-packages/pip/_vendor/requests/help.py', reloading
 * Detected change in '/root/repo/tensile-search-with-strands/api/venv_api/lib/python3.12/site-packages/pip/_vendor/requests/hooks.py', reloading
 * Detected change in '/root/repo/tensile-search-with-strands/api/venv_api/lib/python3.12/site-packages/pip/_vendor/requests/hooks.py', reloading
 * Detected change in '/root/repo/tensile-search-with-strands/api/venv_api/lib/python3.12/site-packages/pip/_vendor/requests/packages.py', reloading
 * Detected change in '/root/repo/tensile-search-with-strands/api/venv_api/lib/python3.12/site-packages/pip/_vendor/requests/packages.py', reloading
 * Detected change in '/root/repo/tensile-search-with-strands/api/venv_api/lib/python3.12/site-packages/pip/_vendor/requests/exceptions.py', reloading
 * Detected change in '/root/repo/tensile-search-with-strands/api/venv_api/lib/python3.12/site-packages/pip/_vendor/requests/exceptions.py', reloading
 * Detected change in '/root/repo/tensile-search-with-strands/api/venv_api/lib/python3.12/site-packages/pip/_vendor/requests/auth.py', reloading
 * Detected change in '/root/repo/tensile-search-with-strands/api/venv_api/lib/python3.12/site-packages/pip/_vendor/requests/auth.py', reloading
 * Detected change in '/root/repo/tensile-search-with-strands/api/venv_api/lib/python3.12/site-packages/pip/_vendor/requests/__version__.py', reloading
 * Detected change in '/root/repo/tensile-search-with-strands/api/venv_api/lib/python3.12/site-packages/pip/_vendor/requests/__version__.py', reloading
 * Detected change in '/root/repo/tensile-search-with-strands/api/venv_api/lib/python3.12/site-packages/pip/_vendor/requests/__init__.py', reloading
 * Detected change in '/root/repo/tensile-search-with-strands/api/venv_api/lib/python3.12/site-packages/pip/_vendor/requests/__init__.py', reloading
 * Detected change in '/root/repo/tensile-search-with-strands/api/venv_api/lib/python3.12/site-packages/pip/_vendor/requests/status_codes.py', reloading
 * Detected change in '/root/repo/tensile-search-with-strands/api/venv_api/lib/python3.12/site-packages/pip/_vendor/requests/status_codes.py', reloading
 * Detected change in '/root/repo/tensile-search-with-strands/api/venv_api/lib/python3.12/site-packages/pip/_vendor/requests/utils.py', reloading
 * Detected change in '/root/repo/tensile-search-with-strands/api/venv_api/lib/python3.12/site-packages/pip/_vendor/requests/utils.py', reloading
 * Detected change in '/root/repo/tensile-search-with-strands/api/venv_api/lib/python3.12/site-packages/pip/_vendor/requests/structures.py', reloading
 * Detected change in '/root/repo/tensile-search-with-strands/api/venv_api/lib/python3.12/site-packages/pip/_vendor/requests/structures.py', reloading
 * Detected change in '/root/repo/tensile-search-with-strands/api/venv_api/lib/python3.12/site-packages/pip/_vendor/requests/cookies.py', reloading
 * Detected change in '/root/repo/tensile-search-with-strands/api/venv_api/lib/python3.12/site-packages/pip/_vendor/requests/cookies.py', reloading
 * Detected change in '/root/repo/tensile-search-with-strands/api/venv_api/lib/python3.12/site-packages/pip/_vendor/requests/sessions.py', reloading
 * Detected change in '/root/repo/tensile-search-with-strands/api/venv_api/lib/python3.12/site-packages/pip/_vendor/requests/sessions.py', reloading
 * Detected change in '/root/repo/tensile-search-with-strands/api/venv_api/lib/python3.12/site-packages/pip/_vendor/requests/_internal_utils.py', reloading
 * Detected change in '/root/repo/tensile-search-with-strands/api/venv_api/lib/python3.12/site-packages/pip/_vendor/requests/_internal_utils.py', reloading
 * Detected change in '/root/repo/tensile-search-with-strands/api/venv_api/lib/python3.12/site-packages/pip/_vendor/requests/models.py', reloading
 * Detected change in '/root/repo/tensile-search-with-strands/api/venv_api/lib/python3.12/site-packages/pip/_vendor/requests/models.py', reloading
 * Detected change in '/root/repo/tensile-search-with-strands/api/venv_api/lib/python3.12/site-packages/pip/_vendor/requests/certs.py', reloading
 * Detected change in '/root/repo/tensile-search-with-strands/api/venv_api/lib/python3.12/site-packages/pip/_vendor/requests/certs.py', reloading
 * Detected change in '/root/repo/tensile-search-with-strands/api/venv_api/lib/python3.12/site-packages/pip/_vendor/requests/adapters.py', reloading
 * Detected change in '/root/repo/tensile-search-with-strands/api/venv_api/lib/python3.12/site-packages/pip/_vendor/requests/adapters.py', reloading
 * Detected change in '/root/repo/tensile-search-with-strands/api/venv_api/lib/python3.12/site-packages/pip/_vendor/requests/api.py', reloading
 * Detected change in '/root/repo/tensile-search-with-strands/api/venv_api/lib/python3.12/site-packages/pip/_vendor/requests/api.py', reloading
 * Detected change in '/root/repo/tensile-search-with-strands/api/venv_api/lib/python3.12/site-packages/pip/_vendor/requests/compat.py', reloading
 * Detected change in '/root/repo/tensile-search-with-strands/api/venv_api/lib/python3.12/site-packages/pip/_vendor/requests/compat.py', reloading
 * Detected change in '/root/repo/tensile-search-with-strands/api/venv_api/lib/python3.12/site-packages/pip/_vendor/platformdirs/version.py', reloading
 * Detected change in '/root/repo/tensile-search-with-strands/api/venv_api/lib/python3.12/site-packages/pip/_vendor/platformdirs/version.py', reloading
 * Detected change in '/root/repo/tensile-search-with-strands/api/venv_api/lib/python3.12/site-packages/pip/_vendor/platformdirs/macos.py', reloading
 * Detected change in '/root/repo/tensile-search-with-strands/api/venv_api/lib/python3.12/site-packages/pip/_vendor/platformdirs/macos.py', reloading
 * Detected change in '/root/repo/tensile-search-with-strands/api/venv_api/lib/python3.12/site-packages/pip/_vendor/platformdirs/windows.py', reloading
 * Detected change in '/root/repo/tensile-search-with-strands/api/venv_api/lib/python3.12/site-packages/pip/_vendor/platformdirs/windows.py', reloading
 * Detected change in '/root/repo/tensile-search-with-strands/api/venv_api/lib/python3.12/site-packages/pip/_vendor/platformdirs/unix.py', reloading
 * Detected change in '/root/repo/tensile-search-with-strands/api/venv_api/lib/python3.12/site-packages/pip/_vendor/platformdirs/unix.py', reloading
 * Detected change in '/root/repo/tensile-search-with-strands/api/venv_api/lib/python3.12/site-packages/pip/_vendor/platformdirs/__init__.py', reloading
 * Detected change in '/root/repo/tensile-search-with-strands/api/venv_api/lib/python3.12/site-packages/pip/_vendor/platformdirs/__init__.py', reloading
 * Detected change in '/root/repo/tensile-search-with-strands/api/venv_api/lib/python3.12/site-packages/pip/_vendor/platformdirs/__main__.py', reloading
 * Detected change in '/root/repo/tensile-search-with-strands/api/venv_api/lib/python3.12/site-packages/pip/_vendor/platformdirs/__main__.py', reloading
 * Detected change in '/root/repo/tensile-search-with-strands/api/venv_api/lib/python3.12/site-packages/pip/_vendor/platformdirs/android.py', reloading
 * Detected change in '/root/repo/tensile-search-with-strands/api/venv_api/lib/python3.12/site-packages/pip/_vendor/platformdirs/android.py', reloading
 * Detected change in '/root/repo/tensile-search-with-strands/api/venv_api/lib/python3.12/site-packages/pip/_vendor/platformdirs/api.py', reloading
 * Detected change in '/root/repo/tensile-search-with-strands/api/venv_api/lib/python3.12/site-packages/pip/_vendor/platformdirs/api.py', reloading
 * Detected change in '/root/repo/tensile-search-with-strands/api/venv_api/lib/python3.12/site-packages/pip/_vendor/pkg_resources/__init__.py', reloading
 * Detected change in '/root/repo/tensile-search-with-strands/api/venv_api/lib/python3.12/site-packages/pip/_vendor/pkg_resources/__init__.py', reloading
 * Detected change in '/root/repo/tensile-search-with-strands/api/venv_api/lib/python3.12/site-packages/pip/_vendor/tomli/_re.py', reloading
 * Detected change in '/root/repo/tensile-search-with-strands/api/venv_api/lib/python3.12/site-packages/pip/_vendor/tomli/_re.py', reloading
 * Detected change in '/root/repo/tensile-search-with-strands/api/venv_api/lib/python3.12/site-packages/pip/_vendor/tomli/_parser.py', reloading
 * Detected change in '/root/repo/tensile-search-with-strands/api/venv_api/lib/python3.12/site-packages/pip/_vendor/tomli/_parser.py', reloading
 * Detected change in '/root/repo/tensile-search-with-strands/api/venv_api/lib/python3.12/site-packages/pip/_vendor/tomli/__init__.py', reloading
 * Detected change in '/root/repo/tensile-search-with-strands/api/venv_api/lib/python3.12/site-packages/pip/_vendor/tomli/__init__.py', reloading
 * Detected change in '/root/repo/tensile-search-with-strands/api/venv_api/lib/python3.12/site-packages/pip/_vendor/tomli/_types.py', reloading
 * Detected change in '/root/repo/tensile-search-with-strands/api/venv_api/lib/python3.12/site-packages/pip/_vendor/tomli/_types.py', reloading
 * Detected change in '/root/repo/tensile-search-with-strands/api/venv_api/lib/python3.12/site-packages/pip/_vendor/certifi/core.py', reloading
 * Detected change in '/root/repo/tensile-search-with-strands/api/venv_api/lib/python3.12/site-packages/pip/_vendor/certifi/core.py', reloading
 * Detected change in '/root/repo/tensile-search-with-strands/api/venv_api/lib/python3.12/site-packages/pip/_vendor/certifi/__init__.py', reloading
 * Detected change in '/root/repo/tensile-search-with-strands/api/venv_api/lib/python3.12/site-packages/pip/_vendor/certifi/__init__.py', reloading
 * Detected change in '/root/repo/tensile-search-with-strands/api/venv_api/lib/python3.12/site-packages/pip/_vendor/certifi/__main__.py', reloading
 * Detected change in '/root/repo/tensile-search-with-strands/api/venv_api/lib/python3.12/site-packages/pip/_vendor/certifi/__main__.py', reloading
 * Detected change in '/root/repo/tensile-search-with-strands/api/venv_api/lib/python3.12/site-packages/markupsafe/_native.py', reloading
 * Detected change in '/root/repo/tensile-search-with-strands/api/venv_api/lib/python3.12/site-packages/markupsafe/_native.py', reloading
 * Detected change in '/root/repo/tensile-search-with-strands/api/venv_api/lib/python3.12/site-packages/markupsafe/__init__.py', reloading
 * Detected change in '/root/repo/tensile-search-with-strands/api/venv_api/lib/python3.12/site-packages/markupsafe/__init__.py', reloading
 * Restarting with watchdog (inotify)
 * Debugger is active!
 * Debugger PIN: 740-969-780
 * Detected change in '/root/repo/tensile-search-with-strands/api/venv_api/lib/python3.12/site-packages/click/decorators.py', reloading
 * Detected change in '/root/repo/tensile-search-with-strands/api/venv_api/lib/python3.12/site-packages/click/decorators.py', reloading
 * Detected change in '/root/repo/tensile-search-with-strands/api/venv_api/lib/python3.12/site-packages/click/testing.py', reloading
 * Detected change in '/root/repo/tensile-search-with-strands/api/venv_api/lib/python3.12/site-packages/click/testing.py', reloading
 * Detected change in '/root/repo/tensile-search-with-strands/api/venv_api/lib/python3.12/site-packages/click/formatting.py', reloading
 * Detected change in '/root/repo/tensile-search-with-strands/api/venv_api/lib/python3.12/site-packages/click/formatting.py', reloading
 * Detected change in '/root/repo/tensile-search-with-strands/api/venv_api/lib/python3.12/site-packages/click/core.py', reloading
 * Detected change in '/root/repo/tensile-search-with-strands/api/venv_api/lib/python3.12/site-packages/click/core.py', reloading
 * Detected change in '/root/repo/tensile-search-with-strands/api/venv_api/lib/python3.12/site-packages/click/exceptions.py', reloading
 * Detected change in '/root/repo/tensile-search-with-strands/api/venv_api/lib/python3.12/site-packages/click/exceptions.py', reloading
 * Detected change in '/root/repo/tensile-search-with-strands/api/venv_api/lib/python3.12/site-packages/click/globals.py', reloading
 * Detected change in '/root/repo/tensile-search-with-strands/api/venv_api/lib/python3.12/site-packages/click/globals.py', reloading
 * Detected change in '/root/repo/tensile-search-with-strands/api/venv_api/lib/python3.12/site-packages/click/_termui_impl.py', reloading
 * Detected change in '/root/repo/tensile-search-with-strands/api/venv_api/lib/python3.12/site-packages/click/_termui_impl.py', reloading
 * Detected change in '/root/repo/tensile-search-with-strands/api/venv_api/lib/python3.12/site-packages/click/_compat.py', reloading
 * Detected change in '/root/repo/tensile-search-with-strands/api/venv_api/lib/python3.12/site-packages/click/_compat.py', reloading
 * Detected change in '/root/repo/tensile-search-with-strands/api/venv_api/lib/python3.12/site-packages/click/_utils.py', reloading
 * Detected change in '/root/repo/tensile-search-with-strands/api/venv_api/lib/python3.12/site-packages/click/_utils.py', reloading
 * Detected change in '/root/repo/tensile-search-with-strands/api/venv_api/lib/python3.12/site-packages/click/termui.py', reloading
 * Detected change in '/root/repo/tensile-search-with-strands/api/venv_api/lib/python3.12/site-packages/click/termui.py', reloading
 * Detected change in '/root/repo/tensile-search-with-strands/api/venv_api/lib/python3.12/site-packages/click/types.py', reloading
 * Detected change in '/root/repo/tensile-search-with-strands/api/venv_api/lib/python3.12/site-packages/click/types.py', reloading
 * Detected change in '/root/repo/tensile-search-with-strands/api/venv_api/lib/python3.12/site-packages/click/__init__.py', reloading
 * Detected change in '/root/repo/tensile-search-with-strands/api/venv_api/lib/python3.12/site-packages/click/__init__.py', reloading
 * Detected change in '/root/repo/tensile-search-with-strands/api/venv_api/lib/python3.12/site-packages/click/utils.py', reloading
 * Detected change in '/root/repo/tensile-search-with-strands/api/venv_api/lib/python3.12/site-packages/click/utils.py', reloading
 * Detected change in '/root/repo/tensile-search-with-strands/api/venv_api/lib/python3.12/site-packages/click/shell_completion.py', reloading
 * Detected change in '/root/repo/tensile-search-with-strands/api/venv_api/lib/python3.12/site-packages/click/shell_completion.py', reloading
 * Detected change in '/root/repo/tensile-search-with-strands/api/venv_api/lib/python3.12/site-packages/click/parser.py', reloading
 * Detected change in '/root/repo/tensile-search-with-strands/api/venv_api/lib/python3.12/site-packages/click/parser.py', reloading
 * Detected change in '/root/repo/tensile-search-with-strands/api/venv_api/lib/python3.12/site-packages/click/_textwrap.py', reloading
 * Detected change in '/root/repo/tensile-search-with-strands/api/venv_api/lib/python3.12/site-packages/click/_textwrap.py', reloading
 * Detected change in '/root/repo/tensile-search-with-strands/api/venv_api/lib/python3.12/site-packages/click/_winconsole.py', reloading
 * Detected change in '/root/repo/tensile-search-with-strands/api/venv_api/lib/python3.12/site-packages/click/_winconsole.py', reloading
 * Restarting with watchdog (inotify)
 * Debugger is active!
 * Debugger PIN: 740-969-780
 * Detected change in '/root/repo/tensile-search-with-strands/api/venv_api/lib/python3.12/site-packages/blinker/base.py', reloading
 * Detected change in '/root/repo/tensile-search-with-strands/api/venv_api/lib/python3.12/site-packages/blinker/base.py', reloading
 * Detected change in '/root/repo/tensile-search-with-strands/api/venv_api/lib/python3.12/site-packages/blinker/__init__.py', reloading
 * Detected change in '/root/repo/tensile-search-with-strands/api/venv_api/lib/python3.12/site-packages/blinker/__init__.py', reloading
 * Detected change in '/root/repo/tensile-search-with-strands/api/venv_api/lib/python3.12/site-packages/blinker/_utilities.py', reloading
 * Detected change in '/root/repo/tensile-search-with-strands/api/venv_api/lib/python3.12/site-packages/blinker/_utilities.py', reloading
 * Detected change in '/root/repo/tensile-search-with-strands/api/venv_api/lib/python3.12/site-packages/jinja2/loaders.py', reloading
 * Detected change in '/root/repo/tensile-search-with-strands/api/venv_api/lib/python3.12/site-packages/jinja2/loaders.py', reloading
 * Detected change in '/root/repo/tensile-search-with-strands/api/venv_api/lib/python3.12/site-packages/jinja2/_identifier.py', reloading
 * Detected change in '/root/repo/tensile-search-with-strands/api/venv_api/lib/python3.12/site-packages/jinja2/_identifier.py', reloading
 * Detected change in '/root/repo/tensile-search-with-strands/api/venv_api/lib/python3.12/site-packages/jinja2/nativetypes.py', reloading
 * Detected change in '/root/repo/tensile-search-with-strands/api/venv_api/lib/python3.12/site-packages/jinja2/nativetypes.py', reloading
 * Detected change in '/root/repo/tensile-search-with-strands/api/venv_api/lib/python3.12/site-packages/jinja2/debug.py', reloading
 * Detected change in '/root/repo/tensile-search-with-strands/api/venv_api/lib/python3.12/site-packages/jinja2/debug.py', reloading
 * Detected change in '/root/repo/tensile-search-with-strands/api/venv_api/lib/python3.12/site-packages/jinja2/meta.py', reloading
 * Detected change in '/root/repo/tensile-search-with-strands/api/venv_api/lib/python3.12/site-packages/jinja2/meta.py', reloading
 * Detected change in '/root/repo/tensile-search-with-strands/api/venv_api/lib/python3.12/site-packages/jinja2/exceptions.py', reloading
 * Detected change in '/root/repo/tensile-search-with-strands/api/venv_api/lib/python3.12/site-packages/jinja2/exceptions.py', reloading
 * Detected change in '/root/repo/tensile-search-with-strands/api/venv_api/lib/python3.12/site-packages/jinja2/ext.py', reloading
 * Detected change in '/root/repo/tensile-search-with-strands/api/venv_api/lib/python3.12/site-packages/jinja2/ext.py', reloading
 * Detected change in '/root/repo/tensile-search-with-strands/api/venv_api/lib/python3.12/site-packages/jinja2/lexer.py', reloading
 * Detected change in '/root/repo/tensile-search-with-strands/api/venv_api/lib/python3.12/site-packages/jinja2/lexer.py', reloading
 * Detected change in '/root/repo/tensile-search-with-strands/api/venv_api/lib/python3.12/site-packages/jinja2/bccache.py', reloading
 * Detected change in '/root/repo/tensile-search-with-strands/api/venv_api/lib/python3.12/site-packages/jinja2/bccache.py', reloading
 * Detected change in '/root/repo/tensile-search-with-strands/api/venv_api/lib/python3.12/site-packages/jinja2/async_utils.py', reloading
 * Detected change in '/root/repo/tensile-search-with-strands/api/venv_api/lib/python3.12/site-packages/jinja2/async_utils.py', reloading
 * Detected change in '/root/repo/tensile-search-with-strands/api/venv_api/lib/python3.12/site-packages/jinja2/filters.py', reloading
 * Detected change in '/root/repo/tensile-search-with-strands/api/venv_api/lib/python3.12/site-packages/jinja2/filters.py', reloading
 * Detected change in '/root/repo/tensile-search-with-strands/api/venv_api/lib/python3.12/site-packages/jinja2/optimizer.py', reloading
 * Detected change in '/root/repo/tensile-search-with-strands/api/venv_api/lib/python3.12/site-packages/jinja2/optimizer.py', reloading
 * Detected change in '/root/repo/tensile-search-with-strands/api/venv_api/lib/python3.12/site-packages/jinja2/__init__.py', reloading
 * Detected change in '/root/repo/tensile-search-with-strands/api/venv_api/lib/python3.12/site-packages/jinja2/__init__.py', reloading
 * Detected change in '/root/repo/tensile-search-with-strands/api/venv_api/lib/python3.12/site-packages/jinja2/utils.py', reloading
 * Detected change in '/root/repo/tensile-search-with-strands/api/venv_api/lib/python3.12/site-packages/jinja2/utils.py', reloading
 * Detected change in '/root/repo/tensile-search-with-strands/api/venv_api/lib/python3.12/site-packages/jinja2/sandbox.py', reloading
 * Detected change in '/root/repo/tensile-search-with-strands/api/venv_api/lib/python3.12/site-packages/jinja2/sandbox.py', reloading
 * Detected change in '/root/repo/tensile-search-with-strands/api/venv_api/lib/python3.12/site-packages/jinja2/nodes.py', reloading
 * Detected change in '/root/repo/tensile-search-with-strands/api/venv_api/lib/python3.12/site-packages/jinja2/nodes.py', reloading
 * Detected change in '/root/repo/tensile-search-with-strands/api/venv_api/lib/python3.12/site-packages/jinja2/parser.py', reloading
 * Detected change in '/root/repo/tensile-search-with-strands/api/venv_api/lib/python3.12/site-packages/jinja2/parser.py', reloading
 * Detected change in '/root/repo/tensile-search-with-strands/api/venv_api/lib/python3.12/site-packages/jinja2/tests.py', reloading
 * Detected change in '/root/repo/tensile-search-with-strands/api/venv_api/lib/python3.12/site-packages/jinja2/tests.py', reloading
 * Detected change in '/root/repo/tensile-search-with-strands/api/venv_api/lib/python3.12/site-packages/jinja2/idtracking.py', reloading
 * Detected change in '/root/repo/tensile-search-with-strands/api/venv_api/lib/python3.12/site-packages/jinja2/idtracking.py', reloading
 * Detected change in '/root/repo/tensile-search-with-strands/api/venv_api/lib/python3.12/site-packages/jinja2/runtime.py', reloading
 * Detected change in '/root/repo/tensile-search-with-strands/api/venv_api/lib/python3.12/site-packages/jinja2/runtime.py', reloading
 * Detected change in '/root/repo/tensile-search-with-strands/api/venv_api/lib/python3.12/site-packages/jinja2/constants.py', reloading
 * Detected change in '/root/repo/tensile-search-with-strands/api/venv_api/lib/python3.12/site-packages/jinja2/constants.py', reloading
 * Detected change in '/root/repo/tensile-search-with-strands/api/venv_api/lib/python3.12/site-packages/jinja2/defaults.py', reloading
 * Detected change in '/root/repo/tensile-search-with-strands/api/venv_api/lib/python3.12/site-packages/jinja2/defaults.py', reloading
 * Detected change in '/root/repo/tensile-search-with-strands/api/venv_api/lib/python3.12/site-packages/jinja2/compiler.py', reloading
 * Detected change in '/root/repo/tensile-search-with-strands/api/venv_api/lib/python3.12/site-packages/jinja2/compiler.py', reloading
 * Detected change in '/root/repo/tensile-search-with-strands/api/venv_api/lib/python3.12/site-packages/jinja2/environment.py', reloading
 * Detected change in '/root/repo/tensile-search-with-strands/api/venv_api/lib/python3.12/site-packages/jinja2/environment.py', reloading
 * Detected change in '/root/repo/tensile-search-with-strands/api/venv_api/lib/python3.12/site-packages/jinja2/visitor.py', reloading
 * Detected change in '/root/repo/tensile-search-with-strands/api/venv_api/lib/python3.12/site-packages/jinja2/visitor.py', reloading
 * Detected change in '/root/repo/tensile-search-with-strands/api/venv_api/lib/python3.12/site-packages/itsdangerous/serializer.py', reloading
 * Detected change in '/root/repo/tensile-search-with-strands/api/venv_api/lib/python3.12/site-packages/itsdangerous/serializer.py', reloading
 * Detected change in '/root/repo/tensile-search-with-strands/api/venv_api/lib/python3.12/site-packages/itsdangerous/_json.py', reloading
 * Detected change in '/root/repo/tensile-search-with-strands/api/venv_api/lib/python3.12/site-packages/itsdangerous/_json.py', reloading
 * Detected change in '/root/repo/tensile-search-with-strands/api/venv_api/lib/python3.12/site-packages/itsdangerous/exc.py', reloading
 * Detected change in '/root/repo/tensile-search-with-strands/api/venv_api/lib/python3.12/site-packages/itsdangerous/exc.py', reloading
 * Detected change in '/root/repo/tensile-search-with-strands/api/venv_api/lib/python3.12/site-packages/itsdangerous/__init__.py', reloading
 * Detected change in '/root/repo/tensile-search-with-strands/api/venv_api/lib/python3.12/site-packages/itsdangerous/__init__.py', reloading
 * Detected change in '/root/repo/tensile-search-with-strands/api/venv_api/lib/python3.12/site-packages/itsdangerous/url_safe.py', reloading
 * Detected change in '/root/repo/tensile-search-with-strands/api/venv_api/lib/python3.12/site-packages/itsdangerous/url_safe.py', reloading
 * Detected change in '/root/repo/tensile-search-with-strands/api/venv_api/lib/python3.12/site-packages/itsdangerous/timed.py', reloading
 * Detected change in '/root/repo/tensile-search-with-strands/api/venv_api/lib/python3.12/site-packages/itsdangerous/timed.py', reloading
 * Detected change in '/root/repo/tensile-search-with-strands/api/venv_api/lib/python3.12/site-packages/itsdangerous/signer.py', reloading
 * Detected change in '/root/repo/tensile-search-with-strands/api/venv_api/lib/python3.12/site-packages/itsdangerous/signer.py', reloading
 * Detected change in '/root/repo/tensile-search-with-strands/api/venv_api/lib/python3.12/site-packages/itsdangerous/encoding.py', reloading
 * Detected change in '/root/repo/tensile-search-with-strands/api/venv_api/lib/python3.12/site-packages/itsdangerous/encoding.py', reloading
 * Restarting with watchdog (inotify)
 * Debugger is active!
 * Debugger PIN: 740-969-780
 * Detected change in '/root/repo/tensile-search-with-strands/api/app.py', reloading
 * Restarting with watchdog (inotify)
 * Debugger is active!
 * Debugger PIN: 740-969-780
 * Detected change in '/root/repo/tensile-search-with-strands/api/app.py', reloading
 * Detected change in '/root/repo/tensile-search-with-strands/api/venv_api/lib/python3.12/site-packages/blinker/__init__.py', reloading
 * Detected change in '/root/repo/tensile-search-with-strands/api/venv_api/lib/python3.12/site-packages/blinker/_utilities.py', reloading
 * Detected change in '/root/repo/tensile-search-with-strands/api/venv_api/lib/python3.12/site-packages/blinker/base.py', reloading
 * Detected change in '/root/repo/tensile-search-with-strands/api/venv_api/lib/python3.12/site-packages/click/__init__.py', reloading
 * Detected change in '/root/repo/tensile-search-with-strands/api/venv_api/lib/python3.12/site-packages/click/_compat.py', reloading
 * Detected change in '/root/repo/tensile-search-with-strands/api/venv_api/lib/python3.12/site-packages/click/_termui_impl.py', reloading
 * Detected change in '/root/repo/tensile-search-with-strands/api/venv_api/lib/python3.12/site-packages/click/_textwrap.py', reloading
 * Detected change in '/root/repo/tensile-search-with-strands/api/venv_api/lib/python3.12/site-packages/click/_utils.py', reloading
 * Detected change in '/root/repo/tensile-search-with-strands/api/venv_api/lib/python3.12/site-packages/click/_winconsole.py', reloading
 * Detected change in '/root/repo/tensile-search-with-strands/api/venv_api/lib/python3.12/site-packages/click/core.py', reloading
 * Detected change in '/root/repo/tensile-search-with-strands/api/venv_api/lib/python3.12/site-packages/click/decorators.py', reloading
 * Detected change in '/root/repo/tensile-search-with-strands/api/venv_api/lib/python3.12/site-packages/click/exceptions.py', reloading
 * Detected change in '/root/repo/tensile-search-with-strands/api/venv_api/lib/python3.12/site-packages/click/formatting.py', reloading
 * Detected change in '/root/repo/tensile-search-with-strands/api/venv_api/lib/python3.12/site-packages/click/globals.py', reloading
 * Detected change in '/root/repo/tensile-search-with-strands/api/venv_api/lib/python3.12/site-packages/click/parser.py', reloading
 * Detected change in '/root/repo/tensile-search-with-strands/api/venv_api/lib/python3.12/site-packages/click/shell_completion.py', reloading
 * Detected change in '/root/repo/tensile-search-with-strands/api/venv_api/lib/python3.12/site-packages/click/termui.py', reloading
 * Detected change in '/root/repo/tensile-search-with-strands/api/venv_api/lib/python3.12/site-packages/click/testing.py', reloading
 * Detected change in '/root/repo/tensile-search-with-strands/api/venv_api/lib/python3.12/site-packages/click/types.py', reloading
 * Detected change in '/root/repo/tensile-search-with-strands/api/venv_api/lib/python3.12/site-packages/click/utils.py', reloading
 * Detected change in '/root/repo/tensile-search-with-strands/api/venv_api/lib/python3.12/site-packages/flask/__init__.py', reloading
 * Detected change in '/root/repo/tensile-search-with-strands/api/venv_api/lib/python3.12/site-packages/flask/__main__.py', reloading
 * Detected change in '/root/repo/tensile-search-with-strands/api/venv_api/lib/python3.12/site-packages/flask/app.py', reloading
 * Detected change in '/root/repo/tensile-search-with-strands/api/venv_api/lib/python3.12/site-packages/flask/blueprints.py', reloading
 * Detected change in '/root/repo/tensile-search-with-strands/api/venv_api/lib/python3.12/site-packages/flask/cli.py', reloading
 * Detected change in '/root/repo/tensile-search-with-strands/api/venv_api/lib/python3.12/site-packages/flask/config.py', reloading
 * Detected change in '/root/repo/tensile-search-with-strands/api/venv_api/lib/python3.12/site-packages/flask/ctx.py', reloading
 * Detected change in '/root/repo/tensile-search-with-strands/api/venv_api/lib/python3.12/site-packages/flask/debughelpers.py', reloading
 * Detected change in '/root/repo/tensile-search-with-strands/api/venv_api/lib/python3.12/site-packages/flask/globals.py', reloading
 * Detected change in '/root/repo/tensile-search-with-strands/api/venv_api/lib/python3.12/site-packages/flask/helpers.py', reloading
 * Detected change in '/root/repo/tensile-search-with-strands/api/venv_api/lib/python3.12/site-packages/flask/json/__init__.py', reloading
 * Detected change in '/root/repo/tensile-search-with-strands/api/venv_api/lib/python3.12/site-packages/flask/json/provider.py', reloading
 * Detected change in '/root/repo/tensile-search-with-strands/api/venv_api/lib/python3.12/site-packages/flask/json/tag.py', reloading
 * Detected change in '/root/repo/tensile-search-with-strands/api/venv_api/lib/python3.12/site-packages/flask/logging.py', reloading
 * Detected change in '/root/repo/tensile-search-with-strands/api/venv_api/lib/python3.12/site-packages/flask/scaffold.py', reloading
 * Detected change in '/root/repo/tensile-search-with-strands/api/venv_api/lib/python3.12/site-packages/flask/sessions.py', reloading
 * Detected change in '/root/repo/tensile-search-with-strands/api/venv_api/lib/python3.12/site-packages/flask/signals.py', reloading
 * Detected change in '/root/repo/tensile-search-with-strands/api/venv_api/lib/python3.12/site-packages/flask/templating.py', reloading
 * Detected change in '/root/repo/tensile-search-with-strands/api/venv_api/lib/python3.12/site-packages/flask/testing.py', reloading
 * Detected change in '/root/repo/tensile-search-with-strands/api/venv_api/lib/python3.12/site-packages/flask/typing.py', reloading
 * Detected change in '/root/repo/tensile-search-with-strands/api/venv_api/lib/python3.12/site-packages/flask/views.py', reloading
 * Detected change in '/root/repo/tensile-search-with-strands/api/venv_api/lib/python3.12/site-packages/flask/wrappers.py', reloading
 * Detected change in '/root/repo/tensile-search-with-strands/api/venv_api/lib/python3.12/site-packages/itsdangerous/__init__.py', reloading
 * Detected change in '/root/repo/tensile-search-with-strands/api/venv_api/lib/python3.12/site-packages/itsdangerous/_json.py', reloading
 * Detected change in '/root/repo/tensile-search-with-strands/api/venv_api/lib/python3.12/site-packages/itsdangerous/encoding.py', reloading
 * Detected change in '/root/repo/tensile-search-with-strands/api/venv_api/lib/python3.12/site-packages/itsdangerous/exc.py', reloading
 * Detected change in '/root/repo/tensile-search-with-strands/api/venv_api/lib/python3.12/site-packages/itsdangerous/serializer.py', reloading
 * Detected change in '/root/repo/tensile-search-with-strands/api/venv_api/lib/python3.12/site-packages/itsdangerous/signer.py', reloading
 * Detected change in '/root/repo/tensile-search-with-strands/api/venv_api/lib/python3.12/site-packages/itsdangerous/timed.py', reloading
 * Detected change in '/root/repo/tensile-search-with-strands/api/venv_api/lib/python3.12/site-packages/itsdangerous/url_safe.py', reloading
 * Detected change in '/root/repo/tensile-search-with-strands/api/venv_api/lib/python3.12/site-packages/jinja2/__init__.py', reloading
 * Detected change in '/root/repo/tensile-search-with-strands/api/venv_api/lib/python3.12/site-packages/jinja2/_identifier.py', reloading
 * Detected change in '/root/repo/tensile-search-with-strands/api/venv_api/lib/python3.12/site-packages/jinja2/async_utils.py', reloading
 * Detected change in '/root/repo/tensile-search-with-strands/api/venv_api/lib/python3.12/site-packages/jinja2/bccache.py', reloading
 * Detected change in '/root/repo/tensile-search-with-strands/api/venv_api/lib/python3.12/site-packages/jinja2/compiler.py', reloading
 * Detected change in '/root/repo/tensile-search-with-strands/api/venv_api/lib/python3.12/site-packages/jinja2/constants.py', reloading
 * Detected change in '/root/repo/tensile-search-with-strands/api/venv_api/lib/python3.12/site-packages/jinja2/debug.py', reloading
 * Detected change in '/root/repo/tensile-search-with-strands/api/venv_api/lib/python3.12/site-packages/jinja2/defaults.py', reloading
 * Detected change in '/root/repo/tensile-search-with-strands/api/venv_api/lib/python3.12/site-packages/jinja2/environment.py', reloading
 * Detected change in '/root/repo/tensile-search-with-strands/api/venv_api/lib/python3.12/site-packages/jinja2/exceptions.py', reloading
 * Detected change in '/root/repo/tensile-search-with-strands/api/venv_api/lib/python3.12/site-packages/jinja2/ext.py', reloading
 * Detected change in '/root/repo/tensile-search-with-strands/api/venv_api/lib/python3.12/site-packages/jinja2/filters.py', reloading
 * Detected change in '/root/repo/tensile-search-with-strands/api/venv_api/lib/python3.12/site-packages/jinja2/idtracking.py', reloading
 * Detected change in '/root/repo/tensile-search-with-strands/api/venv_api/lib/python3.12/site-packages/jinja2/lexer.py', reloading
 * Detected change in '/root/repo/tensile-search-with-strands/api/venv_api/lib/python3.12/site-packages/jinja2/loaders.py', reloading
 * Detected change in '/root/repo/tensile-search-with-strands/api/venv_api/lib/python3.12/site-packages/jinja2/meta.py', reloading
 * Detected change in '/root/repo/tensile-search-with-strands/api/venv_api/lib/python3.12/site-packages/jinja2/nativetypes.py', reloading
 * Detected change in '/root/repo/tensile-search-with-strands/api/venv_api/lib/python3.12/site-packages/jinja2/nodes.py', reloading
 * Detected change in '/root/repo/tensile-search-with-strands/api/venv_api/lib/python3.12/site-packages/jinja2/optimizer.py', reloading
 * Detected change in '/root/repo/tensile-search-with-strands/api/venv_api/lib/python3.12/site-packages/jinja2/parser.py', reloading
 * Detected change in '/root/repo/tensile-search-with-strands/api/venv_api/lib/python3.12/site-packages/jinja2/runtime.py', reloading
 * Detected change in '/root/repo/tensile-search-with-strands/api/venv_api/lib/python3.12/site-packages/jinja2/sandbox.py', reloading
 * Detected change in '/root/repo/tensile-search-with-strands/api/venv_api/lib/python3.12/site-packages/jinja2/tests.py', reloading
 * Detected change in '/root/repo/tensile-search-with-strands/api/venv_api/lib/python3.12/site-packages/jinja2/utils.py', reloading
 * Detected change in '/root/repo/tensile-search-with-strands/api/venv_api/lib/python3.12/site-packages/jinja2/visitor.py', reloading
 * Detected change in '/root/repo/tensile-search-with-strands/api/venv_api/lib/python3.12/site-packages/markupsafe/__init__.py', reloading
 * Detected change in '/root/repo/tensile-search-with-strands/api/venv_api/lib/python3.12/site-packages/markupsafe/_native.py', reloading
 * Detected change in '/root/repo/tensile-search-with-strands/api/venv_api/lib/python3.12/site-packages/pip/__init__.py', reloading
 * Detected change in '/root/repo/tensile-search-with-strands/api/venv_api/lib/python3.12/site-packages/pip/__main__.py', reloading
 * Detected change in '/root/repo/tensile-search-with-strands/api/venv_api/lib/python3.12/site-packages/pip/__pip-runner__.py', reloading
 * Detected change in '/root/repo/tensile-search-with-strands/api/venv_api/lib/python3.12/site-packages/pip/_internal/__init__.py', reloading
 * Detected change in '/root/repo/tensile-search-with-strands/api/venv_api/lib/python3.12/site-packages/pip/_internal/build_env.py', reloading
 * Detected change in '/root/repo/tensile-search-with-strands/api/venv_api/lib/python3.12/site-packages/pip/_internal/cache.py', reloading
 * Detected change in '/root/repo/tensile-search-with-strands/api/venv_api/lib/python3.12/site-packages/pip/_internal/cli/__init__.py', reloading
 * Detected change in '/root/repo/tensile-search-with-strands/api/venv_api/lib/python3.12/site-packages/pip/_internal/cli/autocompletion.py', reloading
 * Detected change in '/root/repo/tensile-search-with-strands/api/venv_api/lib/python3.12/site-packages/pip/_internal/cli/base_command.py', reloading
 * Detected change in '/root/repo/tensile-search-with-strands/api/venv_api/lib/python3.12/site-packages/pip/_internal/cli/cmdoptions.py', reloading
 * Detected change in '/root/repo/tensile-search-with-strands/api/venv_api/lib/python3.12/site-packages/pip/_internal/cli/command_context.py', reloading
 * Detected change in '/root/repo/tensile-search-with-strands/api/venv_api/lib/python3.12/site-packages/pip/_internal/cli/main.py', reloading
 * Detected change in '/root/repo/tensile-search-with-strands/api/venv_api/lib/python3.12/site-packages/pip/_internal/cli/main_parser.py', reloading
 * Detected change in '/root/repo/tensile-search-with-strands/api/venv_api/lib/python3.12/site-packages/pip/_internal/cli/parser.py', reloading
 * Detected change in '/root/repo/tensile-search-with-strands/api/venv_api/lib/python3.12/site-packages/pip/_internal/cli/progress_bars.py', reloading
 * Detected change in '/root/repo/tensile-search-with-strands/api/venv_api/lib/python3.12/site-packages/pip/_internal/cli/req_command.py', reloading
 * Detected change in '/root/repo/tensile-search-with-strands/api/venv_api/lib/python3.12/site-packages/pip/_internal/cli/spinners.py', reloading
 * Detected change in '/root/repo/tensile-search-with-strands/api/venv_api/lib/python3.12/site-packages/pip/_internal/cli/status_codes.py', reloading
 * Detected change in '/root/repo/tensile-search-with-strands/api/venv_api/lib/python3.12/site-packages/pip/_internal/commands/__init__.py', reloading
 * Detected change in '/root/repo/tensile-search-with-strands/api/venv_api/lib/python3.12/site-packages/pip/_internal/commands/cache.py', reloading
 * Detected change in '/root/repo/tensile-search-with-strands/api/venv_api/lib/python3.12/site-packages/pip/_internal/commands/check.py', reloading
 * Detected change in '/root/repo/tensile-search-with-strands/api/venv_api/lib/python3.12/site-packages/pip/_internal/commands/completion.py', reloading
 * Detected change in '/root/repo/tensile-search-with-strands/api/venv_api/lib/python3.12/site-packages/pip/_internal/commands/configuration.py', reloading
 * Detected change in '/root/repo/tensile-search-with-strands/api/venv_api/lib/python3.12/site-packages/pip/_internal/commands/debug.py', reloading
 * Detected change in '/root/repo/tensile-search-with-strands/api/venv_api/lib/python3.12/site-packages/pip/_internal/commands/download.py', reloading
 * Detected change in '/root/repo/tensile-search-with-strands/api/venv_api/lib/python3.12/site-packages/pip/_internal/commands/freeze.py', reloading
 * Detected change in '/root/repo/tensile-search-with-strands/api/venv_api/lib/python3.12/site-packages/pip/_internal/commands/hash.py', reloading
 * Detected change in '/root/repo/tensile-search-with-strands/api/venv_api/lib/python3.12/site-packages/pip/_internal/commands/help.py', reloading
 * Detected change in '/root/repo/tensile-search-with-strands/api/venv_api/lib/python3.12/site-packages/pip/_internal/commands/index.py', reloading
 * Detected change in '/root/repo/tensile-search-with-strands/api/venv_api/lib/python3.12/site-packages/pip/_internal/commands/inspect.py', reloading
 * Detected change in '/root/repo/tensile-search-with-strands/api/venv_api/lib/python3.12/site-packages/pip/_internal/commands/install.py', reloading
 * Detected change in '/root/repo/tensile-search-with-strands/api/venv_api/lib/python3.12/site-packages/pip/_internal/commands/list.py', reloading
 * Detected change in '/root/repo/tensile-search-with-strands/api/venv_api/lib/python3.12/site-packages/pip/_internal/commands/search.py', reloading
 * Detected change in '/root/repo/tensile-search-with-strands/api/venv_api/lib/python3.12/site-packages/pip/_internal/commands/show.py', reloading
 * Detected change in '/root/repo/tensile-search-with-strands/api/venv_api/lib/python3.12/site-packages/pip/_internal/commands/uninstall.py', reloading
 * Detected change in '/root/repo/tensile-search-with-strands/api/venv_api/lib/python3.12/site-packages/pip/_internal/commands/wheel.py', reloading
 * Detected change in '/root/repo/tensile-search-with-strands/api/venv_api/lib/python3.12/site-packages/pip/_internal/configuration.py', reloading
 * Detected change in '/root/repo/tensile-search-with-strands/api/venv_api/lib/python3.12/site-packages/pip/_internal/distributions/__init__.py', reloading
 * Detected change in '/root/repo/tensile-search-with-strands/api/venv_api/lib/python3.12/site-packages/pip/_internal/distributions/base.py', reloading
 * Detected change in '/root/repo/tensile-search-with-strands/api/venv_api/lib/python3.12/site-packages/pip/_internal/distributions/installed.py', reloading
 * Detected change in '/root/repo/tensile-search-with-strands/api/venv_api/lib/python3.12/site-packages/pip/_internal/distributions/sdist.py', reloading
 * Detected change in '/root/repo/tensile-search-with-strands/api/venv_api/lib/python3.12/site-packages/pip/_internal/distributions/wheel.py', reloading
 * Detected change in '/root/repo/tensile-search-with-strands/api/venv_api/lib/python3.12/site-packages/pip/_internal/exceptions.py', reloading
 * Detected change in '/root/repo/tensile-search-with-strands/api/venv_api/lib/python3.12/site-packages/pip/_internal/index/__init__.py', reloading
 * Detected change in '/root/repo/tensile-search-with-strands/api/venv_api/lib/python3.12/site-packages/pip/_internal/index/collector.py', reloading
 * Detected change in '/root/repo/tensile-search-with-strands/api/venv_api/lib/python3.12/site-packages/pip/_internal/index/package_finder.py', reloading
 * Detected change in '/root/repo/tensile-search-with-strands/api/venv_api/lib/python3.12/site-packages/pip/_internal/index/sources.py', reloading
 * Detected change in '/root/repo/tensile-search-with-strands/api/venv_api/lib/python3.12/site-packages/pip/_internal/locations/__init__.py', reloading
 * Detected change in '/root/repo/tensile-search-with-strands/api/venv_api/lib/python3.12/site-packages/pip/_internal/locations/_distutils.py', reloading
 * Detected change in '/root/repo/tensile-search-with-strands/api/venv_api/lib/python3.12/site-packages/pip/_internal/locations/_sysconfig.py', reloading
 * Detected change in '/root/repo/tensile-search-with-strands/api/venv_api/lib/python3.12/site-packages/pip/_internal/locations/base.py', reloading
 * Detected change in '/root/repo/tensile-search-with-strands/api/venv_api/lib/python3.12/site-packages/pip/_internal/main.py', reloading
 * Detected change in '/root/repo/tensile-search-with-strands/api/venv_api/lib/python3.12/site-packages/pip/_internal/metadata/__init__.py', reloading
 * Detected change in '/root/repo/tensile-search-with-strands/api/venv_api/lib/python3.12/site-packages/pip/_internal/metadata/_json.py', reloading
 * Detected change in '/root/repo/tensile-search-with-strands/api/venv_api/lib/python3.12/site-packages/pip/_internal/metadata/base.py', reloading
 * Detected change in '/root/repo/tensile-search-with-strands/api/venv_api/lib/python3.12/site-packages/pip/_internal/metadata/importlib/__init__.py', reloading
 * Detected change in '/root/repo/tensile-search-with-strands/api/venv_api/lib/python3.12/site-packages/pip/_internal/metadata/importlib/_compat.py', reloading
 * Detected change in '/root/repo/tensile-search-with-strands/api/venv_api/lib/python3.12/site-packages/pip/_internal/metadata/importlib/_dists.py', reloading
 * Detected change in '/root/repo/tensile-search-with-strands/api/venv_api/lib/python3.12/site-packages/pip/_internal/metadata/importlib/_envs.py', reloading
 * Detected change in '/root/repo/tensile-search-with-strands/api/venv_api/lib/python3.12/site-packages/pip/_internal/metadata/pkg_resources.py', reloading
 * Detected change in '/root/repo/tensile-search-with-strands/api/venv_api/lib/python3.12/site-packages/pip/_internal/models/__init__.py', reloading
 * Detected change in '/root/repo/tensile-search-with-strands/api/venv_api/lib/python3.12/site-packages/pip/_internal/models/candidate.py', reloading
 * Detected change in '/root/repo/tensile-search-with-strands/api/venv_api/lib/python3.12/site-packages/pip/_internal/models/direct_url.py', reloading
 * Detected change in '/root/repo/tensile-search-with-strands/api/venv_api/lib/python3.12/site-packages/pip/_internal/models/format_control.py', reloading
 * Detected change in '/root/repo/tensile-search-with-strands/api/venv_api/lib/python3.12/site-packages/pip/_internal/models/index.py', reloading
 * Detected change in '/root/repo/tensile-search-with-strands/api/venv_api/lib/python3.12/site-packages/pip/_internal/models/installation_report.py', reloading
 * Detected change in '/root/repo/tensile-search-with-strands/api/venv_api/lib/python3.12/site-packages/pip/_internal/models/link.py', reloading
 * Detected change in '/root/repo/tensile-search-with-strands/api/venv_api/lib/python3.12/site-packages/pip/_internal/models/scheme.py', reloading
 * Detected change in '/root/repo/tensile-search-with-strands/api/venv_api/lib/python3.12/site-packages/pip/_internal/models/search_scope.py', reloading
 * Detected change in '/root/repo/tensile-search-with-strands/api/venv_api/lib/python3.12/site-packages/pip/_internal/models/selection_prefs.py', reloading
 * Detected change in '/root/repo/tensile-search-with-strands/api/venv_api/lib/python3.12/site-packages/pip/_internal/models/target_python.py', reloading
 * Detected change in '/root/repo/tensile-search-with-strands/api/venv_api/lib/python3.12/site-packages/pip/_internal/models/wheel.py', reloading
 * Detected change in '/root/repo/tensile-search-with-strands/api/venv_api/lib/python3.12/site-packages/pip/_internal/network/__init__.py', reloading
 * Detected change in '/root/repo/tensile-search-with-strands/api/venv_api/lib/python3.12/site-packages/pip/_internal/network/auth.py', reloading
 * Detected change in '/root/repo/tensile-search-with-strands/api/venv_api/lib/python3.12/site-packages/pip/_internal/network/cache.py', reloading
 * Detected change in '/root/repo/tensile-search-with-strands/api/venv_api/lib/python3.12/site-packages/pip/_internal/network/download.py', reloading
 * Detected change in '/root/repo/tensile-search-with-strands/api/venv_api/lib/python3.12/site-packages/pip/_internal/network/lazy_wheel.py', reloading
 * Detected change in '/root/repo/tensile-search-with-strands/api/venv_api/lib/python3.12/site-packages/pip/_internal/network/session.py', reloading
 * Detected change in '/root/repo/tensile-search-with-strands/api/venv_api/lib/python3.12/site-packages/pip/_internal/network/utils.py', reloading
 * Detected change in '/root/repo/tensile-search-with-strands/api/venv_api/lib/python3.12/site-packages/pip/_internal/network/xmlrpc.py', reloading
 * Detected change in '/root/repo/tensile-search-with-strands/api/venv_api/lib/python3.12/site-packages/pip/_internal/operations/build/build_tracker.py', reloading
 * Detected change in '/root/repo/tensile-search-with-strands/api/venv_api/lib/python3.12/site-packages/pip/_internal/operations/build/metadata.py', reloading
 * Detected change in '/root/repo/tensile-search-with-strands/api/venv_api/lib/python3.12/site-packages/pip/_internal/operations/build/metadata_editable.py', reloading
 * Detected change in '/root/repo/tensile-search-with-strands/api/venv_api/lib/python3.12/site-packages/pip/_internal/operations/build/metadata_legacy.py', reloading
 * Detected change in '/root/repo/tensile-search-with-strands/api/venv_api/lib/python3.12/site-packages/pip/_internal/operations/build/wheel.py', reloading
 * Detected change in '/root/repo/tensile-search-with-strands/api/venv_api/lib/python3.12/site-packages/pip/_internal/operations/build/wheel_editable.py', reloading
 * Detected change in '/root/repo/tensile-search-with-strands/api/venv_api/lib/python3.12/site-packages/pip/_internal/operations/build/wheel_legacy.py', reloading
 * Detected change in '/root/repo/tensile-search-with-strands/api/venv_api/lib/python3.12/site-packages/pip/_internal/operations/check.py', reloading
 * Detected change in '/root/repo/tensile-search-with-strands/api/venv_api/lib/python3.12/site-packages/pip/_internal/operations/freeze.py', reloading
 * Detected change in '/root/repo/tensile-search-with-strands/api/venv_api/lib/python3.12/site-packages/pip/_internal/operations/install/__init__.py', reloading
 * Detected change in '/root/repo/tensile-search-with-strands/api/venv_api/lib/python3.12/site-packages/pip/_internal/operations/install/editable_legacy.py', reloading
 * Detected change in '/root/repo/tensile-search-with-strands/api/venv_api/lib/python3.12/site-packages/pip/_internal/operations/install/wheel.py', reloading
 * Detected change in '/root/repo/tensile-search-with-strands/api/venv_api/lib/python3.12/site-packages/pip/_internal/operations/prepare.py', reloading
 * Detected change in '/root/repo/tensile-search-with-strands/api/venv_api/lib/python3.12/site-packages/pip/_internal/pyproject.py', reloading
 * Detected change in '/root/repo/tensile-search-with-strands/api/venv_api/lib/python3.12/site-packages/pip/_internal/req/__init__.py', reloading
 * Detected change in '/root/repo/tensile-search-with-strands/api/venv_api/lib/python3.12/site-packages/pip/_internal/req/constructors.py', reloading
 * Detected change in '/root/repo/tensile-search-with-strands/api/venv_api/lib/python3.12/site-packages/pip/_internal/req/req_file.py', reloading
 * Detected change in '/root/repo/tensile-search-with-strands/api/venv_api/lib/python3.12/site-packages/pip/_internal/req/req_install.py', reloading
 * Detected change in '/root/repo/tensile-search-with-strands/api/venv_api/lib/python3.12/site-packages/pip/_internal/req/req_set.py', reloading
 * Detected change in '/root/repo/tensile-search-with-strands/api/venv_api/lib/python3.12/site-packages/pip/_internal/req/req_uninstall.py', reloading
 * Detected change in '/root/repo/tensile-search-with-strands/api/venv_api/lib/python3.12/site-packages/pip/_internal/resolution/base.py', reloading
 * Detected change in '/root/repo/tensile-search-with-strands/api/venv_api/lib/python3.12/site-packages/pip/_internal/resolution/legacy/resolver.py', reloading
 * Detected change in '/root/repo/tensile-search-with-strands/api/venv_api/lib/python3.12/site-packages/pip/_internal/resolution/resolvelib/base.py', reloading
 * Detected change in '/root/repo/tensile-search-with-strands/api/venv_api/lib/python3.12/site-packages/pip/_internal/resolution/resolvelib/candidates.py', reloading
 * Detected change in '/root/repo/tensile-search-with-strands/api/venv_api/lib/python3.12/site-packages/pip/_internal/resolution/resolvelib/factory.py', reloading
 * Detected change in '/root/repo/tensile-search-with-strands/api/venv_api/lib/python3.12/site-packages/pip/_internal/resolution/resolvelib/found_candidates.py', reloading
 * Detected change in '/root/repo/tensile-search-with-strands/api/venv_api/lib/python3.12/site-packages/pip/_internal/resolution/resolvelib/provider.py', reloading
 * Detected change in '/root/repo/tensile-search-with-strands/api/venv_api/lib/python3.12/site-packages/pip/_internal/resolution/resolvelib/reporter.py', reloading
 * Detected change in '/root/repo/tensile-search-with-strands/api/venv_api/lib/python3.12/site-packages/pip/_internal/resolution/resolvelib/requirements.py', reloading
 * Detected change in '/root/repo/tensile-search-with-strands/api/venv_api/lib/python3.12/site-packages/pip/_internal/resolution/resolvelib/resolver.py', reloading
 * Detected change in '/root/repo/tensile-search-with-strands/api/venv_api/lib/python3.12/site-packages/pip/_internal/self_outdated_check.py', reloading
 * Detected change in '/root/repo/tensile-search-with-strands/api/venv_api/lib/python3.12/site-packages/pip/_internal/utils/_jaraco_text.py', reloading
 * Detected change in '/root/repo/tensile-search-with-strands/api/venv_api/lib/python3.12/site-packages/pip/_internal/utils/_log.py', reloading
 * Detected change in '/root/repo/tensile-search-with-strands/api/venv_api/lib/python3.12/site-packages/pip/_internal/utils/appdirs.py', reloading
 * Detected change in '/root/repo/tensile-search-with-strands/api/venv_api/lib/python3.12/site-packages/pip/_internal/utils/compat.py', reloading
 * Detected change in '/root/repo/tensile-search-with-strands/api/venv_api/lib/python3.12/site-packages/pip/_internal/utils/compatibility_tags.py', reloading
 * Detected change in '/root/repo/tensile-search-with-strands/api/venv_api/lib/python3.12/site-packages/pip/_internal/utils/datetime.py', reloading
 * Detected change in '/root/repo/tensile-search-with-strands/api/venv_api/lib/python3.12/site-packages/pip/_internal/utils/deprecation.py', reloading
 * Detected change in '/root/repo/tensile-search-with-strands/api/venv_api/lib/python3.12/site-packages/pip/_internal/utils/direct_url_helpers.py', reloading
 * Detected change in '/root/repo/tensile-search-with-strands/api/venv_api/lib/python3.12/site-packages/pip/_internal/utils/egg_link.py', reloading
 * Detected change in '/root/repo/tensile-search-with-strands/api/venv_api/lib/python3.12/site-packages/pip/_internal/utils/encoding.py', reloading
 * Detected change in '/root/repo/tensile-search-with-strands/api/venv_api/lib/python3.12/site-packages/pip/_internal/utils/entrypoints.py', reloading
 * Detected change in '/root/repo/tensile-search-with-strands/api/venv_api/lib/python3.12/site-packages/pip/_internal/utils/filesystem.py', reloading
 * Detected change in '/root/repo/tensile-search-with-strands/api/venv_api/lib/python3.12/site-packages/pip/_internal/utils/filetypes.py', reloading
 * Detected change in '/root/repo/tensile-search-with-strands/api/venv_api/lib/python3.12/site-packages/pip/_internal/utils/glibc.py', reloading
 * Detected change in '/root/repo/tensile-search-with-strands/api/venv_api/lib/python3.12/site-packages/pip/_internal/utils/hashes.py', reloading
 * Detected change in '/root/repo/tensile-search-with-strands/api/venv_api/lib/python3.12/site-packages/pip/_internal/utils/logging.py', reloading
 * Detected change in '/root/repo/tensile-search-with-strands/api/venv_api/lib/python3.12/site-packages/pip/_internal/utils/misc.py', reloading
 * Detected change in '/root/repo/tensile-search-with-strands/api/venv_api/lib/python3.12/site-packages/pip/_internal/utils/models.py', reloading
 * Detected change in '/root/repo/tensile-search-with-strands/api/venv_api/lib/python3.12/site-packages/pip/_internal/utils/packaging.py', reloading
 * Detected change in '/root/repo/tensile-search-with-strands/api/venv_api/lib/python3.12/site-packages/pip/_internal/utils/setuptools_build.py', reloading
 * Detected change in '/root/repo/tensile-search-with-strands/api/venv_api/lib/python3.12/site-packages/pip/_internal/utils/subprocess.py', reloading
 * Detected change in '/root/repo/tensile-search-with-strands/api/venv_api/lib/python3.12/site-packages/pip/_internal/utils/temp_dir.py', reloading
 * Detected change in '/root/repo/tensile-search-with-strands/api/venv_api/lib/python3.12/site-packages/pip/_internal/utils/unpacking.py', reloading
 * Detected change in '/root/repo/tensile-search-with-strands/api/venv_api/lib/python3.12/site-packages/pip/_internal/utils/urls.py', reloading
 * Detected change in '/root/repo/tensile-search-with-strands/api/venv_api/lib/python3.12/site-packages/pip/_internal/utils/virtualenv.py', reloading
 * Detected change in '/root/repo/tensile-search-with-strands/api/venv_api/lib/python3.12/site-packages/pip/_internal/utils/wheel.py', reloading
 * Detected change in '/root/repo/tensile-search-with-strands/api/venv_api/lib/python3.12/site-packages/pip/_internal/vcs/__init__.py', reloading
 * Detected change in '/root/repo/tensile-search-with-strands/api/venv_api/lib/python3.12/site-packages/pip/_internal/vcs/bazaar.py', reloading
 * Detected change in '/root/repo/tensile-search-with-strands/api/venv_api/lib/python3.12/site-packages/pip/_internal/vcs/git.py', reloading
 * Detected change in '/root/repo/tensile-search-with-strands/api/venv_api/lib/python3.12/site-packages/pip/_internal/vcs/mercurial.py', reloading
 * Detected change in '/root/repo/tensile-search-with-strands/api/venv_api/lib/python3.12/site-packages/pip/_internal/vcs/subversion.py', reloading
 * Detected change in '/root/repo/tensile-search-with-strands/api/venv_api/lib/python3.12/site-packages/pip/_internal/vcs/versioncontrol.py', reloading
 * Detected change in '/root/repo/tensile-search-with-strands/api/venv_api/lib/python3.12/site-packages/pip/_internal/wheel_builder.py', reloading
 * Detected change in '/root/repo/tensile-search-with-strands/api/venv_api/lib/python3.12/site-packages/pip/_vendor/__init__.py', reloading
 * Detected change in '/root/repo/tensile-search-with-strands/api/venv_api/lib/python3.12/site-packages/pip/_vendor/cachecontrol/__init__.py', reloading
 * Detected change in '/root/repo/tensile-search-with-strands/api/venv_api/lib/python3.12/site-packages/pip/_vendor/cachecontrol/_cmd.py', reloading
 * Detected change in '/root/repo/tensile-search-with-strands/api/venv_api/lib/python3.12/site-packages/pip/_vendor/cachecontrol/adapter.py', reloading
 * Detected change in '/root/repo/tensile-search-with-strands/api/venv_api/lib/python3.12/site-packages/pip/_vendor/cachecontrol/cache.py', reloading
 * Detected change in '/root/repo/tensile-search-with-strands/api/venv_api/lib/python3.12/site-packages/pip/_vendor/cachecontrol/caches/__init__.py', reloading
 * Detected change in '/root/repo/tensile-search-with-strands/api/venv_api/lib/python3.12/site-packages/pip/_vendor/cachecontrol/caches/file_cache.py', reloading
 * Detected change in '/root/repo/tensile-search-with-strands/api/venv_api/lib/python3.12/site-packages/pip/_vendor/cachecontrol/caches/redis_cache.py', reloading
 * Detected change in '/root/repo/tensile-search-with-strands/api/venv_api/lib/python3.12/site-packages/pip/_vendor/cachecontrol/controller.py', reloading
 * Detected change in '/root/repo/tensile-search-with-strands/api/venv_api/lib/python3.12/site-packages/pip/_vendor/cachecontrol/filewrapper.py', reloading
 * Detected change in '/root/repo/tensile-search-with-strands/api/venv_api/lib/python3.12/site-packages/pip/_vendor/cachecontrol/heuristics.py', reloading
 * Detected change in '/root/repo/tensile-search-with-strands/api/venv_api/lib/python3.12/site-packages/pip/_vendor/cachecontrol/serialize.py', reloading
 * Detected change in '/root/repo/tensile-search-with-strands/api/venv_api/lib/python3.12/site-packages/pip/_vendor/cachecontrol/wrapper.py', reloading
 * Detected change in '/root/repo/tensile-search-with-strands/api/venv_api/lib/python3.12/site-packages/pip/_vendor/certifi/__init__.py', reloading
 * Detected change in '/root/repo/tensile-search-with-strands/api/venv_api/lib/python3.12/site-packages/pip/_vendor/certifi/__main__.py', reloading
 * Detected change in '/root/repo/tensile-search-with-strands/api/venv_api/lib/python3.12/site-packages/pip/_vendor/certifi/core.py', reloading
 * Detected change in '/root/repo/tensile-search-with-strands/api/venv_api/lib/python3.12/site-packages/pip/_vendor/chardet/__init__.py', reloading
 * Detected change in '/root/repo/tensile-search-with-strands/api/venv_api/lib/python3.12/site-packages/pip/_vendor/chardet/big5freq.py', reloading
 * Detected change in '/root/repo/tensile-search-with-strands/api/venv_api/lib/python3.12/site-packages/pip/_vendor/chardet/big5prober.py', reloading
 * Detected change in '/root/repo/tensile-search-with-strands/api/venv_api/lib/python3.12/site-packages/pip/_vendor/chardet/chardistribution.py', reloading
 * Detected change in '/root/repo/tensile-search-with-strands/api/venv_api/lib/python3.12/site-packages/pip/_vendor/chardet/charsetgroupprober.py', reloading
 * Detected change in '/root/repo/tensile-search-with-strands/api/venv_api/lib/python3.12/site-packages/pip/_vendor/chardet/charsetprober.py', reloading
 * Detected change in '/root/repo/tensile-search-with-strands/api/venv_api/lib/python3.12/site-packages/pip/_vendor/chardet/cli/chardetect.py', reloading
 * Detected change in '/root/repo/tensile-search-with-strands/api/venv_api/lib/python3.12/site-packages/pip/_vendor/chardet/codingstatemachine.py', reloading
 * Detected change in '/root/repo/tensile-search-with-strands/api/venv_api/lib/python3.12/site-packages/pip/_vendor/chardet/codingstatemachinedict.py', reloading
 * Detected change in '/root/repo/tensile-search-with-strands/api/venv_api/lib/python3.12/site-packages/pip/_vendor/chardet/cp949prober.py', reloading
 * Detected change in '/root/repo/tensile-search-with-strands/api/venv_api/lib/python3.12/site-packages/pip/_vendor/chardet/enums.py', reloading
 * Detected change in '/root/repo/tensile-search-with-strands/api/venv_api/lib/python3.12/site-packages/pip/_vendor/chardet/escprober.py', reloading
 * Detected change in '/root/repo/tensile-search-with-strands/api/venv_api/lib/python3.12/site-packages/pip/_vendor/chardet/escsm.py', reloading
 * Detected change in '/root/repo/tensile-search-with-strands/api/venv_api/lib/python3.12/site-packages/pip/_vendor/chardet/eucjpprober.py', reloading
 * Detected change in '/root/repo/tensile-search-with-strands/api/venv_api/lib/python3.12/site-packages/pip/_vendor/chardet/euckrfreq.py', reloading
 * Detected change in '/root/repo/tensile-search-with-strands/api/venv_api/lib/python3.12/site-packages/pip/_vendor/chardet/euckrprober.py', reloading
 * Detected change in '/root/repo/tensile-search-with-strands/api/venv_api/lib/python3.12/site-packages/pip/_vendor/chardet/euctwfreq.py', reloading
 * Detected change in '/root/repo/tensile-search-with-strands/api/venv_api/lib/python3.12/site-packages/pip/_vendor/chardet/euctwprober.py', reloading
 * Detected change in '/root/repo/tensile-search-with-strands/api/venv_api/lib/python3.12/site-packages/pip/_vendor/chardet/gb2312freq.py', reloading
 * Detected change in '/root/repo/tensile-search-with-strands/api/venv_api/lib/python3.12/site-packages/pip/_vendor/chardet/gb2312prober.py', reloading
 * Detected change in '/root/repo/tensile-search-with-strands/api/venv_api/lib/python3.12/site-packages/pip/_vendor/chardet/hebrewprober.py', reloading
 * Detected change in '/root/repo/tensile-search-with-strands/api/venv_api/lib/python3.12/site-packages/pip/_vendor/chardet/jisfreq.py', reloading
 * Detected change in '/root/repo/tensile-search-with-strands/api/venv_api/lib/python3.12/site-packages/pip/_vendor/chardet/johabfreq.py', reloading
 * Detected change in '/root/repo/tensile-search-with-strands/api/venv_api/lib/python3.12/site-packages/pip/_vendor/chardet/johabprober.py', reloading
 * Detected change in '/root/repo/tensile-search-with-strands/api/venv_api/lib/python3.12/site-packages/pip/_vendor/chardet/jpcntx.py', reloading
 * Detected change in '/root/repo/tensile-search-with-strands/api/venv_api/lib/python3.12/site-packages/pip/_vendor/chardet/langbulgarianmodel.py', reloading
 * Detected change in '/root/repo/tensile-search-with-strands/api/venv_api/lib/python3.12/site-packages/pip/_vendor/chardet/langgreekmodel.py', reloading
 * Detected change in '/root/repo/tensile-search-with-strands/api/venv_api/lib/python3.12/site-packages/pip/_vendor/chardet/langhebrewmodel.py', reloading
 * Detected change in '/root/repo/tensile-search-with-strands/api/venv_api/lib/python3.12/site-packages/pip/_vendor/chardet/langhungarianmodel.py', reloading
 * Detected change in '/root/repo/tensile-search-with-strands/api/venv_api/lib/python3.12/site-packages/pip/_vendor/chardet/langrussianmodel.py', reloading
 * Detected change in '/root/repo/tensile-search-with-strands/api/venv_api/lib/python3.12/site-packages/pip/_vendor/chardet/langthaimodel.py', reloading
 * Detected change in '/root/repo/tensile-search-with-strands/api/venv_api/lib/python3.12/site-packages/pip/_vendor/chardet/langturkishmodel.py', reloading
 * Detected change in '/root/repo/tensile-search-with-strands/api/venv_api/lib/python3.12/site-packages/pip/_vendor/chardet/latin1prober.py', reloading
 * Detected change in '/root/repo/tensile-search-with-strands/api/venv_api/lib/python3.12/site-packages/pip/_vendor/chardet/macromanprober.py', reloading
 * Detected change in '/root/repo/tensile-search-with-strands/api/venv_api/lib/python3.12/site-packages/pip/_vendor/chardet/mbcharsetprober.py', reloading
 * Detected change in '/root/repo/tensile-search-with-strands/api/venv_api/lib/python3.12/site-packages/pip/_vendor/chardet/mbcsgroupprober.py', reloading
 * Detected change in '/root/repo/tensile-search-with-strands/api/venv_api/lib/python3.12/site-packages/pip/_vendor/chardet/mbcssm.py', reloading
 * Detected change in '/root/repo/tensile-search-with-strands/api/venv_api/lib/python3.12/site-packages/pip/_vendor/chardet/metadata/languages.py', reloading
 * Detected change in '/root/repo/tensile-search-with-strands/api/venv_api/lib/python3.12/site-packages/pip/_vendor/chardet/resultdict.py', reloading
 * Detected change in '/root/repo/tensile-search-with-strands/api/venv_api/lib/python3.12/site-packages/pip/_vendor/chardet/sbcharsetprober.py', reloading
 * Detected change in '/root/repo/tensile-search-with-strands/api/venv_api/lib/python3.12/site-packages/pip/_vendor/chardet/sbcsgroupprober.py', reloading
 * Detected change in '/root/repo/tensile-search-with-strands/api/venv_api/lib/python3.12/site-packages/pip/_vendor/chardet/sjisprober.py', reloading
 * Detected change in '/root/repo/tensile-search-with-strands/api/venv_api/lib/python3.12/site-packages/pip/_vendor/chardet/universaldetector.py', reloading
 * Detected change in '/root/repo/tensile-search-with-strands/api/venv_api/lib/python3.12/site-packages/pip/_vendor/chardet/utf1632prober.py', reloading
 * Detected change in '/root/repo/tensile-search-with-strands/api/venv_api/lib/python3.12/site-packages/pip/_vendor/chardet/utf8prober.py', reloading
 * Detected change in '/root/repo/tensile-search-with-strands/api/venv_api/lib/python3.12/site-packages/pip/_vendor/chardet/version.py', reloading
 * Detected change in '/root/repo/tensile-search-with-strands/api/venv_api/lib/python3.12/site-packages/pip/_vendor/colorama/__init__.py', reloading
 * Detected change in '/root/repo/tensile-search-with-strands/api/venv_api/lib/python3.12/site-packages/pip/_vendor/colorama/ansi.py', reloading
 * Detected change in '/root/repo/tensile-search-with-strands/api/venv_api/lib/python3.12/site-packages/pip/_vendor/colorama/ansitowin32.py', reloading
 * Detected change in '/root/repo/tensile-search-with-strands/api/venv_api/lib/python3.12/site-packages/pip/_vendor/colorama/initialise.py', reloading
 * Detected change in '/root/repo/tensile-search-with-strands/api/venv_api/lib/python3.12/site-packages/pip/_vendor/colorama/tests/__init__.py', reloading
 * Detected change in '/root/repo/tensile-search-with-strands/api/venv_api/lib/python3.12/site-packages/pip/_vendor/colorama/tests/ansi_test.py', reloading
 * Detected change in '/root/repo/tensile-search-with-strands/api/venv_api/lib/python3.12/site-packages/pip/_vendor/colorama/tests/ansitowin32_test.py', reloading
 * Detected change in '/root/repo/tensile-search-with-strands/api/venv_api/lib/python3.12/site-packages/pip/_vendor/colorama/tests/initialise_test.py', reloading
 * Detected change in '/root/repo/tensile-search-with-strands/api/venv_api/lib/python3.12/site-packages/pip/_vendor/colorama/tests/isatty_test.py', reloading
 * Detected change in '/root/repo/tensile-search-with-strands/api/venv_api/lib/python3.12/site-packages/pip/_vendor/colorama/tests/utils.py', reloading
 * Detected change in '/root/repo/tensile-search-with-strands/api/venv_api/lib/python3.12/site-packages/pip/_vendor/colorama/tests/winterm_test.py', reloading
 * Detected change in '/root/repo/tensile-search-with-strands/api/venv_api/lib/python3.12/site-packages/pip/_vendor/colorama/win32.py', reloading
 * Detected change in '/root/repo/tensile-search-with-strands/api/venv_api/lib/python3.12/site-packages/pip/_vendor/colorama/winterm.py', reloading
 * Detected change in '/root/repo/tensile-search-with-strands/api/venv_api/lib/python3.12/site-packages/pip/_vendor/distlib/__init__.py', reloading
 * Detected change in '/root/repo/tensile-search-with-strands/api/venv_api/lib/python3.12/site-packages/pip/_vendor/distlib/compat.py', reloading
 * Detected change in '/root/repo/tensile-search-with-strands/api/venv_api/lib/python3.12/site-packages/pip/_vendor/distlib/database.py', reloading
 * Detected change in '/root/repo/tensile-search-with-strands/api/venv_api/lib/python3.12/site-packages/pip/_vendor/distlib/index.py', reloading
 * Detected change in '/root/repo/tensile-search-with-strands/api/venv_api/lib/python3.12/site-packages/pip/_vendor/distlib/locators.py', reloading
 * Detected change in '/root/repo/tensile-search-with-strands/api/venv_api/lib/python3.12/site-packages/pip/_vendor/distlib/manifest.py', reloading
 * Detected change in '/root/repo/tensile-search-with-strands/api/venv_api/lib/python3.12/site-packages/pip/_vendor/distlib/markers.py', reloading
 * Detected change in '/root/repo/tensile-search-with-strands/api/venv_api/lib/python3.12/site-packages/pip/_vendor/distlib/metadata.py', reloading
 * Detected change in '/root/repo/tensile-search-with-strands/api/venv_api/lib/python3.12/site-packages/pip/_vendor/distlib/resources.py', reloading
 * Detected change in '/root/repo/tensile-search-with-strands/api/venv_api/lib/python3.12/site-packages/pip/_vendor/distlib/scripts.py', reloading
 * Detected change in '/root/repo/tensile-search-with-strands/api/venv_api/lib/python3.12/site-packages/pip/_vendor/distlib/util.py', reloading
 * Detected change in '/root/repo/tensile-search-with-strands/api/venv_api/lib/python3.12/site-packages/pip/_vendor/distlib/version.py', reloading
 * Detected change in '/root/repo/tensile-search-with-strands/api/venv_api/lib/python3.12/site-packages/pip/_vendor/distlib/wheel.py', reloading
 * Detected change in '/root/repo/tensile-search-with-strands/api/venv_api/lib/python3.12/site-packages/pip/_vendor/distro/__init__.py', reloading
 * Detected change in '/root/repo/tensile-search-with-strands/api/venv_api/lib/python3.12/site-packages/pip/_vendor/distro/__main__.py', reloading
 * Detected change in '/root/repo/tensile-search-with-strands/api/venv_api/lib/python3.12/site-packages/pip/_vendor/distro/distro.py', reloading
 * Detected change in '/root/repo/tensile-search-with-strands/api/venv_api/lib/python3.12/site-packages/pip/_vendor/idna/__init__.py', reloading
 * Detected change in '/root/repo/tensile-search-with-strands/api/venv_api/lib/python3.12/site-packages/pip/_vendor/idna/codec.py', reloading
 * Detected change in '/root/repo/tensile-search-with-strands/api/venv_api/lib/python3.12/site-packages/pip/_vendor/idna/compat.py', reloading
 * Detected change in '/root/repo/tensile-search-with-strands/api/venv_api/lib/python3.12/site-packages/pip/_vendor/idna/core.py', reloading
 * Detected change in '/root/repo/tensile-search-with-strands/api/venv_api/lib/python3.12/site-packages/pip/_vendor/idna/idnadata.py', reloading
 * Detected change in '/root/repo/tensile-search-with-strands/api/venv_api/lib/python3.12/site-packages/pip/_vendor/idna/intranges.py', reloading
 * Detected change in '/root/repo/tensile-search-with-strands/api/venv_api/lib/python3.12/site-packages/pip/_vendor/idna/package_data.py', reloading
 * Detected change in '/root/repo/tensile-search-with-strands/api/venv_api/lib/python3.12/site-packages/pip/_vendor/idna/uts46data.py', reloading
 * Detected change in '/root/repo/tensile-search-with-strands/api/venv_api/lib/python3.12/site-packages/pip/_vendor/msgpack/__init__.py', reloading
 * Detected change in '/root/repo/tensile-search-with-strands/api/venv_api/lib/python3.12/site-packages/pip/_vendor/msgpack/exceptions.py', reloading
 * Detected change in '/root/repo/tensile-search-with-strands/api/venv_api/lib/python3.12/site-packages/pip/_vendor/msgpack/ext.py', reloading
 * Detected change in '/root/repo/tensile-search-with-strands/api/venv_api/lib/python3.12/site-packages/pip/_vendor/msgpack/fallback.py', reloading
 * Detected change in '/root/repo/tensile-search-with-strands/api/venv_api/lib/python3.12/site-packages/pip/_vendor/packaging/__about__.py', reloading
 * Detected change in '/root/repo/tensile-search-with-strands/api/venv_api/lib/python3.12/site-packages/pip/_vendor/packaging/__init__.py', reloading
 * Detected change in '/root/repo/tensile-search-with-strands/api/venv_api/lib/python3.12/site-packages/pip/_vendor/packaging/_manylinux.py', reloading
 * Detected change in '/root/repo/tensile-search-with-strands/api/venv_api/lib/python3.12/site-packages/pip/_vendor/packaging/_musllinux.py', reloading
 * Detected change in '/root/repo/tensile-search-with-strands/api/venv_api/lib/python3.12/site-packages/pip/_vendor/packaging/_structures.py', reloading
 * Detected change in '/root/repo/tensile-search-with-strands/api/venv_api/lib/python3.12/site-packages/pip/_vendor/packaging/markers.py', reloading
 * Detected change in '/root/repo/tensile-search-with-strands/api/venv_api/lib/python3.12/site-packages/pip/_vendor/packaging/requirements.py', reloading
 * Detected change in '/root/repo/tensile-search-with-strands/api/venv_api/lib/python3.12/site-packages/pip/_vendor/packaging/specifiers.py', reloading
 * Detected change in '/root/repo/tensile-search-with-strands/api/venv_api/lib/python3.12/site-packages/pip/_vendor/packaging/tags.py', reloading
 * Detected change in '/root/repo/tensile-search-with-strands/api/venv_api/lib/python3.12/site-packages/pip/_vendor/packaging/utils.py', reloading
 * Detected change in '/root/repo/tensile-search-with-strands/api/venv_api/lib/python3.12/site-packages/pip/_vendor/packaging/version.py', reloading
 * Detected change in '/root/repo/tensile-search-with-strands/api/venv_api/lib/python3.12/site-packages/pip/_vendor/pkg_resources/__init__.py', reloading
 * Detected change in '/root/repo/tensile-search-with-strands/api/venv_api/lib/python3.12/site-packages/pip/_vendor/platformdirs/__init__.py', reloading
 * Detected change in '/root/repo/tensile-search-with-strands/api/venv_api/lib/python3.12/site-packages/pip/_vendor/platformdirs/__main__.py', reloading
 * Detected change in '/root/repo/tensile-search-with-strands/api/venv_api/lib/python3.12/site-packages/pip/_vendor/platformdirs/android.py', reloading
 * Detected change in '/root/repo/tensile-search-with-strands/api/venv_api/lib/python3.12/site-packages/pip/_vendor/platformdirs/api.py', reloading
 * Detected change in '/root/repo/tensile-search-with-strands/api/venv_api/lib/python3.12/site-packages/pip/_vendor/platformdirs/macos.py', reloading
 * Detected change in '/root/repo/tensile-search-with-strands/api/venv_api/lib/python3.12/site-packages/pip/_vendor/platformdirs/unix.py', reloading
 * Detected change in '/root/repo/tensile-search-with-strands/api/venv_api/lib/python3.12/site-packages/pip/_vendor/platformdirs/version.py', reloading
 * Detected change in '/root/repo/tensile-search-with-strands/api/venv_api/lib/python3.12/site-packages/pip/_vendor/platformdirs/windows.py', reloading
 * Detected change in '/root/repo/tensile-search-with-strands/api/venv_api/lib/python3.12/site-packages/pip/_vendor/pygments/__init__.py', reloading
 * Detected change in '/root/repo/tensile-search-with-strands/api/venv_api/lib/python3.12/site-packages/pip/_vendor/pygments/__main__.py', reloading
 * Detected change in '/root/repo/tensile-search-with-strands/api/venv_api/lib/python3.12/site-packages/pip/_vendor/pygments/cmdline.py', reloading
 * Detected change in '/root/repo/tensile-search-with-strands/api/venv_api/lib/python3.12/site-packages/pip/_vendor/pygments/console.py', reloading
 * Detected change in '/root/repo/tensile-search-with-strands/api/venv_api/lib/python3.12/site-packages/pip/_vendor/pygments/filter.py', reloading
 * Detected change in '/root/repo/tensile-search-with-strands/api/venv_api/lib/python3.12/site-packages/pip/_vendor/pygments/filters/__init__.py', reloading
 * Detected change in '/root/repo/tensile-search-with-strands/api/venv_api/lib/python3.12/site-packages/pip/_vendor/pygments/formatter.py', reloading
 * Detected change in '/root/repo/tensile-search-with-strands/api/venv_api/lib/python3.12/site-packages/pip/_vendor/pygments/formatters/__init__.py', reloading
 * Detected change in '/root/repo/tensile-search-with-strands/api/venv_api/lib/python3.12/site-packages/pip/_vendor/pygments/formatters/_mapping.py', reloading
 * Detected change in '/root/repo/tensile-search-with-strands/api/venv_api/lib/python3.12/site-packages/pip/_vendor/pygments/formatters/bbcode.py', reloading
 * Detected change in '/root/repo/tensile-search-with-strands/api/venv_api/lib/python3.12/site-packages/pip/_vendor/pygments/formatters/groff.py', reloading
 * Detected change in '/root/repo/tensile-search-with-strands/api/venv_api/lib/python3.12/site-packages/pip/_vendor/pygments/formatters/html.py', reloading
 * Detected change in '/root/repo/tensile-search-with-strands/api/venv_api/lib/python3.12/site-packages/pip/_vendor/pygments/formatters/img.py', reloading
 * Detected change in '/root/repo/tensile-search-with-strands/api/venv_api/lib/python3.12/site-packages/pip/_vendor/pygments/formatters/irc.py', reloading
 * Detected change in '/root/repo/tensile-search-with-strands/api/venv_api/lib/python3.12/site-packages/pip/_vendor/pygments/formatters/latex.py', reloading
 * Detected change in '/root/repo/tensile-search-with-strands/api/venv_api/lib/python3.12/site-packages/pip/_vendor/pygments/formatters/other.py', reloading
 * Detected change in '/root/repo/tensile-search-with-strands/api/venv_api/lib/python3.12/site-packages/pip/_vendor/pygments/formatters/pangomarkup.py', reloading
 * Detected change in '/root/repo/tensile-search-with-strands/api/venv_api/lib/python3.12/site-packages/pip/_vendor/pygments/formatters/rtf.py', reloading
 * Detected change in '/root/repo/tensile-search-with-strands/api/venv_api/lib/python3.12/site-packages/pip/_vendor/pygments/formatters/svg.py', reloading
 * Detected change in '/root/repo/tensile-search-with-strands/api/venv_api/lib/python3.12/site-packages/pip/_vendor/pygments/formatters/terminal.py', reloading
 * Detected change in '/root/repo/tensile-search-with-strands/api/venv_api/lib/python3.12/site-packages/pip/_vendor/pygments/formatters/terminal256.py', reloading
 * Detected change in '/root/repo/tensile-search-with-strands/api/venv_api/lib/python3.12/site-packages/pip/_vendor/pygments/lexer.py', reloading
 * Detected change in '/root/repo/tensile-search-with-strands/api/venv_api/lib/python3.12/site-packages/pip/_vendor/pygments/lexers/__init__.py', reloading
 * Detected change in '/root/repo/tensile-search-with-strands/api/venv_api/lib/python3.12/site-packages/pip/_vendor/pygments/lexers/_mapping.py', reloading
 * Detected change in '/root/repo/tensile-search-with-strands/api/venv_api/lib/python3.12/site-packages/pip/_vendor/pygments/lexers/python.py', reloading
 * Detected change in '/root/repo/tensile-search-with-strands/api/venv_api/lib/python3.12/site-packages/pip/_vendor/pygments/modeline.py', reloading
 * Detected change in '/root/repo/tensile-search-with-strands/api/venv_api/lib/python3.12/site-packages/pip/_vendor/pygments/plugin.py', reloading
 * Detected change in '/root/repo/tensile-search-with-strands/api/venv_api/lib/python3.12/site-packages/pip/_vendor/pygments/regexopt.py', reloading
 * Detected change in '/root/repo/tensile-search-with-strands/api/venv_api/lib/python3.12/site-packages/pip/_vendor/pygments/scanner.py', reloading
 * Detected change in '/root/repo/tensile-search-with-strands/api/venv_api/lib/python3.12/site-packages/pip/_vendor/pygments/sphinxext.py', reloading
 * Detected change in '/root/repo/tensile-search-with-strands/api/venv_api/lib/python3.12/site-packages/pip/_vendor/pygments/style.py', reloading
 * Detected change in '/root/repo/tensile-search-with-strands/api/venv_api/lib/python3.12/site-packages/pip/_vendor/pygments/styles/__init__.py', reloading
 * Detected change in '/root/repo/tensile-search-with-strands/api/venv_api/lib/python3.12/site-packages/pip/_vendor/pygments/token.py', reloading
 * Detected change in '/root/repo/tensile-search-with-strands/api/venv_api/lib/python3.12/site-packages/pip/_vendor/pygments/unistring.py', reloading
 * Detected change in '/root/repo/tensile-search-with-strands/api/venv_api/lib/python3.12/site-packages/pip/_vendor/pygments/util.py', reloading
 * Detected change in '/root/repo/tensile-search-with-strands/api/venv_api/lib/python3.12/site-packages/pip/_vendor/pyparsing/__init__.py', reloading
 * Detected change in '/root/repo/tensile-search-with-strands/api/venv_api/lib/python3.12/site-packages/pip/_vendor/pyparsing/actions.py', reloading
 * Detected change in '/root/repo/tensile-search-with-strands/api/venv_api/lib/python3.12/site-packages/pip/_vendor/pyparsing/common.py', reloading
 * Detected change in '/root/repo/tensile-search-with-strands/api/venv_api/lib/python3.12/site-packages/pip/_vendor/pyparsing/core.py', reloading
 * Detected change in '/root/repo/tensile-search-with-strands/api/venv_api/lib/python3.12/site-packages/pip/_vendor/pyparsing/diagram/__init__.py', reloading
 * Detected change in '/root/repo/tensile-search-with-strands/api/venv_api/lib/python3.12/site-packages/pip/_vendor/pyparsing/exceptions.py', reloading
 * Detected change in '/root/repo/tensile-search-with-strands/api/venv_api/lib/python3.12/site-packages/pip/_vendor/pyparsing/helpers.py', reloading
 * Detected change in '/root/repo/tensile-search-with-strands/api/venv_api/lib/python3.12/site-packages/pip/_vendor/pyparsing/results.py', reloading
 * Detected change in '/root/repo/tensile-search-with-strands/api/venv_api/lib/python3.12/site-packages/pip/_vendor/pyparsing/testing.py', reloading
 * Detected change in '/root/repo/tensile-search-with-strands/api/venv_api/lib/python3.12/site-packages/pip/_vendor/pyparsing/unicode.py', reloading
 * Detected change in '/root/repo/tensile-search-with-strands/api/venv_api/lib/python3.12/site-packages/pip/_vendor/pyparsing/util.py', reloading
 * Detected change in '/root/repo/tensile-search-with-strands/api/venv_api/lib/python3.12/site-packages/pip/_vendor/pyproject_hooks/__init__.py', reloading
 * Detected change in '/root/repo/tensile-search-with-strands/api/venv_api/lib/python3.12/site-packages/pip/_vendor/pyproject_hooks/_compat.py', reloading
 * Detected change in '/root/repo/tensile-search-with-strands/api/venv_api/lib/python3.12/site-packages/pip/_vendor/pyproject_hooks/_impl.py', reloading
 * Detected change in '/root/repo/tensile-search-with-strands/api/venv_api/lib/python3.12/site-packages/pip/_vendor/pyproject_hooks/_in_process/__init__.py', reloading
 * Detected change in '/root/repo/tensile-search-with-strands/api/venv_api/lib/python3.12/site-packages/pip/_vendor/pyproject_hooks/_in_process/_in_process.py', reloading
 * Detected change in '/root/repo/tensile-search-with-strands/api/venv_api/lib/python3.12/site-packages/pip/_vendor/requests/__init__.py', reloading
 * Detected change in '/root/repo/tensile-search-with-strands/api/venv_api/lib/python3.12/site-packages/pip/_vendor/requests/__version__.py', reloading
 * Detected change in '/root/repo/tensile-search-with-strands/api/venv_api/lib/python3.12/site-packages/pip/_vendor/requests/_internal_utils.py', reloading
 * Detected change in '/root/repo/tensile-search-with-strands/api/venv_api/lib/python3.12/site-packages/pip/_vendor/requests/adapters.py', reloading
 * Detected change in '/root/repo/tensile-search-with-strands/api/venv_api/lib/python3.12/site-packages/pip/_vendor/requests/api.py', reloading
 * Detected change in '/root/repo/tensile-search-with-strands/api/venv_api/lib/python3.12/site-packages/pip/_vendor/requests/auth.py', reloading
 * Detected change in '/root/repo/tensile-search-with-strands/api/venv_api/lib/python3.12/site-packages/pip/_vendor/requests/certs.py', reloading
 * Detected change in '/root/repo/tensile-search-with-strands/api/venv_api/lib/python3.12/site-packages/pip/_vendor/requests/compat.py', reloading
 * Detected change in '/root/repo/tensile-search-with-strands/api/venv_api/lib/python3.12/site-packages/pip/_vendor/requests/cookies.py', reloading
 * Detected change in '/root/repo/tensile-search-with-strands/api/venv_api/lib/python3.12/site-packages/pip/_vendor/requests/exceptions.py', reloading
 * Detected change in '/root/repo/tensile-search-with-strands/api/venv_api/lib/python3.12/site-packages/pip/_vendor/requests/help.py', reloading
 * Detected change in '/root/repo/tensile-search-with-strands/api/venv_api/lib/python3.12/site-packages/pip/_vendor/requests/hooks.py', reloading
 * Detected change in '/root/repo/tensile-search-with-strands/api/venv_api/lib/python3.12/site-packages/pip/_vendor/requests/models.py', reloading
 * Detected change in '/root/repo/tensile-search-with-strands/api/venv_api/lib/python3.12/site-packages/pip/_vendor/requests/packages.py', reloading
 * Detected change in '/root/repo/tensile-search-with-strands/api/venv_api/lib/python3.12/site-packages/pip/_vendor/requests/sessions.py', reloading
 * Detected change in '/root/repo/tensile-search-with-strands/api/venv_api/lib/python3.12/site-packages/pip/_vendor/requests/status_codes.py', reloading
 * Detected change in '/root/repo/tensile-search-with-strands/api/venv_api/lib/python3.12/site-packages/pip/_vendor/requests/structures.py', reloading
 * Detected change in '/root/repo/tensile-search-with-strands/api/venv_api/lib/python3.12/site-packages/pip/_vendor/requests/utils.py', reloading
 * Detected change in '/root/repo/tensile-search-with-strands/api/venv_api/lib/python3.12/site-packages/pip/_vendor/resolvelib/__init__.py', reloading
 * Detected change in '/root/repo/tensile-search-with-strands/api/venv_api/lib/python3.12/site-packages/pip/_vendor/resolvelib/compat/collections_abc.py', reloading
 * Detected change in '/root/repo/tensile-search-with-strands/api/venv_api/lib/python3.12/site-packages/pip/_vendor/resolvelib/providers.py', reloading
 * Detected change in '/root/repo/tensile-search-with-strands/api/venv_api/lib/python3.12/site-packages/pip/_vendor/resolvelib/reporters.py', reloading
 * Detected change in '/root/repo/tensile-search-with-strands/api/venv_api/lib/python3.12/site-packages/pip/_vendor/resolvelib/resolvers.py', reloading
 * Detected change in '/root/repo/tensile-search-with-strands/api/venv_api/lib/python3.12/site-packages/pip/_vendor/resolvelib/structs.py', reloading
 * Detected change in '/root/repo/tensile-search-with-strands/api/venv_api/lib/python3.12/site-packages/pip/_vendor/rich/__init__.py', reloading
 * Detected change in '/root/repo/tensile-search-with-strands/api/venv_api/lib/python3.12/site-packages/pip/_vendor/rich/__main__.py', reloading
 * Detected change in '/root/repo/tensile-search-with-strands/api/venv_api/lib/python3.12/site-packages/pip/_vendor/rich/_cell_widths.py', reloading
 * Detected change in '/root/repo/tensile-search-with-strands/api/venv_api/lib/python3.12/site-packages/pip/_vendor/rich/_emoji_codes.py', reloading
 * Detected change in '/root/repo/tensile-search-with-strands/api/venv_api/lib/python3.12/site-packages/pip/_vendor/rich/_emoji_replace.py', reloading
 * Detected change in '/root/repo/tensile-search-with-strands/api/venv_api/lib/python3.12/site-packages/pip/_vendor/rich/_export_format.py', reloading
 * Detected change in '/root/repo/tensile-search-with-strands/api/venv_api/lib/python3.12/site-packages/pip/_vendor/rich/_extension.py', reloading
 * Detected change in '/root/repo/tensile-search-with-strands/api/venv_api/lib/python3.12/site-packages/pip/_vendor/rich/_fileno.py', reloading
 * Detected change in '/root/repo/tensile-search-with-strands/api/venv_api/lib/python3.12/site-packages/pip/_vendor/rich/_inspect.py', reloading
 * Detected change in '/root/repo/tensile-search-with-strands/api/venv_api/lib/python3.12/site-packages/pip/_vendor/rich/_log_render.py', reloading
 * Detected change in '/root/repo/tensile-search-with-strands/api/venv_api/lib/python3.12/site-packages/pip/_vendor/rich/_loop.py', reloading
 * Detected change in '/root/repo/tensile-search-with-strands/api/venv_api/lib/python3.12/site-packages/pip/_vendor/rich/_null_file.py', reloading
 * Detected change in '/root/repo/tensile-search-with-strands/api/venv_api/lib/python3.12/site-packages/pip/_vendor/rich/_palettes.py', reloading
 * Detected change in '/root/repo/tensile-search-with-strands/api/venv_api/lib/python3.12/site-packages/pip/_vendor/rich/_pick.py', reloading
 * Detected change in '/root/repo/tensile-search-with-strands/api/venv_api/lib/python3.12/site-packages/pip/_vendor/rich/_ratio.py', reloading
 * Detected change in '/root/repo/tensile-search-with-strands/api/venv_api/lib/python3.12/site-packages/pip/_vendor/rich/_spinners.py', reloading
 * Detected change in '/root/repo/tensile-search-with-strands/api/venv_api/lib/python3.12/site-packages/pip/_vendor/rich/_stack.py', reloading
 * Detected change in '/root/repo/tensile-search-with-strands/api/venv_api/lib/python3.12/site-packages/pip/_vendor/rich/_timer.py', reloading
 * Detected change in '/root/repo/tensile-search-with-strands/api/venv_api/lib/python3.12/site-packages/pip/_vendor/rich/_win32_console.py', reloading
 * Detected change in '/root/repo/tensile-search-with-strands/api/venv_api/lib/python3.12/site-packages/pip/_vendor/rich/_windows.py', reloading
 * Detected change in '/root/repo/tensile-search-with-strands/api/venv_api/lib/python3.12/site-packages/pip/_vendor/rich/_windows_renderer.py', reloading
 * Detected change in '/root/repo/tensile-search-with-strands/api/venv_api/lib/python3.12/site-packages/pip/_vendor/rich/_wrap.py', reloading
 * Detected change in '/root/repo/tensile-search-with-strands/api/venv_api/lib/python3.12/site-packages/pip/_vendor/rich/abc.py', reloading
 * Detected change in '/root/repo/tensile-search-with-strands/api/venv_api/lib/python3.12/site-packages/pip/_vendor/rich/align.py', reloading
 * Detected change in '/root/repo/tensile-search-with-strands/api/venv_api/lib/python3.12/site-packages/pip/_vendor/rich/ansi.py', reloading
 * Detected change in '/root/repo/tensile-search-with-strands/api/venv_api/lib/python3.12/site-packages/pip/_vendor/rich/bar.py', reloading
 * Detected change in '/root/repo/tensile-search-with-strands/api/venv_api/lib/python3.12/site-packages/pip/_vendor/rich/box.py', reloading
 * Detected change in '/root/repo/tensile-search-with-strands/api/venv_api/lib/python3.12/site-packages/pip/_vendor/rich/cells.py', reloading
 * Detected change in '/root/repo/tensile-search-with-strands/api/venv_api/lib/python3.12/site-packages/pip/_vendor/rich/color.py', reloading
 * Detected change in '/root/repo/tensile-search-with-strands/api/venv_api/lib/python3.12/site-packages/pip/_vendor/rich/color_triplet.py', reloading
 * Detected change in '/root/repo/tensile-search-with-strands/api/venv_api/lib/python3.12/site-packages/pip/_vendor/rich/columns.py', reloading
 * Detected change in '/root/repo/tensile-search-with-strands/api/venv_api/lib/python3.12/site-packages/pip/_vendor/rich/console.py', reloading
 * Detected change in '/root/repo/tensile-search-with-strands/api/venv_api/lib/python3.12/site-packages/pip/_vendor/rich/constrain.py', reloading
 * Detected change in '/root/repo/tensile-search-with-strands/api/venv_api/lib/python3.12/site-packages/pip/_vendor/rich/containers.py', reloading
 * Detected change in '/root/repo/tensile-search-with-strands/api/venv_api/lib/python3.12/site-packages/pip/_vendor/rich/control.py', reloading
 * Detected change in '/root/repo/tensile-search-with-strands/api/venv_api/lib/python3.12/site-packages/pip/_vendor/rich/default_styles.py', reloading
 * Detected change in '/root/repo/tensile-search-with-strands/api/venv_api/lib/python3.12/site-packages/pip/_vendor/rich/diagnose.py', reloading
 * Detected change in '/root/repo/tensile-search-with-strands/api/venv_api/lib/python3.12/site-packages/pip/_vendor/rich/emoji.py', reloading
 * Detected change in '/root/repo/tensile-search-with-strands/api/venv_api/lib/python3.12/site-packages/pip/_vendor/rich/errors.py', reloading
 * Detected change in '/root/repo/tensile-search-with-strands/api/venv_api/lib/python3.12/site-packages/pip/_vendor/rich/file_proxy.py', reloading
 * Detected change in '/root/repo/tensile-search-with-strands/api/venv_api/lib/python3.12/site-packages/pip/_vendor/rich/filesize.py', reloading
 * Detected change in '/root/repo/tensile-search-with-strands/api/venv_api/lib/python3.12/site-packages/pip/_vendor/rich/highlighter.py', reloading
 * Detected change in '/root/repo/tensile-search-with-strands/api/venv_api/lib/python3.12/site-packages/pip/_vendor/rich/json.py', reloading
 * Detected change in '/root/repo/tensile-search-with-strands/api/venv_api/lib/python3.12/site-packages/pip/_vendor/rich/jupyter.py', reloading
 * Detected change in '/root/repo/tensile-search-with-strands/api/venv_api/lib/python3.12/site-packages/pip/_vendor/rich/layout.py', reloading
 * Detected change in '/root/repo/tensile-search-with-strands/api/venv_api/lib/python3.12/site-packages/pip/_vendor/rich/live.py', reloading
 * Detected change in '/root/repo/tensile-search-with-strands/api/venv_api/lib/python3.12/site-packages/pip/_vendor/rich/live_render.py', reloading
 * Detected change in '/root/repo/tensile-search-with-strands/api/venv_api/lib/python3.12/site-packages/pip/_vendor/rich/logging.py', reloading
 * Detected change in '/root/repo/tensile-search-with-strands/api/venv_api/lib/python3.12/site-packages/pip/_vendor/rich/markup.py', reloading
 * Detected change in '/root/repo/tensile-search-with-strands/api/venv_api/lib/python3.12/site-packages/pip/_vendor/rich/measure.py', reloading
 * Detected change in '/root/repo/tensile-search-with-strands/api/venv_api/lib/python3.12/site-packages/pip/_vendor/rich/padding.py', reloading
 * Detected change in '/root/repo/tensile-search-with-strands/api/venv_api/lib/python3.12/site-packages/pip/_vendor/rich/pager.py', reloading
 * Detected change in '/root/repo/tensile-search-with-strands/api/venv_api/lib/python3.12/site-packages/pip/_vendor/rich/palette.py', reloading
 * Detected change in '/root/repo/tensile-search-with-strands/api/venv_api/lib/python3.12/site-packages/pip/_vendor/rich/panel.py', reloading
 * Detected change in '/root/repo/tensile-search-with-strands/api/venv_api/lib/python3.12/site-packages/pip/_vendor/rich/pretty.py', reloading
 * Detected change in '/root/repo/tensile-search-with-strands/api/venv_api/lib/python3.12/site-packages/pip/_vendor/rich/progress.py', reloading
 * Detected change in '/root/repo/tensile-search-with-strands/api/venv_api/lib/python3.12/site-packages/pip/_vendor/rich/progress_bar.py', reloading
 * Detected change in '/root/repo/tensile-search-with-strands/api/venv_api/lib/python3.12/site-packages/pip/_vendor/rich/prompt.py', reloading
 * Detected change in '/root/repo/tensile-search-with-strands/api/venv_api/lib/python3.12/site-packages/pip/_vendor/rich/protocol.py', reloading
 * Detected change in '/root/repo/tensile-search-with-strands/api/venv_api/lib/python3.12/site-packages/pip/_vendor/rich/region.py', reloading
 * Detected change in '/root/repo/tensile-search-with-strands/api/venv_api/lib/python3.12/site-packages/pip/_vendor/rich/repr.py', reloading
 * Detected change in '/root/repo/tensile-search-with-strands/api/venv_api/lib/python3.12/site-packages/pip/_vendor/rich/rule.py', reloading
 * Detected change in '/root/repo/tensile-search-with-strands/api/venv_api/lib/python3.12/site-packages/pip/_vendor/rich/scope.py', reloading
 * Detected change in '/root/repo/tensile-search-with-strands/api/venv_api/lib/python3.12/site-packages/pip/_vendor/rich/screen.py', reloading
 * Detected change in '/root/repo/tensile-search-with-strands/api/venv_api/lib/python3.12/site-packages/pip/_vendor/rich/segment.py', reloading
 * Detected change in '/root/repo/tensile-search-with-strands/api/venv_api/lib/python3.12/site-packages/pip/_vendor/rich/spinner.py', reloading
 * Detected change in '/root/repo/tensile-search-with-strands/api/venv_api/lib/python3.12/site-packages/pip/_vendor/rich/status.py', reloading
 * Detected change in '/root/repo/tensile-search-with-strands/api/venv_api/lib/python3.12/site-packages/pip/_vendor/rich/style.py', reloading
 * Detected change in '/root/repo/tensile-search-with-strands/api/venv_api/lib/python3.12/site-packages/pip/_vendor/rich/styled.py', reloading
 * Detected change in '/root/repo/tensile-search-with-strands/api/venv_api/lib/python3.12/site-packages/pip/_vendor/rich/syntax.py', reloading
 * Detected change in '/root/repo/tensile-search-with-strands/api/venv_api/lib/python3.12/site-packages/pip/_vendor/rich/table.py', reloading
 * Detected change in '/root/repo/tensile-search-with-strands/api/venv_api/lib/python3.12/site-packages/pip/_vendor/rich/terminal_theme.py', reloading
 * Detected change in '/root/repo/tensile-search-with-strands/api/venv_api/lib/python3.12/site-packages/pip/_vendor/rich/text.py', reloading
 * Detected change in '/root/repo/tensile-search-with-strands/api/venv_api/lib/python3.12/site-packages/pip/_vendor/rich/theme.py', reloading
 * Detected change in '/root/repo/tensile-search-with-strands/api/venv_api/lib/python3.12/site-packages/pip/_vendor/rich/themes.py', reloading
 * Detected change in '/root/repo/tensile-search-with-strands/api/venv_api/lib/python3.12/site-packages/pip/_vendor/rich/traceback.py', reloading
 * Detected change in '/root/repo/tensile-search-with-strands/api/venv_api/lib/python3.12/site-packages/pip/_vendor/rich/tree.py', reloading
 * Detected change in '/root/repo/tensile-search-with-strands/api/venv_api/lib/python3.12/site-packages/pip/_vendor/six.py', reloading
 * Detected change in '/root/repo/tensile-search-with-strands/api/venv_api/lib/python3.12/site-packages/pip/_vendor/tenacity/__init__.py', reloading
 * Detected change in '/root/repo/tensile-search-with-strands/api/venv_api/lib/python3.12/site-packages/pip/_vendor/tenacity/_asyncio.py', reloading
 * Detected change in '/root/repo/tensile-search-with-strands/api/venv_api/lib/python3.12/site-packages/pip/_vendor/tenacity/_utils.py', reloading
 * Detected change in '/root/repo/tensile-search-with-strands/api/venv_api/lib/python3.12/site-packages/pip/_vendor/tenacity/after.py', reloading
 * Detected change in '/root/repo/tensile-search-with-strands/api/venv_api/lib/python3.12/site-packages/pip/_vendor/tenacity/before.py', reloading
 * Detected change in '/root/repo/tensile-search-with-strands/api/venv_api/lib/python3.12/site-packages/pip/_vendor/tenacity/before_sleep.py', reloading
 * Detected change in '/root/repo/tensile-search-with-strands/api/venv_api/lib/python3.12/site-packages/pip/_vendor/tenacity/nap.py', reloading
 * Detected change in '/root/repo/tensile-search-with-strands/api/venv_api/lib/python3.12/site-packages/pip/_vendor/tenacity/retry.py', reloading
 * Detected change in '/root/repo/tensile-search-with-strands/api/venv_api/lib/python3.12/site-packages/pip/_vendor/tenacity/stop.py', reloading
 * Detected change in '/root/repo/tensile-search-with-strands/api/venv_api/lib/python3.12/site-packages/pip/_vendor/tenacity/tornadoweb.py', reloading
 * Detected change in '/root/repo/tensile-search-with-strands/api/venv_api/lib/python3.12/site-packages/pip/_vendor/tenacity/wait.py', reloading
 * Detected change in '/root/repo/tensile-search-with-strands/api/venv_api/lib/python3.12/site-packages/pip/_vendor/tomli/__init__.py', reloading
 * Detected change in '/root/repo/tensile-search-with-strands/api/venv_api/lib/python3.12/site-packages/pip/_vendor/tomli/_parser.py', reloading
 * Detected change in '/root/repo/tensile-search-with-strands/api/venv_api/lib/python3.12/site-packages/pip/_vendor/tomli/_re.py', reloading
 * Detected change in '/root/repo/tensile-search-with-strands/api/venv_api/lib/python3.12/site-packages/pip/_vendor/tomli/_types.py', reloading
 * Detected change in '/root/repo/tensile-search-with-strands/api/venv_api/lib/python3.12/site-packages/pip/_vendor/truststore/__init__.py', reloading
 * Detected change in '/root/repo/tensile-search-with-strands/api/venv_api/lib/python3.12/site-packages/pip/_vendor/truststore/_api.py', reloading
 * Detected change in '/root/repo/tensile-search-with-strands/api/venv_api/lib/python3.12/site-packages/pip/_vendor/truststore/_macos.py', reloading
 * Detected change in '/root/repo/tensile-search-with-strands/api/venv_api/lib/python3.12/site-packages/pip/_vendor/truststore/_openssl.py', reloading
 * Detected change in '/root/repo/tensile-search-with-strands/api/venv_api/lib/python3.12/site-packages/pip/_vendor/truststore/_ssl_constants.py', reloading
 * Detected change in '/root/repo/tensile-search-with-strands/api/venv_api/lib/python3.12/site-packages/pip/_vendor/truststore/_windows.py', reloading
 * Detected change in '/root/repo/tensile-search-with-strands/api/venv_api/lib/python3.12/site-packages/pip/_vendor/typing_extensions.py', reloading
 * Detected change in '/root/repo/tensile-search-with-strands/api/venv_api/lib/python3.12/site-packages/pip/_vendor/urllib3/__init__.py', reloading
 * Detected change in '/root/repo/tensile-search-with-strands/api/venv_api/lib/python3.12/site-packages/pip/_vendor/urllib3/_collections.py', reloading
 * Detected change in '/root/repo/tensile-search-with-strands/api/venv_api/lib/python3.12/site-packages/pip/_vendor/urllib3/_version.py', reloading
 * Detected change in '/root/repo/tensile-search-with-strands/api/venv_api/lib/python3.12/site-packages/pip/_vendor/urllib3/connection.py', reloading
 * Detected change in '/root/repo/tensile-search-with-strands/api/venv_api/lib/python3.12/site-packages/pip/_vendor/urllib3/connectionpool.py', reloading
 * Detected change in '/root/repo/tensile-search-with-strands/api/venv_api/lib/python3.12/site-packages/pip/_vendor/urllib3/contrib/_appengine_environ.py', reloading
 * Detected change in '/root/repo/tensile-search-with-strands/api/venv_api/lib/python3.12/site-packages/pip/_vendor/urllib3/contrib/_securetransport/bindings.py', reloading
 * Detected change in '/root/repo/tensile-search-with-strands/api/venv_api/lib/python3.12/site-packages/pip/_vendor/urllib3/contrib/_securetransport/low_level.py', reloading
 * Detected change in '/root/repo/tensile-search-with-strands/api/venv_api/lib/python3.12/site-packages/pip/_vendor/urllib3/contrib/appengine.py', reloading
 * Detected change in '/root/repo/tensile-search-with-strands/api/venv_api/lib/python3.12/site-packages/pip/_vendor/urllib3/contrib/ntlmpool.py', reloading
 * Detected change in '/root/repo/tensile-search-with-strands/api/venv_api/lib/python3.12/site-packages/pip/_vendor/urllib3/contrib/pyopenssl.py', reloading
 * Detected change in '/root/repo/tensile-search-with-strands/api/venv_api/lib/python3.12/site-packages/pip/_vendor/urllib3/contrib/securetransport.py', reloading
 * Detected change in '/root/repo/tensile-search-with-strands/api/venv_api/lib/python3.12/site-packages/pip/_vendor/urllib3/contrib/socks.py', reloading
 * Detected change in '/root/repo/tensile-search-with-strands/api/venv_api/lib/python3.12/site-packages/pip/_vendor/urllib3/exceptions.py', reloading
 * Detected change in '/root/repo/tensile-search-with-strands/api/venv_api/lib/python3.12/site-packages/pip/_vendor/urllib3/fields.py', reloading
 * Detected change in '/root/repo/tensile-search-with-strands/api/venv_api/lib/python3.12/site-packages/pip/_vendor/urllib3/filepost.py', reloading
 * Detected change in '/root/repo/tensile-search-with-strands/api/venv_api/lib/python3.12/site-packages/pip/_vendor/urllib3/packages/backports/makefile.py', reloading
 * Detected change in '/root/repo/tensile-search-with-strands/api/venv_api/lib/python3.12/site-packages/pip/_vendor/urllib3/packages/backports/weakref_finalize.py', reloading
 * Detected change in '/root/repo/tensile-search-with-strands/api/venv_api/lib/python3.12/site-packages/pip/_vendor/urllib3/packages/six.py', reloading
 * Detected change in '/root/repo/tensile-search-with-strands/api/venv_api/lib/python3.12/site-packages/pip/_vendor/urllib3/poolmanager.py', reloading
 * Detected change in '/root/repo/tensile-search-with-strands/api/venv_api/lib/python3.12/site-packages/pip/_vendor/urllib3/request.py', reloading
 * Detected change in '/root/repo/tensile-search-with-strands/api/venv_api/lib/python3.12/site-packages/pip/_vendor/urllib3/response.py', reloading
 * Detected change in '/root/repo/tensile-search-with-strands/api/venv_api/lib/python3.12/site-packages/pip/_vendor/urllib3/util/__init__.py', reloading
 * Detected change in '/root/repo/tensile-search-with-strands/api/venv_api/lib/python3.12/site-packages/pip/_vendor/urllib3/util/connection.py', reloading
 * Detected change in '/root/repo/tensile-search-with-strands/api/venv_api/lib/python3.12/site-packages/pip/_vendor/urllib3/util/proxy.py', reloading
 * Detected change in '/root/repo/tensile-search-with-strands/api/venv_api/lib/python3.12/site-packages/pip/_vendor/urllib3/util/queue.py', reloading
 * Detected change in '/root/repo/tensile-search-with-strands/api/venv_api/lib/python3.12/site-packages/pip/_vendor/urllib3/util/request.py', reloading
 * Detected change in '/root/repo/tensile-search-with-strands/api/venv_api/lib/python3.12/site-packages/pip/_vendor/urllib3/util/response.py', reloading
 * Detected change in '/root/repo/tensile-search-with-strands/api/venv_api/lib/python3.12/site-packages/pip/_vendor/urllib3/util/retry.py', reloading
 * Detected change in '/root/repo/tensile-search-with-strands/api/venv_api/lib/python3.12/site-packages/pip/_vendor/urllib3/util/ssl_.py', reloading
 * Detected change in '/root/repo/tensile-search-with-strands/api/venv_api/lib/python3.12/site-packages/pip/_vendor/urllib3/util/ssl_match_hostname.py', reloading
 * Detected change in '/root/repo/tensile-search-with-strands/api/venv_api/lib/python3.12/site-packages/pip/_vendor/urllib3/util/ssltransport.py', reloading
 * Detected change in '/root/repo/tensile-search-with-strands/api/venv_api/lib/python3.12/site-packages/pip/_vendor/urllib3/util/timeout.py', reloading
 * Detected change in '/root/repo/tensile-search-with-strands/api/venv_api/lib/python3.12/site-packages/pip/_vendor/urllib3/util/url.py', reloading
 * Detected change in '/root/repo/tensile-search-with-strands/api/venv_api/lib/python3.12/site-packages/pip/_vendor/urllib3/util/wait.py', reloading
 * Detected change in '/root/repo/tensile-search-with-strands/api/venv_api/lib/python3.12/site-packages/pip/_vendor/webencodings/__init__.py', reloading
 * Detected change in '/root/repo/tensile-search-with-strands/api/venv_api/lib/python3.12/site-packages/pip/_vendor/webencodings/labels.py', reloading
 * Detected change in '/root/repo/tensile-search-with-strands/api/venv_api/lib/python3.12/site-packages/pip/_vendor/webencodings/mklabels.py', reloading
 * Detected change in '/root/repo/tensile-search-with-strands/api/venv_api/lib/python3.12/site-packages/pip/_vendor/webencodings/tests.py', reloading
 * Detected change in '/root/repo/tensile-search-with-strands/api/venv_api/lib/python3.12/site-packages/pip/_vendor/webencodings/x_user_defined.py', reloading
 * Detected change in '/root/repo/tensile-search-with-strands/api/venv_api/lib/python3.12/site-packages/werkzeug/__init__.py', reloading
 * Detected change in '/root/repo/tensile-search-with-strands/api/venv_api/lib/python3.12/site-packages/werkzeug/_internal.py', reloading
 * Detected change in '/root/repo/tensile-search-with-strands/api/venv_api/lib/python3.12/site-packages/werkzeug/_reloader.py', reloading
 * Detected change in '/root/repo/tensile-search-with-strands/api/venv_api/lib/python3.12/site-packages/werkzeug/datastructures/__init__.py', reloading
 * Detected change in '/root/repo/tensile-search-with-strands/api/venv_api/lib/python3.12/site-packages/werkzeug/datastructures/accept.py', reloading
 * Detected change in '/root/repo/tensile-search-with-strands/api/venv_api/lib/python3.12/site-packages/werkzeug/datastructures/auth.py', reloading
 * Detected change in '/root/repo/tensile-search-with-strands/api/venv_api/lib/python3.12/site-packages/werkzeug/datastructures/cache_control.py', reloading
 * Detected change in '/root/repo/tensile-search-with-strands/api/venv_api/lib/python3.12/site-packages/werkzeug/datastructures/csp.py', reloading
 * Detected change in '/root/repo/tensile-search-with-strands/api/venv_api/lib/python3.12/site-packages/werkzeug/datastructures/etag.py', reloading
 * Detected change in '/root/repo/tensile-search-with-strands/api/venv_api/lib/python3.12/site-packages/werkzeug/datastructures/file_storage.py', reloading
 * Detected change in '/root/repo/tensile-search-with-strands/api/venv_api/lib/python3.12/site-packages/werkzeug/datastructures/headers.py', reloading
 * Detected change in '/root/repo/tensile-search-with-strands/api/venv_api/lib/python3.12/site-packages/werkzeug/datastructures/mixins.py', reloading
 * Detected change in '/root/repo/tensile-search-with-strands/api/venv_api/lib/python3.12/site-packages/werkzeug/datastructures/range.py', reloading
 * Detected change in '/root/repo/tensile-search-with-strands/api/venv_api/lib/python3.12/site-packages/werkzeug/datastructures/structures.py', reloading
 * Detected change in '/root/repo/tensile-search-with-strands/api/venv_api/lib/python3.12/site-packages/werkzeug/debug/__init__.py', reloading
 * Detected change in '/root/repo/tensile-search-with-strands/api/venv_api/lib/python3.12/site-packages/werkzeug/debug/console.py', reloading
 * Detected change in '/root/repo/tensile-search-with-strands/api/venv_api/lib/python3.12/site-packages/werkzeug/debug/repr.py', reloading
 * Detected change in '/root/repo/tensile-search-with-strands/api/venv_api/lib/python3.12/site-packages/werkzeug/debug/tbtools.py', reloading
 * Detected change in '/root/repo/tensile-search-with-strands/api/venv_api/lib/python3.12/site-packages/werkzeug/exceptions.py', reloading
 * Detected change in '/root/repo/tensile-search-with-strands/api/venv_api/lib/python3.12/site-packages/werkzeug/formparser.py', reloading
 * Detected change in '/root/repo/tensile-search-with-strands/api/venv_api/lib/python3.12/site-packages/werkzeug/http.py', reloading
 * Detected change in '/root/repo/tensile-search-with-strands/api/venv_api/lib/python3.12/site-packages/werkzeug/local.py', reloading
 * Detected change in '/root/repo/tensile-search-with-strands/api/venv_api/lib/python3.12/site-packages/werkzeug/middleware/dispatcher.py', reloading
 * Detected change in '/root/repo/tensile-search-with-strands/api/venv_api/lib/python3.12/site-packages/werkzeug/middleware/http_proxy.py', reloading
 * Detected change in '/root/repo/tensile-search-with-strands/api/venv_api/lib/python3.12/site-packages/werkzeug/middleware/lint.py', reloading
 * Detected change in '/root/repo/tensile-search-with-strands/api/venv_api/lib/python3.12/site-packages/werkzeug/middleware/profiler.py', reloading
 * Detected change in '/root/repo/tensile-search-with-strands/api/venv_api/lib/python3.12/site-packages/werkzeug/middleware/proxy_fix.py', reloading
 * Detected change in '/root/repo/tensile-search-with-strands/api/venv_api/lib/python3.12/site-packages/werkzeug/middleware/shared_data.py', reloading
 * Detected change in '/root/repo/tensile-search-with-strands/api/venv_api/lib/python3.12/site-packages/werkzeug/routing/__init__.py', reloading
 * Detected change in '/root/repo/tensile-search-with-strands/api/venv_api/lib/python3.12/site-packages/werkzeug/routing/converters.py', reloading
 * Detected change in '/root/repo/tensile-search-with-strands/api/venv_api/lib/python3.12/site-packages/werkzeug/routing/exceptions.py', reloading
 * Detected change in '/root/repo/tensile-search-with-strands/api/venv_api/lib/python3.12/site-packages/werkzeug/routing/map.py', reloading
 * Detected change in '/root/repo/tensile-search-with-strands/api/venv_api/lib/python3.12/site-packages/werkzeug/routing/matcher.py', reloading
 * Detected change in '/root/repo/tensile-search-with-strands/api/venv_api/lib/python3.12/site-packages/werkzeug/routing/rules.py', reloading
 * Detected change in '/root/repo/tensile-search-with-strands/api/venv_api/lib/python3.12/site-packages/werkzeug/sansio/http.py', reloading
 * Detected change in '/root/repo/tensile-search-with-strands/api/venv_api/lib/python3.12/site-packages/werkzeug/sansio/multipart.py', reloading
 * Detected change in '/root/repo/tensile-search-with-strands/api/venv_api/lib/python3.12/site-packages/werkzeug/sansio/request.py', reloading
 * Detected change in '/root/repo/tensile-search-with-strands/api/venv_api/lib/python3.12/site-packages/werkzeug/sansio/response.py', reloading
 * Detected change in '/root/repo/tensile-search-with-strands/api/venv_api/lib/python3.12/site-packages/werkzeug/sansio/utils.py', reloading
 * Detected change in '/root/repo/tensile-search-with-strands/api/venv_api/lib/python3.12/site-packages/werkzeug/security.py', reloading
 * Detected change in '/root/repo/tensile-search-with-strands/api/venv_api/lib/python3.12/site-packages/werkzeug/serving.py', reloading
 * Detected change in '/root/repo/tensile-search-with-strands/api/venv_api/lib/python3.12/site-packages/werkzeug/test.py', reloading
 * Detected change in '/root/repo/tensile-search-with-strands/api/venv_api/lib/python3.12/site-packages/werkzeug/testapp.py', reloading
 * Detected change in '/root/repo/tensile-search-with-strands/api/venv_api/lib/python3.12/site-packages/werkzeug/urls.py', reloading
 * Detected change in '/root/repo/tensile-search-with-strands/api/venv_api/lib/python3.12/site-packages/werkzeug/user_agent.py', reloading
 * Detected change in '/root/repo/tensile-search-with-strands/api/venv_api/lib/python3.12/site-packages/werkzeug/utils.py', reloading
 * Detected change in '/root/repo/tensile-search-with-strands/api/venv_api/lib/python3.12/site-packages/werkzeug/wrappers/__init__.py', reloading
 * Detected change in '/root/repo/tensile-search-with-strands/api/venv_api/lib/python3.12/site-packages/werkzeug/wrappers/request.py', reloading
 * Detected change in '/root/repo/tensile-search-with-strands/api/venv_api/lib/python3.12/site-packages/werkzeug/wrappers/response.py', reloading
 * Detected change in '/root/repo/tensile-search-with-strands/api/venv_api/lib/python3.12/site-packages/werkzeug/wsgi.py', reloading
 * Restarting with watchdog (inotify)
 * Debugger is active!
 * Debugger PIN: 740-969-780
 * Detected change in '/root/repo/tensile-search-with-strands/api/app.py', reloading
 * Detected change in '/root/repo/tensile-search-with-strands/api/venv_api/lib/python3.12/site-packages/blinker/__init__.py', reloading
 * Detected change in '/root/repo/tensile-search-with-strands/api/venv_api/lib/python3.12/site-packages/blinker/_utilities.py', reloading
 * Detected change in '/root/repo/tensile-search-with-strands/api/venv_api/lib/python3.12/site-packages/blinker/base.py', reloading
 * Detected change in '/root/repo/tensile-search-with-strands/api/venv_api/lib/python3.12/site-packages/click/__init__.py', reloading
 * Detected change in '/root/repo/tensile-search-with-strands/api/venv_api/lib/python3.12/site-packages/click/_compat.py', reloading
 * Detected change in '/root/repo/tensile-search-with-strands/api/venv_api/lib/python3.12/site-packages/click/_termui_impl.py', reloading
 * Detected change in '/root/repo/tensile-search-with-strands/api/venv_api/lib/python3.12/site-packages/click/_textwrap.py', reloading
 * Detected change in '/root/repo/tensile-search-with-strands/api/venv_api/lib/python3.12/site-packages/click/_utils.py', reloading
 * Detected change in '/root/repo/tensile-search-with-strands/api/venv_api/lib/python3.12/site-packages/click/_winconsole.py', reloading
 * Detected change in '/root/repo/tensile-search-with-strands/api/venv_api/lib/python3.12/site-packages/click/core.py', reloading
 * Detected change in '/root/repo/tensile-search-with-strands/api/venv_api/lib/python3.12/site-packages/click/decorators.py', reloading
 * Detected change in '/root/repo/tensile-search-with-strands/api/venv_api/lib/python3.12/site-packages/click/exceptions.py', reloading
 * Detected change in '/root/repo/tensile-search-with-strands/api/venv_api/lib/python3.12/site-packages/click/formatting.py', reloading
 * Detected change in '/root/repo/tensile-search-with-strands/api/venv_api/lib/python3.12/site-packages/click/globals.py', reloading
 * Detected change in '/root/repo/tensile-search-with-strands/api/venv_api/lib/python3.12/site-packages/click/parser.py', reloading
 * Detected change in '/root/repo/tensile-search-with-strands/api/venv_api/lib/python3.12/site-packages/click/shell_completion.py', reloading
 * Detected change in '/root/repo/tensile-search-with-strands/api/venv_api/lib/python3.12/site-packages/click/termui.py', reloading
 * Detected change in '/root/repo/tensile-search-with-strands/api/venv_api/lib/python3.12/site-packages/click/testing.py', reloading
 * Detected change in '/root/repo/tensile-search-with-strands/api/venv_api/lib/python3.12/site-packages/click/types.py', reloading
 * Detected change in '/root/repo/tensile-search-with-strands/api/venv_api/lib/python3.12/site-packages/click/utils.py', reloading
 * Detected change in '/root/repo/tensile-search-with-strands/api/venv_api/lib/python3.12/site-packages/flask/__init__.py', reloading
 * Detected change in '/root/repo/tensile-search-with-strands/api/venv_api/lib/python3.12/site-packages/flask/__main__.py', reloading
 * Detected change in '/root/repo/tensile-search-with-strands/api/venv_api/lib/python3.12/site-packages/flask/app.py', reloading
 * Detected change in '/root/repo/tensile-search-with-strands/api/venv_api/lib/python3.12/site-packages/flask/blueprints.py', reloading
 * Detected change in '/root/repo/tensile-search-with-strands/api/venv_api/lib/python3.12/site-packages/flask/cli.py', reloading
 * Detected change in '/root/repo/tensile-search-with-strands/api/venv_api/lib/python3.12/site-packages/flask/config.py', reloading
 * Detected change in '/root/repo/tensile-search-with-strands/api/venv_api/lib/python3.12/site-packages/flask/ctx.py', reloading
 * Detected change in '/root/repo/tensile-search-with-strands/api/venv_api/lib/python3.12/site-packages/flask/debughelpers.py', reloading
 * Detected change in '/root/repo/tensile-search-with-strands/api/venv_api/lib/python3.12/site-packages/flask/globals.py', reloading
 * Detected change in '/root/repo/tensile-search-with-strands/api/venv_api/lib/python3.12/site-packages/flask/helpers.py', reloading
 * Detected change in '/root/repo/tensile-search-with-strands/api/venv_api/lib/python3.12/site-packages/flask/json/__init__.py', reloading
 * Detected change in '/root/repo/tensile-search-with-strands/api/venv_api/lib/python3.12/site-packages/flask/json/provider.py', reloading
 * Detected change in '/root/repo/tensile-search-with-strands/api/venv_api/lib/python3.12/site-packages/flask/json/tag.py', reloading
 * Detected change in '/root/repo/tensile-search-with-strands/api/venv_api/lib/python3.12/site-packages/flask/logging.py', reloading
 * Detected change in '/root/repo/tensile-search-with-strands/api/venv_api/lib/python3.12/site-packages/flask/scaffold.py', reloading
 * Detected change in '/root/repo/tensile-search-with-strands/api/venv_api/lib/python3.12/site-packages/flask/sessions.py', reloading
 * Detected change in '/root/repo/tensile-search-with-strands/api/venv_api/lib/python3.12/site-packages/flask/signals.py', reloading
 * Detected change in '/root/repo/tensile-search-with-strands/api/venv_api/lib/python3.12/site-packages/flask/templating.py', reloading
 * Detected change in '/root/repo/tensile-search-with-strands/api/venv_api/lib/python3.12/site-packages/flask/testing.py', reloading
 * Detected change in '/root/repo/tensile-search-with-strands/api/venv_api/lib/python3.12/site-packages/flask/typing.py', reloading
 * Detected change in '/root/repo/tensile-search-with-strands/api/venv_api/lib/python3.12/site-packages/flask/views.py', reloading
 * Detected change in '/root/repo/tensile-search-with-strands/api/venv_api/lib/python3.12/site-packages/flask/wrappers.py', reloading
 * Detected change in '/root/repo/tensile-search-with-strands/api/venv_api/lib/python3.12/site-packages/itsdangerous/__init__.py', reloading
 * Detected change in '/root/repo/tensile-search-with-strands/api/venv_api/lib/python3.12/site-packages/itsdangerous/_json.py', reloading
 * Detected change in '/root/repo/tensile-search-with-strands/api/venv_api/lib/python3.12/site-packages/itsdangerous/encoding.py', reloading
 * Detected change in '/root/repo/tensile-search-with-strands/api/venv_api/lib/python3.12/site-packages/itsdangerous/exc.py', reloading
 * Detected change in '/root/repo/tensile-search-with-strands/api/venv_api/lib/python3.12/site-packages/itsdangerous/serializer.py', reloading
 * Detected change in '/root/repo/tensile-search-with-strands/api/venv_api/lib/python3.12/site-packages/itsdangerous/signer.py', reloading
 * Detected change in '/root/repo/tensile-search-with-strands/api/venv_api/lib/python3.12/site-packages/itsdangerous/timed.py', reloading
 * Detected change in '/root/repo/tensile-search-with-strands/api/venv_api/lib/python3.12/site-packages/itsdangerous/url_safe.py', reloading
 * Detected change in '/root/repo/tensile-search-with-strands/api/venv_api/lib/python3.12/site-packages/jinja2/__init__.py', reloading
 * Detected change in '/root/repo/tensile-search-with-strands/api/venv_api/lib/python3.12/site-packages/jinja2/_identifier.py', reloading
 * Detected change in '/root/repo/tensile-search-with-strands/api/venv_api/lib/python3.12/site-packages/jinja2/async_utils.py', reloading
 * Detected change in '/root/repo/tensile-search-with-strands/api/venv_api/lib/python3.12/site-packages/jinja2/bccache.py', reloading
 * Detected change in '/root/repo/tensile-search-with-strands/api/venv_api/lib/python3.12/site-packages/jinja2/compiler.py', reloading
 * Detected change in '/root/repo/tensile-search-with-strands/api/venv_api/lib/python3.12/site-packages/jinja2/constants.py', reloading
 * Detected change in '/root/repo/tensile-search-with-strands/api/venv_api/lib/python3.12/site-packages/jinja2/debug.py', reloading
 * Detected change in '/root/repo/tensile-search-with-strands/api/venv_api/lib/python3.12/site-packages/jinja2/defaults.py', reloading
 * Detected change in '/root/repo/tensile-search-with-strands/api/venv_api/lib/python3.12/site-packages/jinja2/environment.py', reloading
 * Detected change in '/root/repo/tensile-search-with-strands/api/venv_api/lib/python3.12/site-packages/jinja2/exceptions.py', reloading
 * Detected change in '/root/repo/tensile-search-with-strands/api/venv_api/lib/python3.12/site-packages/jinja2/ext.py', reloading
 * Detected change in '/root/repo/tensile-search-with-strands/api/venv_api/lib/python3.12/site-packages/jinja2/filters.py', reloading
 * Detected change in '/root/repo/tensile-search-with-strands/api/venv_api/lib/python3.12/site-packages/jinja2/idtracking.py', reloading
 * Detected change in '/root/repo/tensile-search-with-strands/api/venv_api/lib/python3.12/site-packages/jinja2/lexer.py', reloading
 * Detected change in '/root/repo/tensile-search-with-strands/api/venv_api/lib/python3.12/site-packages/jinja2/loaders.py', reloading
 * Detected change in '/root/repo/tensile-search-with-strands/api/venv_api/lib/python3.12/site-packages/jinja2/meta.py', reloading
 * Detected change in '/root/repo/tensile-search-with-strands/api/venv_api/lib/python3.12/site-packages/jinja2/nativetypes.py', reloading
 * Detected change in '/root/repo/tensile-search-with-strands/api/venv_api/lib/python3.12/site-packages/jinja2/nodes.py', reloading
 * Detected change in '/root/repo/tensile-search-with-strands/api/venv_api/lib/python3.12/site-packages/jinja2/optimizer.py', reloading
 * Detected change in '/root/repo/tensile-search-with-strands/api/venv_api/lib/python3.12/site-packages/jinja2/parser.py', reloading
 * Detected change in '/root/repo/tensile-search-with-strands/api/venv_api/lib/python3.12/site-packages/jinja2/runtime.py', reloading
 * Detected change in '/root/repo/tensile-search-with-strands/api/venv_api/lib/python3.12/site-packages/jinja2/sandbox.py', reloading
 * Detected change in '/root/repo/tensile-search-with-strands/api/venv_api/lib/python3.12/site-packages/jinja2/tests.py', reloading
 * Detected change in '/root/repo/tensile-search-with-strands/api/venv_api/lib/python3.12/site-packages/jinja2/utils.py', reloading
 * Detected change in '/root/repo/tensile-search-with-strands/api/venv_api/lib/python3.12/site-packages/jinja2/visitor.py', reloading
 * Detected change in '/root/repo/tensile-search-with-strands/api/venv_api/lib/python3.12/site-packages/markupsafe/__init__.py', reloading
 * Detected change in '/root/repo/tensile-search-with-strands/api/venv_api/lib/python3.12/site-packages/markupsafe/_native.py', reloading
 * Detected change in '/root/repo/tensile-search-with-strands/api/venv_api/lib/python3.12/site-packages/pip/__init__.py', reloading
 * Detected change in '/root/repo/tensile-search-with-strands/api/venv_api/lib/python3.12/site-packages/pip/__main__.py', reloading
 * Detected change in '/root/repo/tensile-search-with-strands/api/venv_api/lib/python3.12/site-packages/pip/__pip-runner__.py', reloading
 * Detected change in '/root/repo/tensile-search-with-strands/api/venv_api/lib/python3.12/site-packages/pip/_internal/__init__.py', reloading
 * Detected change in '/root/repo/tensile-search-with-strands/api/venv_api/lib/python3.12/site-packages/pip/_internal/build_env.py', reloading
 * Detected change in '/root/repo/tensile-search-with-strands/api/venv_api/lib/python3.12/site-packages/pip/_internal/cache.py', reloading
 * Detected change in '/root/repo/tensile-search-with-strands/api/venv_api/lib/python3.12/site-packages/pip/_internal/cli/__init__.py', reloading
 * Detected change in '/root/repo/tensile-search-with-strands/api/venv_api/lib/python3.12/site-packages/pip/_internal/cli/autocompletion.py', reloading
 * Detected change in '/root/repo/tensile-search-with-strands/api/venv_api/lib/python3.12/site-packages/pip/_internal/cli/base_command.py', reloading
 * Detected change in '/root/repo/tensile-search-with-strands/api/venv_api/lib/python3.12/site-packages/pip/_internal/cli/cmdoptions.py', reloading
 * Detected change in '/root/repo/tensile-search-with-strands/api/venv_api/lib/python3.12/site-packages/pip/_internal/cli/command_context.py', reloading
 * Detected change in '/root/repo/tensile-search-with-strands/api/venv_api/lib/python3.12/site-packages/pip/_internal/cli/main.py', reloading
 * Detected change in '/root/repo/tensile-search-with-strands/api/venv_api/lib/python3.12/site-packages/pip/_internal/cli/main_parser.py', reloading
 * Detected change in '/root/repo/tensile-search-with-strands/api/venv_api/lib/python3.12/site-packages/pip/_internal/cli/parser.py', reloading
 * Detected change in '/root/repo/tensile-search-with-strands/api/venv_api/lib/python3.12/site-packages/pip/_internal/cli/progress_bars.py', reloading
 * Detected change in '/root/repo/tensile-search-with-strands/api/venv_api/lib/python3.12/site-packages/pip/_internal/cli/req_command.py', reloading
 * Detected change in '/root/repo/tensile-search-with-strands/api/venv_api/lib/python3.12/site-packages/pip/_internal/cli/spinners.py', reloading
 * Detected change in '/root/repo/tensile-search-with-strands/api/venv_api/lib/python3.12/site-packages/pip/_internal/cli/status_codes.py', reloading
 * Detected change in '/root/repo/tensile-search-with-strands/api/venv_api/lib/python3.12/site-packages/pip/_internal/commands/__init__.py', reloading
 * Detected change in '/root/repo/tensile-search-with-strands/api/venv_api/lib/python3.12/site-packages/pip/_internal/commands/cache.py', reloading
 * Detected change in '/root/repo/tensile-search-with-strands/api/venv_api/lib/python3.12/site-packages/pip/_internal/commands/check.py', reloading
 * Detected change in '/root/repo/tensile-search-with-strands/api/venv_api/lib/python3.12/site-packages/pip/_internal/commands/completion.py', reloading
 * Detected change in '/root/repo/tensile-search-with-strands/api/venv_api/lib/python3.12/site-packages/pip/_internal/commands/configuration.py', reloading
 * Detected change in '/root/repo/tensile-search-with-strands/api/venv_api/lib/python3.12/site-packages/pip/_internal/commands/debug.py', reloading
 * Detected change in '/root/repo/tensile-search-with-strands/api/venv_api/lib/python3.12/site-packages/pip/_internal/commands/download.py', reloading
 * Detected change in '/root/repo/tensile-search-with-strands/api/venv_api/lib/python3.12/site-packages/pip/_internal/commands/freeze.py', reloading
 * Detected change in '/root/repo/tensile-search-with-strands/api/venv_api/lib/python3.12/site-packages/pip/_internal/commands/hash.py', reloading
 * Detected change in '/root/repo/tensile-search-with-strands/api/venv_api/lib/python3.12/site-packages/pip/_internal/commands/help.py', reloading
 * Detected change in '/root/repo/tensile-search-with-strands/api/venv_api/lib/python3.12/site-packages/pip/_internal/commands/index.py', reloading
 * Detected change in '/root/repo/tensile-search-with-strands/api/venv_api/lib/python3.12/site-packages/pip/_internal/commands/inspect.py', reloading
 * Detected change in '/root/repo/tensile-search-with-strands/api/venv_api/lib/python3.12/site-packages/pip/_internal/commands/install.py', reloading
 * Detected change in '/root/repo/tensile-search-with-strands/api/venv_api/lib/python3.12/site-packages/pip/_internal/commands/list.py', reloading
 * Detected change in '/root/repo/tensile-search-with-strands/api/venv_api/lib/python3.12/site-packages/pip/_internal/commands/search.py', reloading
 * Detected change in '/root/repo/tensile-search-with-strands/api/venv_api/lib/python3.12/site-packages/pip/_internal/commands/show.py', reloading
 * Detected change in '/root/repo/tensile-search-with-strands/api/venv_api/lib/python3.12/site-packages/pip/_internal/commands/uninstall.py', reloading
 * Detected change in '/root/repo/tensile-search-with-strands/api/venv_api/lib/python3.12/site-packages/pip/_internal/commands/wheel.py', reloading
 * Detected change in '/root/repo/tensile-search-with-strands/api/venv_api/lib/python3.12/site-packages/pip/_internal/configuration.py', reloading
 * Detected change in '/root/repo/tensile-search-with-strands/api/venv_api/lib/python3.12/site-packages/pip/_internal/distributions/__init__.py', reloading
 * Detected change in '/root/repo/tensile-search-with-strands/api/venv_api/lib/python3.12/site-packages/pip/_internal/distributions/base.py', reloading
 * Detected change in '/root/repo/tensile-search-with-strands/api/venv_api/lib/python3.12/site-packages/pip/_internal/distributions/installed.py', reloading
 * Detected change in '/root/repo/tensile-search-with-strands/api/venv_api/lib/python3.12/site-packages/pip/_internal/distributions/sdist.py', reloading
 * Detected change in '/root/repo/tensile-search-with-strands/api/venv_api/lib/python3.12/site-packages/pip/_internal/distributions/wheel.py', reloading
 * Detected change in '/root/repo/tensile-search-with-strands/api/venv_api/lib/python3.12/site-packages/pip/_internal/exceptions.py', reloading
 * Detected change in '/root/repo/tensile-search-with-strands/api/venv_api/lib/python3.12/site-packages/pip/_internal/index/__init__.py', reloading
 * Detected change in '/root/repo/tensile-search-with-strands/api/venv_api/lib/python3.12/site-packages/pip/_internal/index/collector.py', reloading
 * Detected change in '/root/repo/tensile-search-with-strands/api/venv_api/lib/python3.12/site-packages/pip/_internal/index/package_finder.py', reloading
 * Detected change in '/root/repo/tensile-search-with-strands/api/venv_api/lib/python3.12/site-packages/pip/_internal/index/sources.py', reloading
 * Detected change in '/root/repo/tensile-search-with-strands/api/venv_api/lib/python3.12/site-packages/pip/_internal/locations/__init__.py', reloading
 * Detected change in '/root/repo/tensile-search-with-strands/api/venv_api/lib/python3.12/site-packages/pip/_internal/locations/_distutils.py', reloading
 * Detected change in '/root/repo/tensile-search-with-strands/api/venv_api/lib/python3.12/site-packages/pip/_internal/locations/_sysconfig.py', reloading
 * Detected change in '/root/repo/tensile-search-with-strands/api/venv_api/lib/python3.12/site-packages/pip/_internal/locations/base.py', reloading
 * Detected change in '/root/repo/tensile-search-with-strands/api/venv_api/lib/python3.12/site-packages/pip/_internal/main.py', reloading
 * Detected change in '/root/repo/tensile-search-with-strands/api/venv_api/lib/python3.12/site-packages/pip/_internal/metadata/__init__.py', reloading
 * Detected change in '/root/repo/tensile-search-with-strands/api/venv_api/lib/python3.12/site-packages/pip/_internal/metadata/_json.py', reloading
 * Detected change in '/root/repo/tensile-search-with-strands/api/venv_api/lib/python3.12/site-packages/pip/_internal/metadata/base.py', reloading
 * Detected change in '/root/repo/tensile-search-with-strands/api/venv_api/lib/python3.12/site-packages/pip/_internal/metadata/importlib/__init__.py', reloading
 * Detected change in '/root/repo/tensile-search-with-strands/api/venv_api/lib/python3.12/site-packages/pip/_internal/metadata/importlib/_compat.py', reloading
 * Detected change in '/root/repo/tensile-search-with-strands/api/venv_api/lib/python3.12/site-packages/pip/_internal/metadata/importlib/_dists.py', reloading
 * Detected change in '/root/repo/tensile-search-with-strands/api/venv_api/lib/python3.12/site-packages/pip/_internal/metadata/importlib/_envs.py', reloading
 * Detected change in '/root/repo/tensile-search-with-strands/api/venv_api/lib/python3.12/site-packages/pip/_internal/metadata/pkg_resources.py', reloading
 * Detected change in '/root/repo/tensile-search-with-strands/api/venv_api/lib/python3.12/site-packages/pip/_internal/models/__init__.py', reloading
 * Detected change in '/root/repo/tensile-search-with-strands/api/venv_api/lib/python3.12/site-packages/pip/_internal/models/candidate.py', reloading
 * Detected change in '/root/repo/tensile-search-with-strands/api/venv_api/lib/python3.12/site-packages/pip/_internal/models/direct_url.py', reloading
 * Detected change in '/root/repo/tensile-search-with-strands/api/venv_api/lib/python3.12/site-packages/pip/_internal/models/format_control.py', reloading
 * Detected change in '/root/repo/tensile-search-with-strands/api/venv_api/lib/python3.12/site-packages/pip/_internal/models/index.py', reloading
 * Detected change in '/root/repo/tensile-search-with-strands/api/venv_api/lib/python3.12/site-packages/pip/_internal/models/installation_report.py', reloading
 * Detected change in '/root/repo/tensile-search-with-strands/api/venv_api/lib/python3.12/site-packages/pip/_internal/models/link.py', reloading
 * Detected change in '/root/repo/tensile-search-with-strands/api/venv_api/lib/python3.12/site-packages/pip/_internal/models/scheme.py', reloading
 * Detected change in '/root/repo/tensile-search-with-strands/api/venv_api/lib/python3.12/site-packages/pip/_internal/models/search_scope.py', reloading
 * Detected change in '/root/repo/tensile-search-with-strands/api/venv_api/lib/python3.12/site-packages/pip/_internal/models/selection_prefs.py', reloading
 * Detected change in '/root/repo/tensile-search-with-strands/api/venv_api/lib/python3.12/site-packages/pip/_internal/models/target_python.py', reloading
 * Detected change in '/root/repo/tensile-search-with-strands/api/venv_api/lib/python3.12/site-packages/pip/_internal/models/wheel.py', reloading
 * Detected change in '/root/repo/tensile-search-with-strands/api/venv_api/lib/python3.12/site-packages/pip/_internal/network/__init__.py', reloading
 * Detected change in '/root/repo/tensile-search-with-strands/api/venv_api/lib/python3.12/site-packages/pip/_internal/network/auth.py', reloading
 * Detected change in '/root/repo/tensile-search-with-strands/api/venv_api/lib/python3.12/site-packages/pip/_internal/network/cache.py', reloading
 * Detected change in '/root/repo/tensile-search-with-strands/api/venv_api/lib/python3.12/site-packages/pip/_internal/network/download.py', reloading
 * Detected change in '/root/repo/tensile-search-with-strands/api/venv_api/lib/python3.12/site-packages/pip/_internal/network/lazy_wheel.py', reloading
 * Detected change in '/root/repo/tensile-search-with-strands/api/venv_api/lib/python3.12/site-packages/pip/_internal/network/session.py', reloading
 * Detected change in '/root/repo/tensile-search-with-strands/api/venv_api/lib/python3.12/site-packages/pip/_internal/network/utils.py', reloading
 * Detected change in '/root/repo/tensile-search-with-strands/api/venv_api/lib/python3.12/site-packages/pip/_internal/network/xmlrpc.py', reloading
 * Detected change in '/root/repo/tensile-search-with-strands/api/venv_api/lib/python3.12/site-packages/pip/_internal/operations/build/build_tracker.py', reloading
 * Detected change in '/root/repo/tensile-search-with-strands/api/venv_api/lib/python3.12/site-packages/pip/_internal/operations/build/metadata.py', reloading
 * Detected change in '/root/repo/tensile-search-with-strands/api/venv_api/lib/python3.12/site-packages/pip/_internal/operations/build/metadata_editable.py', reloading
 * Detected change in '/root/repo/tensile-search-with-strands/api/venv_api/lib/python3.12/site-packages/pip/_internal/operations/build/metadata_legacy.py', reloading
 * Detected change in '/root/repo/tensile-search-with-strands/api/venv_api/lib/python3.12/site-packages/pip/_internal/operations/build/wheel.py', reloading
 * Detected change in '/root/repo/tensile-search-with-strands/api/venv_api/lib/python3.12/site-packages/pip/_internal/operations/build/wheel_editable.py', reloading
 * Detected change in '/root/repo/tensile-search-with-strands/api/venv_api/lib/python3.12/site-packages/pip/_internal/operations/build/wheel_legacy.py', reloading
 * Detected change in '/root/repo/tensile-search-with-strands/api/venv_api/lib/python3.12/site-packages/pip/_internal/operations/check.py', reloading
 * Detected change in '/root/repo/tensile-search-with-strands/api/venv_api/lib/python3.12/site-packages/pip/_internal/operations/freeze.py', reloading
 * Detected change in '/root/repo/tensile-search-with-strands/api/venv_api/lib/python3.12/site-packages/pip/_internal/operations/install/__init__.py', reloading
 * Detected change in '/root/repo/tensile-search-with-strands/api/venv_api/lib/python3.12/site-packages/pip/_internal/operations/install/editable_legacy.py', reloading
 * Detected change in '/root/repo/tensile-search-with-strands/api/venv_api/lib/python3.12/site-packages/pip/_internal/operations/install/wheel.py', reloading
 * Detected change in '/root/repo/tensile-search-with-strands/api/venv_api/lib/python3.12/site-packages/pip/_internal/operations/prepare.py', reloading
 * Detected change in '/root/repo/tensile-search-with-strands/api/venv_api/lib/python3.12/site-packages/pip/_internal/pyproject.py', reloading
 * Detected change in '/root/repo/tensile-search-with-strands/api/venv_api/lib/python3.12/site-packages/pip/_internal/req/__init__.py', reloading
 * Detected change in '/root/repo/tensile-search-with-strands/api/venv_api/lib/python3.12/site-packages/pip/_internal/req/constructors.py', reloading
 * Detected change in '/root/repo/tensile-search-with-strands/api/venv_api/lib/python3.12/site-packages/pip/_internal/req/req_file.py', reloading
 * Detected change in '/root/repo/tensile-search-with-strands/api/venv_api/lib/python3.12/site-packages/pip/_internal/req/req_install.py', reloading
 * Detected change in '/root/repo/tensile-search-with-strands/api/venv_api/lib/python3.12/site-packages/pip/_internal/req/req_set.py', reloading
 * Detected change in '/root/repo/tensile-search-with-strands/api/venv_api/lib/python3.12/site-packages/pip/_internal/req/req_uninstall.py', reloading
 * Detected change in '/root/repo/tensile-search-with-strands/api/venv_api/lib/python3.12/site-packages/pip/_internal/resolution/base.py', reloading
 * Detected change in '/root/repo/tensile-search-with-strands/api/venv_api/lib/python3.12/site-packages/pip/_internal/resolution/legacy/resolver.py', reloading
 * Detected change in '/root/repo/tensile-search-with-strands/api/venv_api/lib/python3.12/site-packages/pip/_internal/resolution/resolvelib/base.py', reloading
 * Detected change in '/root/repo/tensile-search-with-strands/api/venv_api/lib/python3.12/site-packages/pip/_internal/resolution/resolvelib/candidates.py', reloading
 * Detected change in '/root/repo/tensile-search-with-strands/api/venv_api/lib/python3.12/site-packages/pip/_internal/resolution/resolvelib/factory.py', reloading
 * Detected change in '/root/repo/tensile-search-with-strands/api/venv_api/lib/python3.12/site-packages/pip/_internal/resolution/resolvelib/found_candidates.py', reloading
 * Detected change in '/root/repo/tensile-search-with-strands/api/venv_api/lib/python3.12/site-packages/pip/_internal/resolution/resolvelib/provider.py', reloading
 * Detected change in '/root/repo/tensile-search-with-strands/api/venv_api/lib/python3.12/site-packages/pip/_internal/resolution/resolvelib/reporter.py', reloading
 * Detected change in '/root/repo/tensile-search-with-strands/api/venv_api/lib/python3.12/site-packages/pip/_internal/resolution/resolvelib/requirements.py', reloading
 * Detected change in '/root/repo/tensile-search-with-strands/api/venv_api/lib/python3.12/site-packages/pip/_internal/resolution/resolvelib/resolver.py', reloading
 * Detected change in '/root/repo/tensile-search-with-strands/api/venv_api/lib/python3.12/site-packages/pip/_internal/self_outdated_check.py', reloading
 * Detected change in '/root/repo/tensile-search-with-strands/api/venv_api/lib/python3.12/site-packages/pip/_internal/utils/_jaraco_text.py', reloading
 * Detected change in '/root/repo/tensile-search-with-strands/api/venv_api/lib/python3.12/site-packages/pip/_internal/utils/_log.py', reloading
 * Detected change in '/root/repo/tensile-search-with-strands/api/venv_api/lib/python3.12/site-packages/pip/_internal/utils/appdirs.py', reloading
 * Detected change in '/root/repo/tensile-search-with-strands/api/venv_api/lib/python3.12/site-packages/pip/_internal/utils/compat.py', reloading
 * Detected change in '/root/repo/tensile-search-with-strands/api/venv_api/lib/python3.12/site-packages/pip/_internal/utils/compatibility_tags.py', reloading
 * Detected change in '/root/repo/tensile-search-with-strands/api/venv_api/lib/python3.12/site-packages/pip/_internal/utils/datetime.py', reloading
 * Detected change in '/root/repo/tensile-search-with-strands/api/venv_api/lib/python3.12/site-packages/pip/_internal/utils/deprecation.py', reloading
 * Detected change in '/root/repo/tensile-search-with-strands/api/venv_api/lib/python3.12/site-packages/pip/_internal/utils/direct_url_helpers.py', reloading
 * Detected change in '/root/repo/tensile-search-with-strands/api/venv_api/lib/python3.12/site-packages/pip/_internal/utils/egg_link.py', reloading
 * Detected change in '/root/repo/tensile-search-with-strands/api/venv_api/lib/python3.12/site-packages/pip/_internal/utils/encoding.py', reloading
 * Detected change in '/root/repo/tensile-search-with-strands/api/venv_api/lib/python3.12/site-packages/pip/_internal/utils/entrypoints.py', reloading
 * Detected change in '/root/repo/tensile-search-with-strands/api/venv_api/lib/python3.12/site-packages/pip/_internal/utils/filesystem.py', reloading
 * Detected change in '/root/repo/tensile-search-with-strands/api/venv_api/lib/python3.12/site-packages/pip/_internal/utils/filetypes.py', reloading
 * Detected change in '/root/repo/tensile-search-with-strands/api/venv_api/lib/python3.12/site-packages/pip/_internal/utils/glibc.py', reloading
 * Detected change in '/root/repo/tensile-search-with-strands/api/venv_api/lib/python3.12/site-packages/pip/_internal/utils/hashes.py', reloading
 * Detected change in '/root/repo/tensile-search-with-strands/api/venv_api/lib/python3.12/site-packages/pip/_internal/utils/logging.py', reloading
 * Detected change in '/root/repo/tensile-search-with-strands/api/venv_api/lib/python3.12/site-packages/pip/_internal/utils/misc.py', reloading
 * Detected change in '/root/repo/tensile-search-with-strands/api/venv_api/lib/python3.12/site-packages/pip/_internal/utils/models.py', reloading
 * Detected change in '/root/repo/tensile-search-with-strands/api/venv_api/lib/python3.12/site-packages/pip/_internal/utils/packaging.py', reloading
 * Detected change in '/root/repo/tensile-search-with-strands/api/venv_api/lib/python3.12/site-packages/pip/_internal/utils/setuptools_build.py', reloading
 * Detected change in '/root/repo/tensile-search-with-strands/api/venv_api/lib/python3.12/site-packages/pip/_internal/utils/subprocess.py', reloading
 * Detected change in '/root/repo/tensile-search-with-strands/api/venv_api/lib/python3.12/site-packages/pip/_internal/utils/temp_dir.py', reloading
 * Detected change in '/root/repo/tensile-search-with-strands/api/venv_api/lib/python3.12/site-packages/pip/_internal/utils/unpacking.py', reloading
 * Detected change in '/root/repo/tensile-search-with-strands/api/venv_api/lib/python3.12/site-packages/pip/_internal/utils/urls.py', reloading
 * Detected change in '/root/repo/tensile-search-with-strands/api/venv_api/lib/python3.12/site-packages/pip/_internal/utils/virtualenv.py', reloading
 * Detected change in '/root/repo/tensile-search-with-strands/api/venv_api/lib/python3.12/site-packages/pip/_internal/utils/wheel.py', reloading
 * Detected change in '/root/repo/tensile-search-with-strands/api/venv_api/lib/python3.12/site-packages/pip/_internal/vcs/__init__.py', reloading
 * Detected change in '/root/repo/tensile-search-with-strands/api/venv_api/lib/python3.12/site-packages/pip/_internal/vcs/bazaar.py', reloading
 * Detected change in '/root/repo/tensile-search-with-strands/api/venv_api/lib/python3.12/site-packages/pip/_internal/vcs/git.py', reloading
 * Detected change in '/root/repo/tensile-search-with-strands/api/venv_api/lib/python3.12/site-packages/pip/_internal/vcs/mercurial.py', reloading
 * Detected change in '/root/repo/tensile-search-with-strands/api/venv_api/lib/python3.12/site-packages/pip/_internal/vcs/subversion.py', reloading
 * Detected change in '/root/repo/tensile-search-with-strands/api/venv_api/lib/python3.12/site-packages/pip/_internal/vcs/versioncontrol.py', reloading
 * Detected change in '/root/repo/tensile-search-with-strands/api/venv_api/lib/python3.12/site-packages/pip/_internal/wheel_builder.py', reloading
 * Detected change in '/root/repo/tensile-search-with-strands/api/venv_api/lib/python3.12/site-packages/pip/_vendor/__init__.py', reloading
 * Detected change in '/root/repo/tensile-search-with-strands/api/venv_api/lib/python3.12/site-packages/pip/_vendor/cachecontrol/__init__.py', reloading
 * Detected change in '/root/repo/tensile-search-with-strands/api/venv_api/lib/python3.12/site-packages/pip/_vendor/cachecontrol/_cmd.py', reloading
 * Detected change in '/root/repo/tensile-search-with-strands/api/venv_api/lib/python3.12/site-packages/pip/_vendor/cachecontrol/adapter.py', reloading
 * Detected change in '/root/repo/tensile-search-with-strands/api/venv_api/lib/python3.12/site-packages/pip/_vendor/cachecontrol/cache.py', reloading
 * Detected change in '/root/repo/tensile-search-with-strands/api/venv_api/lib/python3.12/site-packages/pip/_vendor/cachecontrol/caches/__init__.py', reloading
 * Detected change in '/root/repo/tensile-search-with-strands/api/venv_api/lib/python3.12/site-packages/pip/_vendor/cachecontrol/caches/file_cache.py', reloading
 * Detected change in '/root/repo/tensile-search-with-strands/api/venv_api/lib/python3.12/site-packages/pip/_vendor/cachecontrol/caches/redis_cache.py', reloading
 * Detected change in '/root/repo/tensile-search-with-strands/api/venv_api/lib/python3.12/site-packages/pip/_vendor/cachecontrol/controller.py', reloading
 * Detected change in '/root/repo/tensile-search-with-strands/api/venv_api/lib/python3.12/site-packages/pip/_vendor/cachecontrol/filewrapper.py', reloading
 * Detected change in '/root/repo/tensile-search-with-strands/api/venv_api/lib/python3.12/site-packages/pip/_vendor/cachecontrol/heuristics.py', reloading
 * Detected change in '/root/repo/tensile-search-with-strands/api/venv_api/lib/python3.12/site-packages/pip/_vendor/cachecontrol/serialize.py', reloading
 * Detected change in '/root/repo/tensile-search-with-strands/api/venv_api/lib/python3.12/site-packages/pip/_vendor/cachecontrol/wrapper.py', reloading
 * Detected change in '/root/repo/tensile-search-with-strands/api/venv_api/lib/python3.12/site-packages/pip/_vendor/certifi/__init__.py', reloading
 * Detected change in '/root/repo/tensile-search-with-strands/api/venv_api/lib/python3.12/site-packages/pip/_vendor/certifi/__main__.py', reloading
 * Detected change in '/root/repo/tensile-search-with-strands/api/venv_api/lib/python3.12/site-packages/pip/_vendor/certifi/core.py', reloading
 * Detected change in '/root/repo/tensile-search-with-strands/api/venv_api/lib/python3.12/site-packages/pip/_vendor/chardet/__init__.py', reloading
 * Detected change in '/root/repo/tensile-search-with-strands/api/venv_api/lib/python3.12/site-packages/pip/_vendor/chardet/big5freq.py', reloading
 * Detected change in '/root/repo/tensile-search-with-strands/api/venv_api/lib/python3.12/site-packages/pip/_vendor/chardet/big5prober.py', reloading
 * Detected change in '/root/repo/tensile-search-with-strands/api/venv_api/lib/python3.12/site-packages/pip/_vendor/chardet/chardistribution.py', reloading
 * Detected change in '/root/repo/tensile-search-with-strands/api/venv_api/lib/python3.12/site-packages/pip/_vendor/chardet/charsetgroupprober.py', reloading
 * Detected change in '/root/repo/tensile-search-with-strands/api/venv_api/lib/python3.12/site-packages/pip/_vendor/chardet/charsetprober.py', reloading
 * Detected change in '/root/repo/tensile-search-with-strands/api/venv_api/lib/python3.12/site-packages/pip/_vendor/chardet/cli/chardetect.py', reloading
 * Detected change in '/root/repo/tensile-search-with-strands/api/venv_api/lib/python3.12/site-packages/pip/_vendor/chardet/codingstatemachine.py', reloading
 * Detected change in '/root/repo/tensile-search-with-strands/api/venv_api/lib/python3.12/site-packages/pip/_vendor/chardet/codingstatemachinedict.py', reloading
 * Detected change in '/root/repo/tensile-search-with-strands/api/venv_api/lib/python3.12/site-packages/pip/_vendor/chardet/cp949prober.py', reloading
 * Detected change in '/root/repo/tensile-search-with-strands/api/venv_api/lib/python3.12/site-packages/pip/_vendor/chardet/enums.py', reloading
 * Detected change in '/root/repo/tensile-search-with-strands/api/venv_api/lib/python3.12/site-packages/pip/_vendor/chardet/escprober.py', reloading
 * Detected change in '/root/repo/tensile-search-with-strands/api/venv_api/lib/python3.12/site-packages/pip/_vendor/chardet/escsm.py', reloading
 * Detected change in '/root/repo/tensile-search-with-strands/api/venv_api/lib/python3.12/site-packages/pip/_vendor/chardet/eucjpprober.py', reloading
 * Detected change in '/root/repo/tensile-search-with-strands/api/venv_api/lib/python3.12/site-packages/pip/_vendor/chardet/euckrfreq.py', reloading
 * Detected change in '/root/repo/tensile-search-with-strands/api/venv_api/lib/python3.12/site-packages/pip/_vendor/chardet/euckrprober.py', reloading
 * Detected change in '/root/repo/tensile-search-with-strands/api/venv_api/lib/python3.12/site-packages/pip/_vendor/chardet/euctwfreq.py', reloading
 * Detected change in '/root/repo/tensile-search-with-strands/api/venv_api/lib/python3.12/site-packages/pip/_vendor/chardet/euctwprober.py', reloading
 * Detected change in '/root/repo/tensile-search-with-strands/api/venv_api/lib/python3.12/site-packages/pip/_vendor/chardet/gb2312freq.py', reloading
 * Detected change in '/root/repo/tensile-search-with-strands/api/venv_api/lib/python3.12/site-packages/pip/_vendor/chardet/gb2312prober.py', reloading
 * Detected change in '/root/repo/tensile-search-with-strands/api/venv_api/lib/python3.12/site-packages/pip/_vendor/chardet/hebrewprober.py', reloading
 * Detected change in '/root/repo/tensile-search-with-strands/api/venv_api/lib/python3.12/site-packages/pip/_vendor/chardet/jisfreq.py', reloading
 * Detected change in '/root/repo/tensile-search-with-strands/api/venv_api/lib/python3.12/site-packages/pip/_vendor/chardet/johabfreq.py', reloading
 * Detected change in '/root/repo/tensile-search-with-strands/api/venv_api/lib/python3.12/site-packages/pip/_vendor/chardet/johabprober.py', reloading
 * Detected change in '/root/repo/tensile-search-with-strands/api/venv_api/lib/python3.12/site-packages/pip/_vendor/chardet/jpcntx.py', reloading
 * Detected change in '/root/repo/tensile-search-with-strands/api/venv_api/lib/python3.12/site-packages/pip/_vendor/chardet/langbulgarianmodel.py', reloading
 * Detected change in '/root/repo/tensile-search-with-strands/api/venv_api/lib/python3.12/site-packages/pip/_vendor/chardet/langgreekmodel.py', reloading
 * Detected change in '/root/repo/tensile-search-with-strands/api/venv_api/lib/python3.12/site-packages/pip/_vendor/chardet/langhebrewmodel.py', reloading
 * Detected change in '/root/repo/tensile-search-with-strands/api/venv_api/lib/python3.12/site-packages/pip/_vendor/chardet/langhungarianmodel.py', reloading
 * Detected change in '/root/repo/tensile-search-with-strands/api/venv_api/lib/python3.12/site-packages/pip/_vendor/chardet/langrussianmodel.py', reloading
 * Detected change in '/root/repo/tensile-search-with-strands/api/venv_api/lib/python3.12/site-packages/pip/_vendor/chardet/langthaimodel.py', reloading
 * Detected change in '/root/repo/tensile-search-with-strands/api/venv_api/lib/python3.12/site-packages/pip/_vendor/chardet/langturkishmodel.py', reloading
 * Detected change in '/root/repo/tensile-search-with-strands/api/venv_api/lib/python3.12/site-packages/pip/_vendor/chardet/latin1prober.py', reloading
 * Detected change in '/root/repo/tensile-search-with-strands/api/venv_api/lib/python3.12/site-packages/pip/_vendor/chardet/macromanprober.py', reloading
 * Detected change in '/root/repo/tensile-search-with-strands/api/venv_api/lib/python3.12/site-packages/pip/_vendor/chardet/mbcharsetprober.py', reloading
 * Detected change in '/root/repo/tensile-search-with-strands/api/venv_api/lib/python3.12/site-packages/pip/_vendor/chardet/mbcsgroupprober.py', reloading
 * Detected change in '/root/repo/tensile-search-with-strands/api/venv_api/lib/python3.12/site-packages/pip/_vendor/chardet/mbcssm.py', reloading
 * Detected change in '/root/repo/tensile-search-with-strands/api/venv_api/lib/python3.12/site-packages/pip/_vendor/chardet/metadata/languages.py', reloading
 * Detected change in '/root/repo/tensile-search-with-strands/api/venv_api/lib/python3.12/site-packages/pip/_vendor/chardet/resultdict.py', reloading
 * Detected change in '/root/repo/tensile-search-with-strands/api/venv_api/lib/python3.12/site-packages/pip/_vendor/chardet/sbcharsetprober.py', reloading
 * Detected change in '/root/repo/tensile-search-with-strands/api/venv_api/lib/python3.12/site-packages/pip/_vendor/chardet/sbcsgroupprober.py', reloading
 * Detected change in '/root/repo/tensile-search-with-strands/api/venv_api/lib/python3.12/site-packages/pip/_vendor/chardet/sjisprober.py', reloading
 * Detected change in '/root/repo/tensile-search-with-strands/api/venv_api/lib/python3.12/site-packages/pip/_vendor/chardet/universaldetector.py', reloading
 * Detected change in '/root/repo/tensile-search-with-strands/api/venv_api/lib/python3.12/site-packages/pip/_vendor/chardet/utf1632prober.py', reloading
 * Detected change in '/root/repo/tensile-search-with-strands/api/venv_api/lib/python3.12/site-packages/pip/_vendor/chardet/utf8prober.py', reloading
 * Detected change in '/root/repo/tensile-search-with-strands/api/venv_api/lib/python3.12/site-packages/pip/_vendor/chardet/version.py', reloading
 * Detected change in '/root/repo/tensile-search-with-strands/api/venv_api/lib/python3.12/site-packages/pip/_vendor/colorama/__init__.py', reloading
 * Detected change in '/root/repo/tensile-search-with-strands/api/venv_api/lib/python3.12/site-packages/pip/_vendor/colorama/ansi.py', reloading
 * Detected change in '/root/repo/tensile-search-with-strands/api/venv_api/lib/python3.12/site-packages/pip/_vendor/colorama/ansitowin32.py', reloading
 * Detected change in '/root/repo/tensile-search-with-strands/api/venv_api/lib/python3.12/site-packages/pip/_vendor/colorama/initialise.py', reloading
 * Detected change in '/root/repo/tensile-search-with-strands/api/venv_api/lib/python3.12/site-packages/pip/_vendor/colorama/tests/__init__.py', reloading
 * Detected change in '/root/repo/tensile-search-with-strands/api/venv_api/lib/python3.12/site-packages/pip/_vendor/colorama/tests/ansi_test.py', reloading
 * Detected change in '/root/repo/tensile-search-with-strands/api/venv_api/lib/python3.12/site-packages/pip/_vendor/colorama/tests/ansitowin32_test.py', reloading
 * Detected change in '/root/repo/tensile-search-with-strands/api/venv_api/lib/python3.12/site-packages/pip/_vendor/colorama/tests/initialise_test.py', reloading
 * Detected change in '/root/repo/tensile-search-with-strands/api/venv_api/lib/python3.12/site-packages/pip/_vendor/colorama/tests/isatty_test.py', reloading
 * Detected change in '/root/repo/tensile-search-with-strands/api/venv_api/lib/python3.12/site-packages/pip/_vendor/colorama/tests/utils.py', reloading
 * Detected change in '/root/repo/tensile-search-with-strands/api/venv_api/lib/python3.12/site-packages/pip/_vendor/colorama/tests/winterm_test.py', reloading
 * Detected change in '/root/repo/tensile-search-with-strands/api/venv_api/lib/python3.12/site-packages/pip/_vendor/colorama/win32.py', reloading
 * Detected change in '/root/repo/tensile-search-with-strands/api/venv_api/lib/python3.12/site-packages/pip/_vendor/colorama/winterm.py', reloading
 * Detected change in '/root/repo/tensile-search-with-strands/api/venv_api/lib/python3.12/site-packages/pip/_vendor/distlib/__init__.py', reloading
 * Detected change in '/root/repo/tensile-search-with-strands/api/venv_api/lib/python3.12/site-packages/pip/_vendor/distlib/compat.py', reloading
 * Detected change in '/root/repo/tensile-search-with-strands/api/venv_api/lib/python3.12/site-packages/pip/_vendor/distlib/database.py', reloading
 * Detected change in '/root/repo/tensile-search-with-strands/api/venv_api/lib/python3.12/site-packages/pip/_vendor/distlib/index.py', reloading
 * Detected change in '/root/repo/tensile-search-with-strands/api/venv_api/lib/python3.12/site-packages/pip/_vendor/distlib/locators.py', reloading
 * Detected change in '/root/repo/tensile-search-with-strands/api/venv_api/lib/python3.12/site-packages/pip/_vendor/distlib/manifest.py', reloading
 * Detected change in '/root/repo/tensile-search-with-strands/api/venv_api/lib/python3.12/site-packages/pip/_vendor/distlib/markers.py', reloading
 * Detected change in '/root/repo/tensile-search-with-strands/api/venv_api/lib/python3.12/site-packages/pip/_vendor/distlib/metadata.py', reloading
 * Detected change in '/root/repo/tensile-search-with-strands/api/venv_api/lib/python3.12/site-packages/pip/_vendor/distlib/resources.py', reloading
 * Detected change in '/root/repo/tensile-search-with-strands/api/venv_api/lib/python3.12/site-packages/pip/_vendor/distlib/scripts.py', reloading
 * Detected change in '/root/repo/tensile-search-with-strands/api/venv_api/lib/python3.12/site-packages/pip/_vendor/distlib/util.py', reloading
 * Detected change in '/root/repo/tensile-search-with-strands/api/venv_api/lib/python3.12/site-packages/pip/_vendor/distlib/version.py', reloading
 * Detected change in '/root/repo/tensile-search-with-strands/api/venv_api/lib/python3.12/site-packages/pip/_vendor/distlib/wheel.py', reloading
 * Detected change in '/root/repo/tensile-search-with-strands/api/venv_api/lib/python3.12/site-packages/pip/_vendor/distro/__init__.py', reloading
 * Detected change in '/root/repo/tensile-search-with-strands/api/venv_api/lib/python3.12/site-packages/pip/_vendor/distro/__main__.py', reloading
 * Detected change in '/root/repo/tensile-search-with-strands/api/venv_api/lib/python3.12/site-packages/pip/_vendor/distro/distro.py', reloading
 * Detected change in '/root/repo/tensile-search-with-strands/api/venv_api/lib/python3.12/site-packages/pip/_vendor/idna/__init__.py', reloading
 * Detected change in '/root/repo/tensile-search-with-strands/api/venv_api/lib/python3.12/site-packages/pip/_vendor/idna/codec.py', reloading
 * Detected change in '/root/repo/tensile-search-with-strands/api/venv_api/lib/python3.12/site-packages/pip/_vendor/idna/compat.py', reloading
 * Detected change in '/root/repo/tensile-search-with-strands/api/venv_api/lib/python3.12/site-packages/pip/_vendor/idna/core.py', reloading
 * Detected change in '/root/repo/tensile-search-with-strands/api/venv_api/lib/python3.12/site-packages/pip/_vendor/idna/idnadata.py', reloading
 * Detected change in '/root/repo/tensile-search-with-strands/api/venv_api/lib/python3.12/site-packages/pip/_vendor/idna/intranges.py', reloading
 * Detected change in '/root/repo/tensile-search-with-strands/api/venv_api/lib/python3.12/site-packages/pip/_vendor/idna/package_data.py', reloading
 * Detected change in '/root/repo/tensile-search-with-strands/api/venv_api/lib/python3.12/site-packages/pip/_vendor/idna/uts46data.py', reloading
 * Detected change in '/root/repo/tensile-search-with-strands/api/venv_api/lib/python3.12/site-packages/pip/_vendor/msgpack/__init__.py', reloading
 * Detected change in '/root/repo/tensile-search-with-strands/api/venv_api/lib/python3.12/site-packages/pip/_vendor/msgpack/exceptions.py', reloading
 * Detected change in '/root/repo/tensile-search-with-strands/api/venv_api/lib/python3.12/site-packages/pip/_vendor/msgpack/ext.py', reloading
 * Detected change in '/root/repo/tensile-search-with-strands/api/venv_api/lib/python3.12/site-packages/pip/_vendor/msgpack/fallback.py', reloading
 * Detected change in '/root/repo/tensile-search-with-strands/api/venv_api/lib/python3.12/site-packages/pip/_vendor/packaging/__about__.py', reloading
 * Detected change in '/root/repo/tensile-search-with-strands/api/venv_api/lib/python3.12/site-packages/pip/_vendor/packaging/__init__.py', reloading
 * Detected change in '/root/repo/tensile-search-with-strands/api/venv_api/lib/python3.12/site-packages/pip/_vendor/packaging/_manylinux.py', reloading
 * Detected change in '/root/repo/tensile-search-with-strands/api/venv_api/lib/python3.12/site-packages/pip/_vendor/packaging/_musllinux.py', reloading
 * Detected change in '/root/repo/tensile-search-with-strands/api/venv_api/lib/python3.12/site-packages/pip/_vendor/packaging/_structures.py', reloading
 * Detected change in '/root/repo/tensile-search-with-strands/api/venv_api/lib/python3.12/site-packages/pip/_vendor/packaging/markers.py', reloading
 * Detected change in '/root/repo/tensile-search-with-strands/api/venv_api/lib/python3.12/site-packages/pip/_vendor/packaging/requirements.py', reloading
 * Detected change in '/root/repo/tensile-search-with-strands/api/venv_api/lib/python3.12/site-packages/pip/_vendor/packaging/specifiers.py', reloading
 * Detected change in '/root/repo/tensile-search-with-strands/api/venv_api/lib/python3.12/site-packages/pip/_vendor/packaging/tags.py', reloading
 * Detected change in '/root/repo/tensile-search-with-strands/api/venv_api/lib/python3.12/site-packages/pip/_vendor/packaging/utils.py', reloading
 * Detected change in '/root/repo/tensile-search-with-strands/api/venv_api/lib/python3.12/site-packages/pip/_vendor/packaging/version.py', reloading
 * Detected change in '/root/repo/tensile-search-with-strands/api/venv_api/lib/python3.12/site-packages/pip/_vendor/pkg_resources/__init__.py', reloading
 * Detected change in '/root/repo/tensile-search-with-strands/api/venv_api/lib/python3.12/site-packages/pip/_vendor/platformdirs/__init__.py', reloading
 * Detected change in '/root/repo/tensile-search-with-strands/api/venv_api/lib/python3.12/site-packages/pip/_vendor/platformdirs/__main__.py', reloading
 * Detected change in '/root/repo/tensile-search-with-strands/api/venv_api/lib/python3.12/site-packages/pip/_vendor/platformdirs/android.py', reloading
 * Detected change in '/root/repo/tensile-search-with-strands/api/venv_api/lib/python3.12/site-packages/pip/_vendor/platformdirs/api.py', reloading
 * Detected change in '/root/repo/tensile-search-with-strands/api/venv_api/lib/python3.12/site-packages/pip/_vendor/platformdirs/macos.py', reloading
 * Detected change in '/root/repo/tensile-search-with-strands/api/venv_api/lib/python3.12/site-packages/pip/_vendor/platformdirs/unix.py', reloading
 * Detected change in '/root/repo/tensile-search-with-strands/api/venv_api/lib/python3.12/site-packages/pip/_vendor/platformdirs/version.py', reloading
 * Detected change in '/root/repo/tensile-search-with-strands/api/venv_api/lib/python3.12/site-packages/pip/_vendor/platformdirs/windows.py', reloading
 * Detected change in '/root/repo/tensile-search-with-strands/api/venv_api/lib/python3.12/site-packages/pip/_vendor/pygments/__init__.py', reloading
 * Detected change in '/root/repo/tensile-search-with-strands/api/venv_api/lib/python3.12/site-packages/pip/_vendor/pygments/__main__.py', reloading
 * Detected change in '/root/repo/tensile-search-with-strands/api/venv_api/lib/python3.12/site-packages/pip/_vendor/pygments/cmdline.py', reloading
 * Detected change in '/root/repo/tensile-search-with-strands/api/venv_api/lib/python3.12/site-packages/pip/_vendor/pygments/console.py', reloading
 * Detected change in '/root/repo/tensile-search-with-strands/api/venv_api/lib/python3.12/site-packages/pip/_vendor/pygments/filter.py', reloading
 * Detected change in '/root/repo/tensile-search-with-strands/api/venv_api/lib/python3.12/site-packages/pip/_vendor/pygments/filters/__init__.py', reloading
 * Detected change in '/root/repo/tensile-search-with-strands/api/venv_api/lib/python3.12/site-packages/pip/_vendor/pygments/formatter.py', reloading
 * Detected change in '/root/repo/tensile-search-with-strands/api/venv_api/lib/python3.12/site-packages/pip/_vendor/pygments/formatters/__init__.py', reloading
 * Detected change in '/root/repo/tensile-search-with-strands/api/venv_api/lib/python3.12/site-packages/pip/_vendor/pygments/formatters/_mapping.py', reloading
 * Detected change in '/root/repo/tensile-search-with-strands/api/venv_api/lib/python3.12/site-packages/pip/_vendor/pygments/formatters/bbcode.py', reloading
 * Detected change in '/root/repo/tensile-search-with-strands/api/venv_api/lib/python3.12/site-packages/pip/_vendor/pygments/formatters/groff.py', reloading
 * Detected change in '/root/repo/tensile-search-with-strands/api/venv_api/lib/python3.12/site-packages/pip/_vendor/pygments/formatters/html.py', reloading
 * Detected change in '/root/repo/tensile-search-with-strands/api/venv_api/lib/python3.12/site-packages/pip/_vendor/pygments/formatters/img.py', reloading
 * Detected change in '/root/repo/tensile-search-with-strands/api/venv_api/lib/python3.12/site-packages/pip/_vendor/pygments/formatters/irc.py', reloading
 * Detected change in '/root/repo/tensile-search-with-strands/api/venv_api/lib/python3.12/site-packages/pip/_vendor/pygments/formatters/latex.py', reloading
 * Detected change in '/root/repo/tensile-search-with-strands/api/venv_api/lib/python3.12/site-packages/pip/_vendor/pygments/formatters/other.py', reloading
 * Detected change in '/root/repo/tensile-search-with-strands/api/venv_api/lib/python3.12/site-packages/pip/_vendor/pygments/formatters/pangomarkup.py', reloading
 * Detected change in '/root/repo/tensile-search-with-strands/api/venv_api/lib/python3.12/site-packages/pip/_vendor/pygments/formatters/rtf.py', reloading
 * Detected change in '/root/repo/tensile-search-with-strands/api/venv_api/lib/python3.12/site-packages/pip/_vendor/pygments/formatters/svg.py', reloading
 * Detected change in '/root/repo/tensile-search-with-strands/api/venv_api/lib/python3.12/site-packages/pip/_vendor/pygments/formatters/terminal.py', reloading
 * Detected change in '/root/repo/tensile-search-with-strands/api/venv_api/lib/python3.12/site-packages/pip/_vendor/pygments/formatters/terminal256.py', reloading
 * Detected change in '/root/repo/tensile-search-with-strands/api/venv_api/lib/python3.12/site-packages/pip/_vendor/pygments/lexer.py', reloading
 * Detected change in '/root/repo/tensile-search-with-strands/api/venv_api/lib/python3.12/site-packages/pip/_vendor/pygments/lexers/__init__.py', reloading
 * Detected change in '/root/repo/tensile-search-with-strands/api/venv_api/lib/python3.12/site-packages/pip/_vendor/pygments/lexers/_mapping.py', reloading
 * Detected change in '/root/repo/tensile-search-with-strands/api/venv_api/lib/python3.12/site-packages/pip/_vendor/pygments/lexers/python.py', reloading
 * Detected change in '/root/repo/tensile-search-with-strands/api/venv_api/lib/python3.12/site-packages/pip/_vendor/pygments/modeline.py', reloading
 * Detected change in '/root/repo/tensile-search-with-strands/api/venv_api/lib/python3.12/site-packages/pip/_vendor/pygments/plugin.py', reloading
 * Detected change in '/root/repo/tensile-search-with-strands/api/venv_api/lib/python3.12/site-packages/pip/_vendor/pygments/regexopt.py', reloading
 * Detected change in '/root/repo/tensile-search-with-strands/api/venv_api/lib/python3.12/site-packages/pip/_vendor/pygments/scanner.py', reloading
 * Detected change in '/root/repo/tensile-search-with-strands/api/venv_api/lib/python3.12/site-packages/pip/_vendor/pygments/sphinxext.py', reloading
 * Detected change in '/root/repo/tensile-search-with-strands/api/venv_api/lib/python3.12/site-packages/pip/_vendor/pygments/style.py', reloading
 * Detected change in '/root/repo/tensile-search-with-strands/api/venv_api/lib/python3.12/site-packages/pip/_vendor/pygments/styles/__init__.py', reloading
 * Detected change in '/root/repo/tensile-search-with-strands/api/venv_api/lib/python3.12/site-packages/pip/_vendor/pygments/token.py', reloading
 * Detected change in '/root/repo/tensile-search-with-strands/api/venv_api/lib/python3.12/site-packages/pip/_vendor/pygments/unistring.py', reloading
 * Detected change in '/root/repo/tensile-search-with-strands/api/venv_api/lib/python3.12/site-packages/pip/_vendor/pygments/util.py', reloading
 * Detected change in '/root/repo/tensile-search-with-strands/api/venv_api/lib/python3.12/site-packages/pip/_vendor/pyparsing/__init__.py', reloading
 * Detected change in '/root/repo/tensile-search-with-strands/api/venv_api/lib/python3.12/site-packages/pip/_vendor/pyparsing/actions.py', reloading
 * Detected change in '/root/repo/tensile-search-with-strands/api/venv_api/lib/python3.12/site-packages/pip/_vendor/pyparsing/common.py', reloading
 * Detected change in '/root/repo/tensile-search-with-strands/api/venv_api/lib/python3.12/site-packages/pip/_vendor/pyparsing/core.py', reloading
 * Detected change in '/root/repo/tensile-search-with-strands/api/venv_api/lib/python3.12/site-packages/pip/_vendor/pyparsing/diagram/__init__.py', reloading
 * Detected change in '/root/repo/tensile-search-with-strands/api/venv_api/lib/python3.12/site-packages/pip/_vendor/pyparsing/exceptions.py', reloading
 * Detected change in '/root/repo/tensile-search-with-strands/api/venv_api/lib/python3.12/site-packages/pip/_vendor/pyparsing/helpers.py', reloading
 * Detected change in '/root/repo/tensile-search-with-strands/api/venv_api/lib/python3.12/site-packages/pip/_vendor/pyparsing/results.py', reloading
 * Detected change in '/root/repo/tensile-search-with-strands/api/venv_api/lib/python3.12/site-packages/pip/_vendor/pyparsing/testing.py', reloading
 * Detected change in '/root/repo/tensile-search-with-strands/api/venv_api/lib/python3.12/site-packages/pip/_vendor/pyparsing/unicode.py', reloading
 * Detected change in '/root/repo/tensile-search-with-strands/api/venv_api/lib/python3.12/site-packages/pip/_vendor/pyparsing/util.py', reloading
 * Detected change in '/root/repo/tensile-search-with-strands/api/venv_api/lib/python3.12/site-packages/pip/_vendor/pyproject_hooks/__init__.py', reloading
 * Detected change in '/root/repo/tensile-search-with-strands/api/venv_api/lib/python3.12/site-packages/pip/_vendor/pyproject_hooks/_compat.py', reloading
 * Detected change in '/root/repo/tensile-search-with-strands/api/venv_api/lib/python3.12/site-packages/pip/_vendor/pyproject_hooks/_impl.py', reloading
 * Detected change in '/root/repo/tensile-search-with-strands/api/venv_api/lib/python3.12/site-packages/pip/_vendor/pyproject_hooks/_in_process/__init__.py', reloading
 * Detected change in '/root/repo/tensile-search-with-strands/api/venv_api/lib/python3.12/site-packages/pip/_vendor/pyproject_hooks/_in_process/_in_process.py', reloading
 * Detected change in '/root/repo/tensile-search-with-strands/api/venv_api/lib/python3.12/site-packages/pip/_vendor/requests/__init__.py', reloading
 * Detected change in '/root/repo/tensile-search-with-strands/api/venv_api/lib/python3.12/site-packages/pip/_vendor/requests/__version__.py', reloading
 * Detected change in '/root/repo/tensile-search-with-strands/api/venv_api/lib/python3.12/site-packages/pip/_vendor/requests/_internal_utils.py', reloading
 * Detected change in '/root/repo/tensile-search-with-strands/api/venv_api/lib/python3.12/site-packages/pip/_vendor/requests/adapters.py', reloading
 * Detected change in '/root/repo/tensile-search-with-strands/api/venv_api/lib/python3.12/site-packages/pip/_vendor/requests/api.py', reloading
 * Detected change in '/root/repo/tensile-search-with-strands/api/venv_api/lib/python3.12/site-packages/pip/_vendor/requests/auth.py', reloading
 * Detected change in '/root/repo/tensile-search-with-strands/api/venv_api/lib/python3.12/site-packages/pip/_vendor/requests/certs.py', reloading
 * Detected change in '/root/repo/tensile-search-with-strands/api/venv_api/lib/python3.12/site-packages/pip/_vendor/requests/compat.py', reloading
 * Detected change in '/root/repo/tensile-search-with-strands/api/venv_api/lib/python3.12/site-packages/pip/_vendor/requests/cookies.py', reloading
 * Detected change in '/root/repo/tensile-search-with-strands/api/venv_api/lib/python3.12/site-packages/pip/_vendor/requests/exceptions.py', reloading
 * Detected change in '/root/repo/tensile-search-with-strands/api/venv_api/lib/python3.12/site-packages/pip/_vendor/requests/help.py', reloading
 * Detected change in '/root/repo/tensile-search-with-strands/api/venv_api/lib/python3.12/site-packages/pip/_vendor/requests/hooks.py', reloading
 * Detected change in '/root/repo/tensile-search-with-strands/api/venv_api/lib/python3.12/site-packages/pip/_vendor/requests/models.py', reloading
 * Detected change in '/root/repo/tensile-search-with-strands/api/venv_api/lib/python3.12/site-packages/pip/_vendor/requests/packages.py', reloading
 * Detected change in '/root/repo/tensile-search-with-strands/api/venv_api/lib/python3.12/site-packages/pip/_vendor/requests/sessions.py', reloading
 * Detected change in '/root/repo/tensile-search-with-strands/api/venv_api/lib/python3.12/site-packages/pip/_vendor/requests/status_codes.py', reloading
 * Detected change in '/root/repo/tensile-search-with-strands/api/venv_api/lib/python3.12/site-packages/pip/_vendor/requests/structures.py', reloading
 * Detected change in '/root/repo/tensile-search-with-strands/api/venv_api/lib/python3.12/site-packages/pip/_vendor/requests/utils.py', reloading
 * Detected change in '/root/repo/tensile-search-with-strands/api/venv_api/lib/python3.12/site-packages/pip/_vendor/resolvelib/__init__.py', reloading
 * Detected change in '/root/repo/tensile-search-with-strands/api/venv_api/lib/python3.12/site-packages/pip/_vendor/resolvelib/compat/collections_abc.py', reloading
 * Detected change in '/root/repo/tensile-search-with-strands/api/venv_api/lib/python3.12/site-packages/pip/_vendor/resolvelib/providers.py', reloading
 * Detected change in '/root/repo/tensile-search-with-strands/api/venv_api/lib/python3.12/site-packages/pip/_vendor/resolvelib/reporters.py', reloading
 * Detected change in '/root/repo/tensile-search-with-strands/api/venv_api/lib/python3.12/site-packages/pip/_vendor/resolvelib/resolvers.py', reloading
 * Detected change in '/root/repo/tensile-search-with-strands/api/venv_api/lib/python3.12/site-packages/pip/_vendor/resolvelib/structs.py', reloading
 * Detected change in '/root/repo/tensile-search-with-strands/api/venv_api/lib/python3.12/site-packages/pip/_vendor/rich/__init__.py', reloading
 * Detected change in '/root/repo/tensile-search-with-strands/api/venv_api/lib/python3.12/site-packages/pip/_vendor/rich/__main__.py', reloading
 * Detected change in '/root/repo/tensile-search-with-strands/api/venv_api/lib/python3.12/site-packages/pip/_vendor/rich/_cell_widths.py', reloading
 * Detected change in '/root/repo/tensile-search-with-strands/api/venv_api/lib/python3.12/site-packages/pip/_vendor/rich/_emoji_codes.py', reloading
 * Detected change in '/root/repo/tensile-search-with-strands/api/venv_api/lib/python3.12/site-packages/pip/_vendor/rich/_emoji_replace.py', reloading
 * Detected change in '/root/repo/tensile-search-with-strands/api/venv_api/lib/python3.12/site-packages/pip/_vendor/rich/_export_format.py', reloading
 * Detected change in '/root/repo/tensile-search-with-strands/api/venv_api/lib/python3.12/site-packages/pip/_vendor/rich/_extension.py', reloading
 * Detected change in '/root/repo/tensile-search-with-strands/api/venv_api/lib/python3.12/site-packages/pip/_vendor/rich/_fileno.py', reloading
 * Detected change in '/root/repo/tensile-search-with-strands/api/venv_api/lib/python3.12/site-packages/pip/_vendor/rich/_inspect.py', reloading
 * Detected change in '/root/repo/tensile-search-with-strands/api/venv_api/lib/python3.12/site-packages/pip/_vendor/rich/_log_render.py', reloading
 * Detected change in '/root/repo/tensile-search-with-strands/api/venv_api/lib/python3.12/site-packages/pip/_vendor/rich/_loop.py', reloading
 * Detected change in '/root/repo/tensile-search-with-strands/api/venv_api/lib/python3.12/site-packages/pip/_vendor/rich/_null_file.py', reloading
 * Detected change in '/root/repo/tensile-search-with-strands/api/venv_api/lib/python3.12/site-packages/pip/_vendor/rich/_palettes.py', reloading
 * Detected change in '/root/repo/tensile-search-with-strands/api/venv_api/lib/python3.12/site-packages/pip/_vendor/rich/_pick.py', reloading
 * Detected change in '/root/repo/tensile-search-with-strands/api/venv_api/lib/python3.12/site-packages/pip/_vendor/rich/_ratio.py', reloading
 * Detected change in '/root/repo/tensile-search-with-strands/api/venv_api/lib/python3.12/site-packages/pip/_vendor/rich/_spinners.py', reloading
 * Detected change in '/root/repo/tensile-search-with-strands/api/venv_api/lib/python3.12/site-packages/pip/_vendor/rich/_stack.py', reloading
 * Detected change in '/root/repo/tensile-search-with-strands/api/venv_api/lib/python3.12/site-packages/pip/_vendor/rich/_timer.py', reloading
 * Detected change in '/root/repo/tensile-search-with-strands/api/venv_api/lib/python3.12/site-packages/pip/_vendor/rich/_win32_console.py', reloading
 * Detected change in '/root/repo/tensile-search-with-strands/api/venv_api/lib/python3.12/site-packages/pip/_vendor/rich/_windows.py', reloading
 * Detected change in '/root/repo/tensile-search-with-strands/api/venv_api/lib/python3.12/site-packages/pip/_vendor/rich/_windows_renderer.py', reloading
 * Detected change in '/root/repo/tensile-search-with-strands/api/venv_api/lib/python3.12/site-packages/pip/_vendor/rich/_wrap.py', reloading
 * Detected change in '/root/repo/tensile-search-with-strands/api/venv_api/lib/python3.12/site-packages/pip/_vendor/rich/abc.py', reloading
 * Detected change in '/root/repo/tensile-search-with-strands/api/venv_api/lib/python3.12/site-packages/pip/_vendor/rich/align.py', reloading
 * Detected change in '/root/repo/tensile-search-with-strands/api/venv_api/lib/python3.12/site-packages/pip/_vendor/rich/ansi.py', reloading
 * Detected change in '/root/repo/tensile-search-with-strands/api/venv_api/lib/python3.12/site-packages/pip/_vendor/rich/bar.py', reloading
 * Detected change in '/root/repo/tensile-search-with-strands/api/venv_api/lib/python3.12/site-packages/pip/_vendor/rich/box.py', reloading
 * Detected change in '/root/repo/tensile-search-with-strands/api/venv_api/lib/python3.12/site-packages/pip/_vendor/rich/cells.py', reloading
 * Detected change in '/root/repo/tensile-search-with-strands/api/venv_api/lib/python3.12/site-packages/pip/_vendor/rich/color.py', reloading
 * Detected change in '/root/repo/tensile-search-with-strands/api/venv_api/lib/python3.12/site-packages/pip/_vendor/rich/color_triplet.py', reloading
 * Detected change in '/root/repo/tensile-search-with-strands/api/venv_api/lib/python3.12/site-packages/pip/_vendor/rich/columns.py', reloading
 * Detected change in '/root/repo/tensile-search-with-strands/api/venv_api/lib/python3.12/site-packages/pip/_vendor/rich/console.py', reloading
 * Detected change in '/root/repo/tensile-search-with-strands/api/venv_api/lib/python3.12/site-packages/pip/_vendor/rich/constrain.py', reloading
 * Detected change in '/root/repo/tensile-search-with-strands/api/venv_api/lib/python3.12/site-packages/pip/_vendor/rich/containers.py', reloading
 * Detected change in '/root/repo/tensile-search-with-strands/api/venv_api/lib/python3.12/site-packages/pip/_vendor/rich/control.py', reloading
 * Detected change in '/root/repo/tensile-search-with-strands/api/venv_api/lib/python3.12/site-packages/pip/_vendor/rich/default_styles.py', reloading
 * Detected change in '/root/repo/tensile-search-with-strands/api/venv_api/lib/python3.12/site-packages/pip/_vendor/rich/diagnose.py', reloading
 * Detected change in '/root/repo/tensile-search-with-strands/api/venv_api/lib/python3.12/site-packages/pip/_vendor/rich/emoji.py', reloading
 * Detected change in '/root/repo/tensile-search-with-strands/api/venv_api/lib/python3.12/site-packages/pip/_vendor/rich/errors.py', reloading
 * Detected change in '/root/repo/tensile-search-with-strands/api/venv_api/lib/python3.12/site-packages/pip/_vendor/rich/file_proxy.py', reloading
 * Detected change in '/root/repo/tensile-search-with-strands/api/venv_api/lib/python3.12/site-packages/pip/_vendor/rich/filesize.py', reloading
 * Detected change in '/root/repo/tensile-search-with-strands/api/venv_api/lib/python3.12/site-packages/pip/_vendor/rich/highlighter.py', reloading
 * Detected change in '/root/repo/tensile-search-with-strands/api/venv_api/lib/python3.12/site-packages/pip/_vendor/rich/json.py', reloading
 * Detected change in '/root/repo/tensile-search-with-strands/api/venv_api/lib/python3.12/site-packages/pip/_vendor/rich/jupyter.py', reloading
 * Detected change in '/root/repo/tensile-search-with-strands/api/venv_api/lib/python3.12/site-packages/pip/_vendor/rich/layout.py', reloading
 * Detected change in '/root/repo/tensile-search-with-strands/api/venv_api/lib/python3.12/site-packages/pip/_vendor/rich/live.py', reloading
 * Detected change in '/root/repo/tensile-search-with-strands/api/venv_api/lib/python3.12/site-packages/pip/_vendor/rich/live_render.py', reloading
 * Detected change in '/root/repo/tensile-search-with-strands/api/venv_api/lib/python3.12/site-packages/pip/_vendor/rich/logging.py', reloading
 * Detected change in '/root/repo/tensile-search-with-strands/api/venv_api/lib/python3.12/site-packages/pip/_vendor/rich/markup.py', reloading
 * Detected change in '/root/repo/tensile-search-with-strands/api/venv_api/lib/python3.12/site-packages/pip/_vendor/rich/measure.py', reloading
 * Detected change in '/root/repo/tensile-search-with-strands/api/venv_api/lib/python3.12/site-packages/pip/_vendor/rich/padding.py', reloading
 * Detected change in '/root/repo/tensile-search-with-strands/api/venv_api/lib/python3.12/site-packages/pip/_vendor/rich/pager.py', reloading
 * Detected change in '/root/repo/tensile-search-with-strands/api/venv_api/lib/python3.12/site-packages/pip/_vendor/rich/palette.py', reloading
 * Detected change in '/root/repo/tensile-search-with-strands/api/venv_api/lib/python3.12/site-packages/pip/_vendor/rich/panel.py', reloading
 * Detected change in '/root/repo/tensile-search-with-strands/api/venv_api/lib/python3.12/site-packages/pip/_vendor/rich/pretty.py', reloading
 * Detected change in '/root/repo/tensile-search-with-strands/api/venv_api/lib/python3.12/site-packages/pip/_vendor/rich/progress.py', reloading
 * Detected change in '/root/repo/tensile-search-with-strands/api/venv_api/lib/python3.12/site-packages/pip/_vendor/rich/progress_bar.py', reloading
 * Detected change in '/root/repo/tensile-search-with-strands/api/venv_api/lib/python3.12/site-packages/pip/_vendor/rich/prompt.py', reloading
 * Detected change in '/root/repo/tensile-search-with-strands/api/venv_api/lib/python3.12/site-packages/pip/_vendor/rich/protocol.py', reloading
 * Detected change in '/root/repo/tensile-search-with-strands/api/venv_api/lib/python3.12/site-packages/pip/_vendor/rich/region.py', reloading
 * Detected change in '/root/repo/tensile-search-with-strands/api/venv_api/lib/python3.12/site-packages/pip/_vendor/rich/repr.py', reloading
 * Detected change in '/root/repo/tensile-search-with-strands/api/venv_api/lib/python3.12/site-packages/pip/_vendor/rich/rule.py', reloading
 * Detected change in '/root/repo/tensile-search-with-strands/api/venv_api/lib/python3.12/site-packages/pip/_vendor/rich/scope.py', reloading
 * Detected change in '/root/repo/tensile-search-with-strands/api/venv_api/lib/python3.12/site-packages/pip/_vendor/rich/screen.py', reloading
 * Detected change in '/root/repo/tensile-search-with-strands/api/venv_api/lib/python3.12/site-packages/pip/_vendor/rich/segment.py', reloading
 * Detected change in '/root/repo/tensile-search-with-strands/api/venv_api/lib/python3.12/site-packages/pip/_vendor/rich/spinner.py', reloading
 * Detected change in '/root/repo/tensile-search-with-strands/api/venv_api/lib/python3.12/site-packages/pip/_vendor/rich/status.py', reloading
 * Detected change in '/root/repo/tensile-search-with-strands/api/venv_api/lib/python3.12/site-packages/pip/_vendor/rich/style.py', reloading
 * Detected change in '/root/repo/tensile-search-with-strands/api/venv_api/lib/python3.12/site-packages/pip/_vendor/rich/styled.py', reloading
 * Detected change in '/root/repo/tensile-search-with-strands/api/venv_api/lib/python3.12/site-packages/pip/_vendor/rich/syntax.py', reloading
 * Detected change in '/root/repo/tensile-search-with-strands/api/venv_api/lib/python3.12/site-packages/pip/_vendor/rich/table.py', reloading
 * Detected change in '/root/repo/tensile-search-with-strands/api/venv_api/lib/python3.12/site-packages/pip/_vendor/rich/terminal_theme.py', reloading
 * Detected change in '/root/repo/tensile-search-with-strands/api/venv_api/lib/python3.12/site-packages/pip/_vendor/rich/text.py', reloading
 * Detected change in '/root/repo/tensile-search-with-strands/api/venv_api/lib/python3.12/site-packages/pip/_vendor/rich/theme.py', reloading
 * Detected change in '/root/repo/tensile-search-with-strands/api/venv_api/lib/python3.12/site-packages/pip/_vendor/rich/themes.py', reloading
 * Detected change in '/root/repo/tensile-search-with-strands/api/venv_api/lib/python3.12/site-packages/pip/_vendor/rich/traceback.py', reloading
 * Detected change in '/root/repo/tensile-search-with-strands/api/venv_api/lib/python3.12/site-packages/pip/_vendor/rich/tree.py', reloading
 * Detected change in '/root/repo/tensile-search-with-strands/api/venv_api/lib/python3.12/site-packages/pip/_vendor/six.py', reloading
 * Detected change in '/root/repo/tensile-search-with-strands/api/venv_api/lib/python3.12/site-packages/pip/_vendor/tenacity/__init__.py', reloading
 * Detected change in '/root/repo/tensile-search-with-strands/api/venv_api/lib/python3.12/site-packages/pip/_vendor/tenacity/_asyncio.py', reloading
 * Detected change in '/root/repo/tensile-search-with-strands/api/venv_api/lib/python3.12/site-packages/pip/_vendor/tenacity/_utils.py', reloading
 * Detected change in '/root/repo/tensile-search-with-strands/api/venv_api/lib/python3.12/site-packages/pip/_vendor/tenacity/after.py', reloading
 * Detected change in '/root/repo/tensile-search-with-strands/api/venv_api/lib/python3.12/site-packages/pip/_vendor/tenacity/before.py', reloading
 * Detected change in '/root/repo/tensile-search-with-strands/api/venv_api/lib/python3.12/site-packages/pip/_vendor/tenacity/before_sleep.py', reloading
 * Detected change in '/root/repo/tensile-search-with-strands/api/venv_api/lib/python3.12/site-packages/pip/_vendor/tenacity/nap.py', reloading
 * Detected change in '/root/repo/tensile-search-with-strands/api/venv_api/lib/python3.12/site-packages/pip/_vendor/tenacity/retry.py', reloading
 * Detected change in '/root/repo/tensile-search-with-strands/api/venv_api/lib/python3.12/site-packages/pip/_vendor/tenacity/stop.py', reloading
 * Detected change in '/root/repo/tensile-search-with-strands/api/venv_api/lib/python3.12/site-packages/pip/_vendor/tenacity/tornadoweb.py', reloading
 * Detected change in '/root/repo/tensile-search-with-strands/api/venv_api/lib/python3.12/site-packages/pip/_vendor/tenacity/wait.py', reloading
 * Detected change in '/root/repo/tensile-search-with-strands/api/venv_api/lib/python3.12/site-packages/pip/_vendor/tomli/__init__.py', reloading
 * Detected change in '/root/repo/tensile-search-with-strands/api/venv_api/lib/python3.12/site-packages/pip/_vendor/tomli/_parser.py', reloading
 * Detected change in '/root/repo/tensile-search-with-strands/api/venv_api/lib/python3.12/site-packages/pip/_vendor/tomli/_re.py', reloading
 * Detected change in '/root/repo/tensile-search-with-strands/api/venv_api/lib/python3.12/site-packages/pip/_vendor/tomli/_types.py', reloading
 * Detected change in '/root/repo/tensile-search-with-strands/api/venv_api/lib/python3.12/site-packages/pip/_vendor/truststore/__init__.py', reloading
 * Detected change in '/root/repo/tensile-search-with-strands/api/venv_api/lib/python3.12/site-packages/pip/_vendor/truststore/_api.py', reloading
 * Detected change in '/root/repo/tensile-search-with-strands/api/venv_api/lib/python3.12/site-packages/pip/_vendor/truststore/_macos.py', reloading
 * Detected change in '/root/repo/tensile-search-with-strands/api/venv_api/lib/python3.12/site-packages/pip/_vendor/truststore/_openssl.py', reloading
 * Detected change in '/root/repo/tensile-search-with-strands/api/venv_api/lib/python3.12/site-packages/pip/_vendor/truststore/_ssl_constants.py', reloading
 * Detected change in '/root/repo/tensile-search-with-strands/api/venv_api/lib/python3.12/site-packages/pip/_vendor/truststore/_windows.py', reloading
 * Detected change in '/root/repo/tensile-search-with-strands/api/venv_api/lib/python3.12/site-packages/pip/_vendor/typing_extensions.py', reloading
 * Detected change in '/root/repo/tensile-search-with-strands/api/venv_api/lib/python3.12/site-packages/pip/_vendor/urllib3/__init__.py', reloading
 * Detected change in '/root/repo/tensile-search-with-strands/api/venv_api/lib/python3.12/site-packages/pip/_vendor/urllib3/_collections.py', reloading
 * Detected change in '/root/repo/tensile-search-with-strands/api/venv_api/lib/python3.12/site-packages/pip/_vendor/urllib3/_version.py', reloading
 * Detected change in '/root/repo/tensile-search-with-strands/api/venv_api/lib/python3.12/site-packages/pip/_vendor/urllib3/connection.py', reloading
 * Detected change in '/root/repo/tensile-search-with-strands/api/venv_api/lib/python3.12/site-packages/pip/_vendor/urllib3/connectionpool.py', reloading
 * Detected change in '/root/repo/tensile-search-with-strands/api/venv_api/lib/python3.12/site-packages/pip/_vendor/urllib3/contrib/_appengine_environ.py', reloading
 * Detected change in '/root/repo/tensile-search-with-strands/api/venv_api/lib/python3.12/site-packages/pip/_vendor/urllib3/contrib/_securetransport/bindings.py', reloading
 * Detected change in '/root/repo/tensile-search-with-strands/api/venv_api/lib/python3.12/site-packages/pip/_vendor/urllib3/contrib/_securetransport/low_level.py', reloading
 * Detected change in '/root/repo/tensile-search-with-strands/api/venv_api/lib/python3.12/site-packages/pip/_vendor/urllib3/contrib/appengine.py', reloading
 * Detected change in '/root/repo/tensile-search-with-strands/api/venv_api/lib/python3.12/site-packages/pip/_vendor/urllib3/contrib/ntlmpool.py', reloading
 * Detected change in '/root/repo/tensile-search-with-strands/api/venv_api/lib/python3.12/site-packages/pip/_vendor/urllib3/contrib/pyopenssl.py', reloading
 * Detected change in '/root/repo/tensile-search-with-strands/api/venv_api/lib/python3.12/site-packages/pip/_vendor/urllib3/contrib/securetransport.py', reloading
 * Detected change in '/root/repo/tensile-search-with-strands/api/venv_api/lib/python3.12/site-packages/pip/_vendor/urllib3/contrib/socks.py', reloading
 * Detected change in '/root/repo/tensile-search-with-strands/api/venv_api/lib/python3.12/site-packages/pip/_vendor/urllib3/exceptions.py', reloading
 * Detected change in '/root/repo/tensile-search-with-strands/api/venv_api/lib/python3.12/site-packages/pip/_vendor/urllib3/fields.py', reloading
 * Detected change in '/root/repo/tensile-search-with-strands/api/venv_api/lib/python3.12/site-packages/pip/_vendor/urllib3/filepost.py', reloading
 * Detected change in '/root/repo/tensile-search-with-strands/api/venv_api/lib/python3.12/site-packages/pip/_vendor/urllib3/packages/backports/makefile.py', reloading
 * Detected change in '/root/repo/tensile-search-with-strands/api/venv_api/lib/python3.12/site-packages/pip/_vendor/urllib3/packages/backports/weakref_finalize.py', reloading
 * Detected change in '/root/repo/tensile-search-with-strands/api/venv_api/lib/python3.12/site-packages/pip/_vendor/urllib3/packages/six.py', reloading
 * Detected change in '/root/repo/tensile-search-with-strands/api/venv_api/lib/python3.12/site-packages/pip/_vendor/urllib3/poolmanager.py', reloading
 * Detected change in '/root/repo/tensile-search-with-strands/api/venv_api/lib/python3.12/site-packages/pip/_vendor/urllib3/request.py', reloading
 * Detected change in '/root/repo/tensile-search-with-strands/api/venv_api/lib/python3.12/site-packages/pip/_vendor/urllib3/response.py', reloading
 * Detected change in '/root/repo/tensile-search-with-strands/api/venv_api/lib/python3.12/site-packages/pip/_vendor/urllib3/util/__init__.py', reloading
 * Detected change in '/root/repo/tensile-search-with-strands/api/venv_api/lib/python3.12/site-packages/pip/_vendor/urllib3/util/connection.py', reloading
 * Detected change in '/root/repo/tensile-search-with-strands/api/venv_api/lib/python3.12/site-packages/pip/_vendor/urllib3/util/proxy.py', reloading
 * Detected change in '/root/repo/tensile-search-with-strands/api/venv_api/lib/python3.12/site-packages/pip/_vendor/urllib3/util/queue.py', reloading
 * Detected change in '/root/repo/tensile-search-with-strands/api/venv_api/lib/python3.12/site-packages/pip/_vendor/urllib3/util/request.py', reloading
 * Detected change in '/root/repo/tensile-search-with-strands/api/venv_api/lib/python3.12/site-packages/pip/_vendor/urllib3/util/response.py', reloading
 * Detected change in '/root/repo/tensile-search-with-strands/api/venv_api/lib/python3.12/site-packages/pip/_vendor/urllib3/util/retry.py', reloading
 * Detected change in '/root/repo/tensile-search-with-strands/api/venv_api/lib/python3.12/site-packages/pip/_vendor/urllib3/util/ssl_.py', reloading
 * Detected change in '/root/repo/tensile-search-with-strands/api/venv_api/lib/python3.12/site-packages/pip/_vendor/urllib3/util/ssl_match_hostname.py', reloading
 * Detected change in '/root/repo/tensile-search-with-strands/api/venv_api/lib/python3.12/site-packages/pip/_vendor/urllib3/util/ssltransport.py', reloading
 * Detected change in '/root/repo/tensile-search-with-strands/api/venv_api/lib/python3.12/site-packages/pip/_vendor/urllib3/util/timeout.py', reloading
 * Detected change in '/root/repo/tensile-search-with-strands/api/venv_api/lib/python3.12/site-packages/pip/_vendor/urllib3/util/url.py', reloading
 * Detected change in '/root/repo/tensile-search-with-strands/api/venv_api/lib/python3.12/site-packages/pip/_vendor/urllib3/util/wait.py', reloading
 * Detected change in '/root/repo/tensile-search-with-strands/api/venv_api/lib/python3.12/site-packages/pip/_vendor/webencodings/__init__.py', reloading
 * Detected change in '/root/repo/tensile-search-with-strands/api/venv_api/lib/python3.12/site-packages/pip/_vendor/webencodings/labels.py', reloading
 * Detected change in '/root/repo/tensile-search-with-strands/api/venv_api/lib/python3.12/site-packages/pip/_vendor/webencodings/mklabels.py', reloading
 * Detected change in '/root/repo/tensile-search-with-strands/api/venv_api/lib/python3.12/site-packages/pip/_vendor/webencodings/tests.py', reloading
 * Detected change in '/root/repo/tensile-search-with-strands/api/venv_api/lib/python3.12/site-packages/pip/_vendor/webencodings/x_user_defined.py', reloading
 * Detected change in '/root/repo/tensile-search-with-strands/api/venv_api/lib/python3.12/site-packages/werkzeug/__init__.py', reloading
 * Detected change in '/root/repo/tensile-search-with-strands/api/venv_api/lib/python3.12/site-packages/werkzeug/_internal.py', reloading
 * Detected change in '/root/repo/tensile-search-with-strands/api/venv_api/lib/python3.12/site-packages/werkzeug/_reloader.py', reloading
 * Detected change in '/root/repo/tensile-search-with-strands/api/venv_api/lib/python3.12/site-packages/werkzeug/datastructures/__init__.py', reloading
 * Detected change in '/root/repo/tensile-search-with-strands/api/venv_api/lib/python3.12/site-packages/werkzeug/datastructures/accept.py', reloading
 * Detected change in '/root/repo/tensile-search-with-strands/api/venv_api/lib/python3.12/site-packages/werkzeug/datastructures/auth.py', reloading
 * Detected change in '/root/repo/tensile-search-with-strands/api/venv_api/lib/python3.12/site-packages/werkzeug/datastructures/cache_control.py', reloading
 * Detected change in '/root/repo/tensile-search-with-strands/api/venv_api/lib/python3.12/site-packages/werkzeug/datastructures/csp.py', reloading
 * Detected change in '/root/repo/tensile-search-with-strands/api/venv_api/lib/python3.12/site-packages/werkzeug/datastructures/etag.py', reloading
 * Detected change in '/root/repo/tensile-search-with-strands/api/venv_api/lib/python3.12/site-packages/werkzeug/datastructures/file_storage.py', reloading
 * Detected change in '/root/repo/tensile-search-with-strands/api/venv_api/lib/python3.12/site-packages/werkzeug/datastructures/headers.py', reloading
 * Detected change in '/root/repo/tensile-search-with-strands/api/venv_api/lib/python3.12/site-packages/werkzeug/datastructures/mixins.py', reloading
 * Detected change in '/root/repo/tensile-search-with-strands/api/venv_api/lib/python3.12/site-packages/werkzeug/datastructures/range.py', reloading
 * Detected change in '/root/repo/tensile-search-with-strands/api/venv_api/lib/python3.12/site-packages/werkzeug/datastructures/structures.py', reloading
 * Detected change in '/root/repo/tensile-search-with-strands/api/venv_api/lib/python3.12/site-packages/werkzeug/debug/__init__.py', reloading
 * Detected change in '/root/repo/tensile-search-with-strands/api/venv_api/lib/python3.12/site-packages/werkzeug/debug/console.py', reloading
 * Detected change in '/root/repo/tensile-search-with-strands/api/venv_api/lib/python3.12/site-packages/werkzeug/debug/repr.py', reloading
 * Detected change in '/root/repo/tensile-search-with-strands/api/venv_api/lib/python3.12/site-packages/werkzeug/debug/tbtools.py', reloading
 * Detected change in '/root/repo/tensile-search-with-strands/api/venv_api/lib/python3.12/site-packages/werkzeug/exceptions.py', reloading
 * Detected change in '/root/repo/tensile-search-with-strands/api/venv_api/lib/python3.12/site-packages/werkzeug/formparser.py', reloading
 * Detected change in '/root/repo/tensile-search-with-strands/api/venv_api/lib/python3.12/site-packages/werkzeug/http.py', reloading
 * Detected change in '/root/repo/tensile-search-with-strands/api/venv_api/lib/python3.12/site-packages/werkzeug/local.py', reloading
 * Detected change in '/root/repo/tensile-search-with-strands/api/venv_api/lib/python3.12/site-packages/werkzeug/middleware/dispatcher.py', reloading
 * Detected change in '/root/repo/tensile-search-with-strands/api/venv_api/lib/python3.12/site-packages/werkzeug/middleware/http_proxy.py', reloading
 * Detected change in '/root/repo/tensile-search-with-strands/api/venv_api/lib/python3.12/site-packages/werkzeug/middleware/lint.py', reloading
 * Detected change in '/root/repo/tensile-search-with-strands/api/venv_api/lib/python3.12/site-packages/werkzeug/middleware/profiler.py', reloading
 * Detected change in '/root/repo/tensile-search-with-strands/api/venv_api/lib/python3.12/site-packages/werkzeug/middleware/proxy_fix.py', reloading
 * Detected change in '/root/repo/tensile-search-with-strands/api/venv_api/lib/python3.12/site-packages/werkzeug/middleware/shared_data.py', reloading
 * Detected change in '/root/repo/tensile-search-with-strands/api/venv_api/lib/python3.12/site-packages/werkzeug/routing/__init__.py', reloading
 * Detected change in '/root/repo/tensile-search-with-strands/api/venv_api/lib/python3.12/site-packages/werkzeug/routing/converters.py', reloading
 * Detected change in '/root/repo/tensile-search-with-strands/api/venv_api/lib/python3.12/site-packages/werkzeug/routing/exceptions.py', reloading
 * Detected change in '/root/repo/tensile-search-with-strands/api/venv_api/lib/python3.12/site-packages/werkzeug/routing/map.py', reloading
 * Detected change in '/root/repo/tensile-search-with-strands/api/venv_api/lib/python3.12/site-packages/werkzeug/routing/matcher.py', reloading
 * Detected change in '/root/repo/tensile-search-with-strands/api/venv_api/lib/python3.12/site-packages/werkzeug/routing/rules.py', reloading
 * Detected change in '/root/repo/tensile-search-with-strands/api/venv_api/lib/python3.12/site-packages/werkzeug/sansio/http.py', reloading
 * Detected change in '/root/repo/tensile-search-with-strands/api/venv_api/lib/python3.12/site-packages/werkzeug/sansio/multipart.py', reloading
 * Detected change in '/root/repo/tensile-search-with-strands/api/venv_api/lib/python3.12/site-packages/werkzeug/sansio/request.py', reloading
 * Detected change in '/root/repo/tensile-search-with-strands/api/venv_api/lib/python3.12/site-packages/werkzeug/sansio/response.py', reloading
 * Detected change in '/root/repo/tensile-search-with-strands/api/venv_api/lib/python3.12/site-packages/werkzeug/sansio/utils.py', reloading
 * Detected change in '/root/repo/tensile-search-with-strands/api/venv_api/lib/python3.12/site-packages/werkzeug/security.py', reloading
 * Detected change in '/root/repo/tensile-search-with-strands/api/venv_api/lib/python3.12/site-packages/werkzeug/serving.py', reloading
 * Detected change in '/root/repo/tensile-search-with-strands/api/venv_api/lib/python3.12/site-packages/werkzeug/test.py', reloading
 * Detected change in '/root/repo/tensile-search-with-strands/api/venv_api/lib/python3.12/site-packages/werkzeug/testapp.py', reloading
 * Detected change in '/root/repo/tensile-search-with-strands/api/venv_api/lib/python3.12/site-packages/werkzeug/urls.py', reloading
 * Detected change in '/root/repo/tensile-search-with-strands/api/venv_api/lib/python3.12/site-packages/werkzeug/user_agent.py', reloading
 * Detected change in '/root/repo/tensile-search-with-strands/api/venv_api/lib/python3.12/site-packages/werkzeug/utils.py', reloading
 * Detected change in '/root/repo/tensile-search-with-strands/api/venv_api/lib/python3.12/site-packages/werkzeug/wrappers/__init__.py', reloading
 * Detected change in '/root/repo/tensile-search-with-strands/api/venv_api/lib/python3.12/site-packages/werkzeug/wrappers/request.py', reloading
 * Detected change in '/root/repo/tensile-search-with-strands/api/venv_api/lib/python3.12/site-packages/werkzeug/wrappers/response.py', reloading
 * Detected change in '/root/repo/tensile-search-with-strands/api/venv_api/lib/python3.12/site-packages/werkzeug/wsgi.py', reloading
 * Restarting with watchdog (inotify)
 * Debugger is active!
 * Debugger PIN: 740-969-780
 * Detected change in '/root/repo/tensile-search-with-strands/api/app.py', reloading
 * Detected change in '/root/repo/tensile-search-with-strands/api/venv_api/lib/python3.12/site-packages/blinker/__init__.py', reloading
 * Detected change in '/root/repo/tensile-search-with-strands/api/venv_api/lib/python3.12/site-packages/blinker/_utilities.py', reloading
 * Detected change in '/root/repo/tensile-search-with-strands/api/venv_api/lib/python3.12/site-packages/blinker/base.py', reloading
 * Detected change in '/root/repo/tensile-search-with-strands/api/venv_api/lib/python3.12/site-packages/click/__init__.py', reloading
 * Detected change in '/root/repo/tensile-search-with-strands/api/venv_api/lib/python3.12/site-packages/click/_compat.py', reloading
 * Detected change in '/root/repo/tensile-search-with-strands/api/venv_api/lib/python3.12/site-packages/click/_termui_impl.py', reloading
 * Detected change in '/root/repo/tensile-search-with-strands/api/venv_api/lib/python3.12/site-packages/click/_textwrap.py', reloading
 * Detected change in '/root/repo/tensile-search-with-strands/api/venv_api/lib/python3.12/site-packages/click/_utils.py', reloading
 * Detected change in '/root/repo/tensile-search-with-strands/api/venv_api/lib/python3.12/site-packages/click/_winconsole.py', reloading
 * Detected change in '/root/repo/tensile-search-with-strands/api/venv_api/lib/python3.12/site-packages/click/core.py', reloading
 * Detected change in '/root/repo/tensile-search-with-strands/api/venv_api/lib/python3.12/site-packages/click/decorators.py', reloading
 * Detected change in '/root/repo/tensile-search-with-strands/api/venv_api/lib/python3.12/site-packages/click/exceptions.py', reloading
 * Detected change in '/root/repo/tensile-search-with-strands/api/venv_api/lib/python3.12/site-packages/click/formatting.py', reloading
 * Detected change in '/root/repo/tensile-search-with-strands/api/venv_api/lib/python3.12/site-packages/click/globals.py', reloading
 * Detected change in '/root/repo/tensile-search-with-strands/api/venv_api/lib/python3.12/site-packages/click/parser.py', reloading
 * Detected change in '/root/repo/tensile-search-with-strands/api/venv_api/lib/python3.12/site-packages/click/shell_completion.py', reloading
 * Detected change in '/root/repo/tensile-search-with-strands/api/venv_api/lib/python3.12/site-packages/click/termui.py', reloading
 * Detected change in '/root/repo/tensile-search-with-strands/api/venv_api/lib/python3.12/site-packages/click/testing.py', reloading
 * Detected change in '/root/repo/tensile-search-with-strands/api/venv_api/lib/python3.12/site-packages/click/types.py', reloading
 * Detected change in '/root/repo/tensile-search-with-strands/api/venv_api/lib/python3.12/site-packages/click/utils.py', reloading
 * Detected change in '/root/repo/tensile-search-with-strands/api/venv_api/lib/python3.12/site-packages/flask/__init__.py', reloading
 * Detected change in '/root/repo/tensile-search-with-strands/api/venv_api/lib/python3.12/site-packages/flask/__main__.py', reloading
 * Detected change in '/root/repo/tensile-search-with-strands/api/venv_api/lib/python3.12/site-packages/flask/app.py', reloading
 * Detected change in '/root/repo/tensile-search-with-strands/api/venv_api/lib/python3.12/site-packages/flask/blueprints.py', reloading
 * Detected change in '/root/repo/tensile-search-with-strands/api/venv_api/lib/python3.12/site-packages/flask/cli.py', reloading
 * Detected change in '/root/repo/tensile-search-with-strands/api/venv_api/lib/python3.12/site-packages/flask/config.py', reloading
 * Detected change in '/root/repo/tensile-search-with-strands/api/venv_api/lib/python3.12/site-packages/flask/ctx.py', reloading
 * Detected change in '/root/repo/tensile-search-with-strands/api/venv_api/lib/python3.12/site-packages/flask/debughelpers.py', reloading
 * Detected change in '/root/repo/tensile-search-with-strands/api/venv_api/lib/python3.12/site-packages/flask/globals.py', reloading
 * Detected change in '/root/repo/tensile-search-with-strands/api/venv_api/lib/python3.12/site-packages/flask/helpers.py', reloading
 * Detected change in '/root/repo/tensile-search-with-strands/api/venv_api/lib/python3.12/site-packages/flask/json/__init__.py', reloading
 * Detected change in '/root/repo/tensile-search-with-strands/api/venv_api/lib/python3.12/site-packages/flask/json/provider.py', reloading
 * Detected change in '/root/repo/tensile-search-with-strands/api/venv_api/lib/python3.12/site-packages/flask/json/tag.py', reloading
 * Detected change in '/root/repo/tensile-search-with-strands/api/venv_api/lib/python3.12/site-packages/flask/logging.py', reloading
 * Detected change in '/root/repo/tensile-search-with-strands/api/venv_api/lib/python3.12/site-packages/flask/scaffold.py', reloading
 * Detected change in '/root/repo/tensile-search-with-strands/api/venv_api/lib/python3.12/site-packages/flask/sessions.py', reloading
 * Detected change in '/root/repo/tensile-search-with-strands/api/venv_api/lib/python3.12/site-packages/flask/signals.py', reloading
 * Detected change in '/root/repo/tensile-search-with-strands/api/venv_api/lib/python3.12/site-packages/flask/templating.py', reloading
 * Detected change in '/root/repo/tensile-search-with-strands/api/venv_api/lib/python3.12/site-packages/flask/testing.py', reloading
 * Detected change in '/root/repo/tensile-search-with-strands/api/venv_api/lib/python3.12/site-packages/flask/typing.py', reloading
 * Detected change in '/root/repo/tensile-search-with-strands/api/venv_api/lib/python3.12/site-packages/flask/views.py', reloading
 * Detected change in '/root/repo/tensile-search-with-strands/api/venv_api/lib/python3.12/site-packages/flask/wrappers.py', reloading
 * Detected change in '/root/repo/tensile-search-with-strands/api/venv_api/lib/python3.12/site-packages/itsdangerous/__init__.py', reloading
 * Detected change in '/root/repo/tensile-search-with-strands/api/venv_api/lib/python3.12/site-packages/itsdangerous/_json.py', reloading
 * Detected change in '/root/repo/tensile-search-with-strands/api/venv_api/lib/python3.12/site-packages/itsdangerous/encoding.py', reloading
 * Detected change in '/root/repo/tensile-search-with-strands/api/venv_api/lib/python3.12/site-packages/itsdangerous/exc.py', reloading
 * Detected change in '/root/repo/tensile-search-with-strands/api/venv_api/lib/python3.12/site-packages/itsdangerous/serializer.py', reloading
 * Detected change in '/root/repo/tensile-search-with-strands/api/venv_api/lib/python3.12/site-packages/itsdangerous/signer.py', reloading
 * Detected change in '/root/repo/tensile-search-with-strands/api/venv_api/lib/python3.12/site-packages/itsdangerous/timed.py', reloading
 * Detected change in '/root/repo/tensile-search-with-strands/api/venv_api/lib/python3.12/site-packages/itsdangerous/url_safe.py', reloading
 * Detected change in '/root/repo/tensile-search-with-strands/api/venv_api/lib/python3.12/site-packages/jinja2/__init__.py', reloading
 * Detected change in '/root/repo/tensile-search-with-strands/api/venv_api/lib/python3.12/site-packages/jinja2/_identifier.py', reloading
 * Detected change in '/root/repo/tensile-search-with-strands/api/venv_api/lib/python3.12/site-packages/jinja2/async_utils.py', reloading
 * Detected change in '/root/repo/tensile-search-with-strands/api/venv_api/lib/python3.12/site-packages/jinja2/bccache.py', reloading
 * Detected change in '/root/repo/tensile-search-with-strands/api/venv_api/lib/python3.12/site-packages/jinja2/compiler.py', reloading
 * Detected change in '/root/repo/tensile-search-with-strands/api/venv_api/lib/python3.12/site-packages/jinja2/constants.py', reloading
 * Detected change in '/root/repo/tensile-search-with-strands/api/venv_api/lib/python3.12/site-packages/jinja2/debug.py', reloading
 * Detected change in '/root/repo/tensile-search-with-strands/api/venv_api/lib/python3.12/site-packages/jinja2/defaults.py', reloading
 * Detected change in '/root/repo/tensile-search-with-strands/api/venv_api/lib/python3.12/site-packages/jinja2/environment.py', reloading
 * Detected change in '/root/repo/tensile-search-with-strands/api/venv_api/lib/python3.12/site-packages/jinja2/exceptions.py', reloading
 * Detected change in '/root/repo/tensile-search-with-strands/api/venv_api/lib/python3.12/site-packages/jinja2/ext.py', reloading
 * Detected change in '/root/repo/tensile-search-with-strands/api/venv_api/lib/python3.12/site-packages/jinja2/filters.py', reloading
 * Detected change in '/root/repo/tensile-search-with-strands/api/venv_api/lib/python3.12/site-packages/jinja2/idtracking.py', reloading
 * Detected change in '/root/repo/tensile-search-with-strands/api/venv_api/lib/python3.12/site-packages/jinja2/lexer.py', reloading
 * Detected change in '/root/repo/tensile-search-with-strands/api/venv_api/lib/python3.12/site-packages/jinja2/loaders.py', reloading
 * Detected change in '/root/repo/tensile-search-with-strands/api/venv_api/lib/python3.12/site-packages/jinja2/meta.py', reloading
 * Detected change in '/root/repo/tensile-search-with-strands/api/venv_api/lib/python3.12/site-packages/jinja2/nativetypes.py', reloading
 * Detected change in '/root/repo/tensile-search-with-strands/api/venv_api/lib/python3.12/site-packages/jinja2/nodes.py', reloading
 * Detected change in '/root/repo/tensile-search-with-strands/api/venv_api/lib/python3.12/site-packages/jinja2/optimizer.py', reloading
 * Detected change in '/root/repo/tensile-search-with-strands/api/venv_api/lib/python3.12/site-packages/jinja2/parser.py', reloading
 * Detected change in '/root/repo/tensile-search-with-strands/api/venv_api/lib/python3.12/site-packages/jinja2/runtime.py', reloading
 * Detected change in '/root/repo/tensile-search-with-strands/api/venv_api/lib/python3.12/site-packages/jinja2/sandbox.py', reloading
 * Detected change in '/root/repo/tensile-search-with-strands/api/venv_api/lib/python3.12/site-packages/jinja2/tests.py', reloading
 * Detected change in '/root/repo/tensile-search-with-strands/api/venv_api/lib/python3.12/site-packages/jinja2/utils.py', reloading
 * Detected change in '/root/repo/tensile-search-with-strands/api/venv_api/lib/python3.12/site-packages/jinja2/visitor.py', reloading
 * Detected change in '/root/repo/tensile-search-with-strands/api/venv_api/lib/python3.12/site-packages/markupsafe/__init__.py', reloading
 * Detected change in '/root/repo/tensile-search-with-strands/api/venv_api/lib/python3.12/site-packages/markupsafe/_native.py', reloading
 * Detected change in '/root/repo/tensile-search-with-strands/api/venv_api/lib/python3.12/site-packages/pip/__init__.py', reloading
 * Detected change in '/root/repo/tensile-search-with-strands/api/venv_api/lib/python3.12/site-packages/pip/__main__.py', reloading
 * Detected change in '/root/repo/tensile-search-with-strands/api/venv_api/lib/python3.12/site-packages/pip/__pip-runner__.py', reloading
 * Detected change in '/root/repo/tensile-search-with-strands/api/venv_api/lib/python3.12/site-packages/pip/_internal/__init__.py', reloading
 * Detected change in '/root/repo/tensile-search-with-strands/api/venv_api/lib/python3.12/site-packages/pip/_internal/build_env.py', reloading
 * Detected change in '/root/repo/tensile-search-with-strands/api/venv_api/lib/python3.12/site-packages/pip/_internal/cache.py', reloading
 * Detected change in '/root/repo/tensile-search-with-strands/api/venv_api/lib/python3.12/site-packages/pip/_internal/cli/__init__.py', reloading
 * Detected change in '/root/repo/tensile-search-with-strands/api/venv_api/lib/python3.12/site-packages/pip/_internal/cli/autocompletion.py', reloading
 * Detected change in '/root/repo/tensile-search-with-strands/api/venv_api/lib/python3.12/site-packages/pip/_internal/cli/base_command.py', reloading
 * Detected change in '/root/repo/tensile-search-with-strands/api/venv_api/lib/python3.12/site-packages/pip/_internal/cli/cmdoptions.py', reloading
 * Detected change in '/root/repo/tensile-search-with-strands/api/venv_api/lib/python3.12/site-packages/pip/_internal/cli/command_context.py', reloading
 * Detected change in '/root/repo/tensile-search-with-strands/api/venv_api/lib/python3.12/site-packages/pip/_internal/cli/main.py', reloading
 * Detected change in '/root/repo/tensile-search-with-strands/api/venv_api/lib/python3.12/site-packages/pip/_internal/cli/main_parser.py', reloading
 * Detected change in '/root/repo/tensile-search-with-strands/api/venv_api/lib/python3.12/site-packages/pip/_internal/cli/parser.py', reloading
 * Detected change in '/root/repo/tensile-search-with-strands/api/venv_api/lib/python3.12/site-packages/pip/_internal/cli/progress_bars.py', reloading
 * Detected change in '/root/repo/tensile-search-with-strands/api/venv_api/lib/python3.12/site-packages/pip/_internal/cli/req_command.py', reloading
 * Detected change in '/root/repo/tensile-search-with-strands/api/venv_api/lib/python3.12/site-packages/pip/_internal/cli/spinners.py', reloading
 * Detected change in '/root/repo/tensile-search-with-strands/api/venv_api/lib/python3.12/site-packages/pip/_internal/cli/status_codes.py', reloading
 * Detected change in '/root/repo/tensile-search-with-strands/api/venv_api/lib/python3.12/site-packages/pip/_internal/commands/__init__.py', reloading
 * Detected change in '/root/repo/tensile-search-with-strands/api/venv_api/lib/python3.12/site-packages/pip/_internal/commands/cache.py', reloading
 * Detected change in '/root/repo/tensile-search-with-strands/api/venv_api/lib/python3.12/site-packages/pip/_internal/commands/check.py', reloading
 * Detected change in '/root/repo/tensile-search-with-strands/api/venv_api/lib/python3.12/site-packages/pip/_internal/commands/completion.py', reloading
 * Detected change in '/root/repo/tensile-search-with-strands/api/venv_api/lib/python3.12/site-packages/pip/_internal/commands/configuration.py', reloading
 * Detected change in '/root/repo/tensile-search-with-strands/api/venv_api/lib/python3.12/site-packages/pip/_internal/commands/debug.py', reloading
 * Detected change in '/root/repo/tensile-search-with-strands/api/venv_api/lib/python3.12/site-packages/pip/_internal/commands/download.py', reloading
 * Detected change in '/root/repo/tensile-search-with-strands/api/venv_api/lib/python3.12/site-packages/pip/_internal/commands/freeze.py', reloading
 * Detected change in '/root/repo/tensile-search-with-strands/api/venv_api/lib/python3.12/site-packages/pip/_internal/commands/hash.py', reloading
 * Detected change in '/root/repo/tensile-search-with-strands/api/venv_api/lib/python3.12/site-packages/pip/_internal/commands/help.py', reloading
 * Detected change in '/root/repo/tensile-search-with-strands/api/venv_api/lib/python3.12/site-packages/pip/_internal/commands/index.py', reloading
 * Detected change in '/root/repo/tensile-search-with-strands/api/venv_api/lib/python3.12/site-packages/pip/_internal/commands/inspect.py', reloading
 * Detected change in '/root/repo/tensile-search-with-strands/api/venv_api/lib/python3.12/site-packages/pip/_internal/commands/install.py', reloading
 * Detected change in '/root/repo/tensile-search-with-strands/api/venv_api/lib/python3.12/site-packages/pip/_internal/commands/list.py', reloading
 * Detected change in '/root/repo/tensile-search-with-strands/api/venv_api/lib/python3.12/site-packages/pip/_internal/commands/search.py', reloading
 * Detected change in '/root/repo/tensile-search-with-strands/api/venv_api/lib/python3.12/site-packages/pip/_internal/commands/show.py', reloading
 * Detected change in '/root/repo/tensile-search-with-strands/api/venv_api/lib/python3.12/site-packages/pip/_internal/commands/uninstall.py', reloading
 * Detected change in '/root/repo/tensile-search-with-strands/api/venv_api/lib/python3.12/site-packages/pip/_internal/commands/wheel.py', reloading
 * Detected change in '/root/repo/tensile-search-with-strands/api/venv_api/lib/python3.12/site-packages/pip/_internal/configuration.py', reloading
 * Detected change in '/root/repo/tensile-search-with-strands/api/venv_api/lib/python3.12/site-packages/pip/_internal/distributions/__init__.py', reloading
 * Detected change in '/root/repo/tensile-search-with-strands/api/venv_api/lib/python3.12/site-packages/pip/_internal/distributions/base.py', reloading
 * Detected change in '/root/repo/tensile-search-with-strands/api/venv_api/lib/python3.12/site-packages/pip/_internal/distributions/installed.py', reloading
 * Detected change in '/root/repo/tensile-search-with-strands/api/venv_api/lib/python3.12/site-packages/pip/_internal/distributions/sdist.py', reloading
 * Detected change in '/root/repo/tensile-search-with-strands/api/venv_api/lib/python3.12/site-packages/pip/_internal/distributions/wheel.py', reloading
 * Detected change in '/root/repo/tensile-search-with-strands/api/venv_api/lib/python3.12/site-packages/pip/_internal/exceptions.py', reloading
 * Detected change in '/root/repo/tensile-search-with-strands/api/venv_api/lib/python3.12/site-packages/pip/_internal/index/__init__.py', reloading
 * Detected change in '/root/repo/tensile-search-with-strands/api/venv_api/lib/python3.12/site-packages/pip/_internal/index/collector.py', reloading
 * Detected change in '/root/repo/tensile-search-with-strands/api/venv_api/lib/python3.12/site-packages/pip/_internal/index/package_finder.py', reloading
 * Detected change in '/root/repo/tensile-search-with-strands/api/venv_api/lib/python3.12/site-packages/pip/_internal/index/sources.py', reloading
 * Detected change in '/root/repo/tensile-search-with-strands/api/venv_api/lib/python3.12/site-packages/pip/_internal/locations/__init__.py', reloading
 * Detected change in '/root/repo/tensile-search-with-strands/api/venv_api/lib/python3.12/site-packages/pip/_internal/locations/_distutils.py', reloading
 * Detected change in '/root/repo/tensile-search-with-strands/api/venv_api/lib/python3.12/site-packages/pip/_internal/locations/_sysconfig.py', reloading
 * Detected change in '/root/repo/tensile-search-with-strands/api/venv_api/lib/python3.12/site-packages/pip/_internal/locations/base.py', reloading
 * Detected change in '/root/repo/tensile-search-with-strands/api/venv_api/lib/python3.12/site-packages/pip/_internal/main.py', reloading
 * Detected change in '/root/repo/tensile-search-with-strands/api/venv_api/lib/python3.12/site-packages/pip/_internal/metadata/__init__.py', reloading
 * Detected change in '/root/repo/tensile-search-with-strands/api/venv_api/lib/python3.12/site-packages/pip/_internal/metadata/_json.py', reloading
 * Detected change in '/root/repo/tensile-search-with-strands/api/venv_api/lib/python3.12/site-packages/pip/_internal/metadata/base.py', reloading
 * Detected change in '/root/repo/tensile-search-with-strands/api/venv_api/lib/python3.12/site-packages/pip/_internal/metadata/importlib/__init__.py', reloading
 * Detected change in '/root/repo/tensile-search-with-strands/api/venv_api/lib/python3.12/site-packages/pip/_internal/metadata/importlib/_compat.py', reloading
 * Detected change in '/root/repo/tensile-search-with-strands/api/venv_api/lib/python3.12/site-packages/pip/_internal/metadata/importlib/_dists.py', reloading
 * Detected change in '/root/repo/tensile-search-with-strands/api/venv_api/lib/python3.12/site-packages/pip/_internal/metadata/importlib/_envs.py', reloading
 * Detected change in '/root/repo/tensile-search-with-strands/api/venv_api/lib/python3.12/site-packages/pip/_internal/metadata/pkg_resources.py', reloading
 * Detected change in '/root/repo/tensile-search-with-strands/api/venv_api/lib/python3.12/site-packages/pip/_internal/models/__init__.py', reloading
 * Detected change in '/root/repo/tensile-search-with-strands/api/venv_api/lib/python3.12/site-packages/pip/_internal/models/candidate.py', reloading
 * Detected change in '/root/repo/tensile-search-with-strands/api/venv_api/lib/python3.12/site-packages/pip/_internal/models/direct_url.py', reloading
 * Detected change in '/root/repo/tensile-search-with-strands/api/venv_api/lib/python3.12/site-packages/pip/_internal/models/format_control.py', reloading
 * Detected change in '/root/repo/tensile-search-with-strands/api/venv_api/lib/python3.12/site-packages/pip/_internal/models/index.py', reloading
 * Detected change in '/root/repo/tensile-search-with-strands/api/venv_api/lib/python3.12/site-packages/pip/_internal/models/installation_report.py', reloading
 * Detected change in '/root/repo/tensile-search-with-strands/api/venv_api/lib/python3.12/site-packages/pip/_internal/models/link.py', reloading
 * Detected change in '/root/repo/tensile-search-with-strands/api/venv_api/lib/python3.12/site-packages/pip/_internal/models/scheme.py', reloading
 * Detected change in '/root/repo/tensile-search-with-strands/api/venv_api/lib/python3.12/site-packages/pip/_internal/models/search_scope.py', reloading
 * Detected change in '/root/repo/tensile-search-with-strands/api/venv_api/lib/python3.12/site-packages/pip/_internal/models/selection_prefs.py', reloading
 * Detected change in '/root/repo/tensile-search-with-strands/api/venv_api/lib/python3.12/site-packages/pip/_internal/models/target_python.py', reloading
 * Detected change in '/root/repo/tensile-search-with-strands/api/venv_api/lib/python3.12/site-packages/pip/_internal/models/wheel.py', reloading
 * Detected change in '/root/repo/tensile-search-with-strands/api/venv_api/lib/python3.12/site-packages/pip/_internal/network/__init__.py', reloading
 * Detected change in '/root/repo/tensile-search-with-strands/api/venv_api/lib/python3.12/site-packages/pip/_internal/network/auth.py', reloading
 * Detected change in '/root/repo/tensile-search-with-strands/api/venv_api/lib/python3.12/site-packages/pip/_internal/network/cache.py', reloading
 * Detected change in '/root/repo/tensile-search-with-strands/api/venv_api/lib/python3.12/site-packages/pip/_internal/network/download.py', reloading
 * Detected change in '/root/repo/tensile-search-with-strands/api/venv_api/lib/python3.12/site-packages/pip/_internal/network/lazy_wheel.py', reloading
 * Detected change in '/root/repo/tensile-search-with-strands/api/venv_api/lib/python3.12/site-packages/pip/_internal/network/session.py', reloading
 * Detected change in '/root/repo/tensile-search-with-strands/api/venv_api/lib/python3.12/site-packages/pip/_internal/network/utils.py', reloading
 * Detected change in '/root/repo/tensile-search-with-strands/api/venv_api/lib/python3.12/site-packages/pip/_internal/network/xmlrpc.py', reloading
 * Detected change in '/root/repo/tensile-search-with-strands/api/venv_api/lib/python3.12/site-packages/pip/_internal/operations/build/build_tracker.py', reloading
 * Detected change in '/root/repo/tensile-search-with-strands/api/venv_api/lib/python3.12/site-packages/pip/_internal/operations/build/metadata.py', reloading
 * Detected change in '/root/repo/tensile-search-with-strands/api/venv_api/lib/python3.12/site-packages/pip/_internal/operations/build/metadata_editable.py', reloading
 * Detected change in '/root/repo/tensile-search-with-strands/api/venv_api/lib/python3.12/site-packages/pip/_internal/operations/build/metadata_legacy.py', reloading
 * Detected change in '/root/repo/tensile-search-with-strands/api/venv_api/lib/python3.12/site-packages/pip/_internal/operations/build/wheel.py', reloading
 * Detected change in '/root/repo/tensile-search-with-strands/api/venv_api/lib/python3.12/site-packages/pip/_internal/operations/build/wheel_editable.py', reloading
 * Detected change in '/root/repo/tensile-search-with-strands/api/venv_api/lib/python3.12/site-packages/pip/_internal/operations/build/wheel_legacy.py', reloading
 * Detected change in '/root/repo/tensile-search-with-strands/api/venv_api/lib/python3.12/site-packages/pip/_internal/operations/check.py', reloading
 * Detected change in '/root/repo/tensile-search-with-strands/api/venv_api/lib/python3.12/site-packages/pip/_internal/operations/freeze.py', reloading
 * Detected change in '/root/repo/tensile-search-with-strands/api/venv_api/lib/python3.12/site-packages/pip/_internal/operations/install/__init__.py', reloading
 * Detected change in '/root/repo/tensile-search-with-strands/api/venv_api/lib/python3.12/site-packages/pip/_internal/operations/install/editable_legacy.py', reloading
 * Detected change in '/root/repo/tensile-search-with-strands/api/venv_api/lib/python3.12/site-packages/pip/_internal/operations/install/wheel.py', reloading
 * Detected change in '/root/repo/tensile-search-with-strands/api/venv_api/lib/python3.12/site-packages/pip/_internal/operations/prepare.py', reloading
 * Detected change in '/root/repo/tensile-search-with-strands/api/venv_api/lib/python3.12/site-packages/pip/_internal/pyproject.py', reloading
 * Detected change in '/root/repo/tensile-search-with-strands/api/venv_api/lib/python3.12/site-packages/pip/_internal/req/__init__.py', reloading
 * Detected change in '/root/repo/tensile-search-with-strands/api/venv_api/lib/python3.12/site-packages/pip/_internal/req/constructors.py', reloading
 * Detected change in '/root/repo/tensile-search-with-strands/api/venv_api/lib/python3.12/site-packages/pip/_internal/req/req_file.py', reloading
 * Detected change in '/root/repo/tensile-search-with-strands/api/venv_api/lib/python3.12/site-packages/pip/_internal/req/req_install.py', reloading
 * Detected change in '/root/repo/tensile-search-with-strands/api/venv_api/lib/python3.12/site-packages/pip/_internal/req/req_set.py', reloading
 * Detected change in '/root/repo/tensile-search-with-strands/api/venv_api/lib/python3.12/site-packages/pip/_internal/req/req_uninstall.py', reloading
 * Detected change in '/root/repo/tensile-search-with-strands/api/venv_api/lib/python3.12/site-packages/pip/_internal/resolution/base.py', reloading
 * Detected change in '/root/repo/tensile-search-with-strands/api/venv_api/lib/python3.12/site-packages/pip/_internal/resolution/legacy/resolver.py', reloading
 * Detected change in '/root/repo/tensile-search-with-strands/api/venv_api/lib/python3.12/site-packages/pip/_internal/resolution/resolvelib/base.py', reloading
 * Detected change in '/root/repo/tensile-search-with-strands/api/venv_api/lib/python3.12/site-packages/pip/_internal/resolution/resolvelib/candidates.py', reloading
 * Detected change in '/root/repo/tensile-search-with-strands/api/venv_api/lib/python3.12/site-packages/pip/_internal/resolution/resolvelib/factory.py', reloading
 * Detected change in '/root/repo/tensile-search-with-strands/api/venv_api/lib/python3.12/site-packages/pip/_internal/resolution/resolvelib/found_candidates.py', reloading
 * Detected change in '/root/repo/tensile-search-with-strands/api/venv_api/lib/python3.12/site-packages/pip/_internal/resolution/resolvelib/provider.py', reloading
 * Detected change in '/root/repo/tensile-search-with-strands/api/venv_api/lib/python3.12/site-packages/pip/_internal/resolution/resolvelib/reporter.py', reloading
 * Detected change in '/root/repo/tensile-search-with-strands/api/venv_api/lib/python3.12/site-packages/pip/_internal/resolution/resolvelib/requirements.py', reloading
 * Detected change in '/root/repo/tensile-search-with-strands/api/venv_api/lib/python3.12/site-packages/pip/_internal/resolution/resolvelib/resolver.py', reloading
 * Detected change in '/root/repo/tensile-search-with-strands/api/venv_api/lib/python3.12/site-packages/pip/_internal/self_outdated_check.py', reloading
 * Detected change in '/root/repo/tensile-search-with-strands/api/venv_api/lib/python3.12/site-packages/pip/_internal/utils/_jaraco_text.py', reloading
 * Detected change in '/root/repo/tensile-search-with-strands/api/venv_api/lib/python3.12/site-packages/pip/_internal/utils/_log.py', reloading
 * Detected change in '/root/repo/tensile-search-with-strands/api/venv_api/lib/python3.12/site-packages/pip/_internal/utils/appdirs.py', reloading
 * Detected change in '/root/repo/tensile-search-with-strands/api/venv_api/lib/python3.12/site-packages/pip/_internal/utils/compat.py', reloading
 * Detected change in '/root/repo/tensile-search-with-strands/api/venv_api/lib/python3.12/site-packages/pip/_internal/utils/compatibility_tags.py', reloading
 * Detected change in '/root/repo/tensile-search-with-strands/api/venv_api/lib/python3.12/site-packages/pip/_internal/utils/datetime.py', reloading
 * Detected change in '/root/repo/tensile-search-with-strands/api/venv_api/lib/python3.12/site-packages/pip/_internal/utils/deprecation.py', reloading
 * Detected change in '/root/repo/tensile-search-with-strands/api/venv_api/lib/python3.12/site-packages/pip/_internal/utils/direct_url_helpers.py', reloading
 * Detected change in '/root/repo/tensile-search-with-strands/api/venv_api/lib/python3.12/site-packages/pip/_internal/utils/egg_link.py', reloading
 * Detected change in '/root/repo/tensile-search-with-strands/api/venv_api/lib/python3.12/site-packages/pip/_internal/utils/encoding.py', reloading
 * Detected change in '/root/repo/tensile-search-with-strands/api/venv_api/lib/python3.12/site-packages/pip/_internal/utils/entrypoints.py', reloading
 * Detected change in '/root/repo/tensile-search-with-strands/api/venv_api/lib/python3.12/site-packages/pip/_internal/utils/filesystem.py', reloading
 * Detected change in '/root/repo/tensile-search-with-strands/api/venv_api/lib/python3.12/site-packages/pip/_internal/utils/filetypes.py', reloading
 * Detected change in '/root/repo/tensile-search-with-strands/api/venv_api/lib/python3.12/site-packages/pip/_internal/utils/glibc.py', reloading
 * Detected change in '/root/repo/tensile-search-with-strands/api/venv_api/lib/python3.12/site-packages/pip/_internal/utils/hashes.py', reloading
 * Detected change in '/root/repo/tensile-search-with-strands/api/venv_api/lib/python3.12/site-packages/pip/_internal/utils/logging.py', reloading
 * Detected change in '/root/repo/tensile-search-with-strands/api/venv_api/lib/python3.12/site-packages/pip/_internal/utils/misc.py', reloading
 * Detected change in '/root/repo/tensile-search-with-strands/api/venv_api/lib/python3.12/site-packages/pip/_internal/utils/models.py', reloading
 * Detected change in '/root/repo/tensile-search-with-strands/api/venv_api/lib/python3.12/site-packages/pip/_internal/utils/packaging.py', reloading
 * Detected change in '/root/repo/tensile-search-with-strands/api/venv_api/lib/python3.12/site-packages/pip/_internal/utils/setuptools_build.py', reloading
 * Detected change in '/root/repo/tensile-search-with-strands/api/venv_api/lib/python3.12/site-packages/pip/_internal/utils/subprocess.py', reloading
 * Detected change in '/root/repo/tensile-search-with-strands/api/venv_api/lib/python3.12/site-packages/pip/_internal/utils/temp_dir.py', reloading
 * Detected change in '/root/repo/tensile-search-with-strands/api/venv_api/lib/python3.12/site-packages/pip/_internal/utils/unpacking.py', reloading
 * Detected change in '/root/repo/tensile-search-with-strands/api/venv_api/lib/python3.12/site-packages/pip/_internal/utils/urls.py', reloading
 * Detected change in '/root/repo/tensile-search-with-strands/api/venv_api/lib/python3.12/site-packages/pip/_internal/utils/virtualenv.py', reloading
 * Detected change in '/root/repo/tensile-search-with-strands/api/venv_api/lib/python3.12/site-packages/pip/_internal/utils/wheel.py', reloading
 * Detected change in '/root/repo/tensile-search-with-strands/api/venv_api/lib/python3.12/site-packages/pip/_internal/vcs/__init__.py', reloading
 * Detected change in '/root/repo/tensile-search-with-strands/api/venv_api/lib/python3.12/site-packages/pip/_internal/vcs/bazaar.py', reloading
 * Detected change in '/root/repo/tensile-search-with-strands/api/venv_api/lib/python3.12/site-packages/pip/_internal/vcs/git.py', reloading
 * Detected change in '/root/repo/tensile-search-with-strands/api/venv_api/lib/python3.12/site-packages/pip/_internal/vcs/mercurial.py', reloading
 * Detected change in '/root/repo/tensile-search-with-strands/api/venv_api/lib/python3.12/site-packages/pip/_internal/vcs/subversion.py', reloading
 * Detected change in '/root/repo/tensile-search-with-strands/api/venv_api/lib/python3.12/site-packages/pip/_internal/vcs/versioncontrol.py', reloading
 * Detected change in '/root/repo/tensile-search-with-strands/api/venv_api/lib/python3.12/site-packages/pip/_internal/wheel_builder.py', reloading
 * Detected change in '/root/repo/tensile-search-with-strands/api/venv_api/lib/python3.12/site-packages/pip/_vendor/__init__.py', reloading
 * Detected change in '/root/repo/tensile-search-with-strands/api/venv_api/lib/python3.12/site-packages/pip/_vendor/cachecontrol/__init__.py', reloading
 * Detected change in '/root/repo/tensile-search-with-strands/api/venv_api/lib/python3.12/site-packages/pip/_vendor/cachecontrol/_cmd.py', reloading
 * Detected change in '/root/repo/tensile-search-with-strands/api/venv_api/lib/python3.12/site-packages/pip/_vendor/cachecontrol/adapter.py', reloading
 * Detected change in '/root/repo/tensile-search-with-strands/api/venv_api/lib/python3.12/site-packages/pip/_vendor/cachecontrol/cache.py', reloading
 * Detected change in '/root/repo/tensile-search-with-strands/api/venv_api/lib/python3.12/site-packages/pip/_vendor/cachecontrol/caches/__init__.py', reloading
 * Detected change in '/root/repo/tensile-search-with-strands/api/venv_api/lib/python3.12/site-packages/pip/_vendor/cachecontrol/caches/file_cache.py', reloading
 * Detected change in '/root/repo/tensile-search-with-strands/api/venv_api/lib/python3.12/site-packages/pip/_vendor/cachecontrol/caches/redis_cache.py', reloading
 * Detected change in '/root/repo/tensile-search-with-strands/api/venv_api/lib/python3.12/site-packages/pip/_vendor/cachecontrol/controller.py', reloading
 * Detected change in '/root/repo/tensile-search-with-strands/api/venv_api/lib/python3.12/site-packages/pip/_vendor/cachecontrol/filewrapper.py', reloading
 * Detected change in '/root/repo/tensile-search-with-strands/api/venv_api/lib/python3.12/site-packages/pip/_vendor/cachecontrol/heuristics.py', reloading
 * Detected change in '/root/repo/tensile-search-with-strands/api/venv_api/lib/python3.12/site-packages/pip/_vendor/cachecontrol/serialize.py', reloading
 * Detected change in '/root/repo/tensile-search-with-strands/api/venv_api/lib/python3.12/site-packages/pip/_vendor/cachecontrol/wrapper.py', reloading
 * Detected change in '/root/repo/tensile-search-with-strands/api/venv_api/lib/python3.12/site-packages/pip/_vendor/certifi/__init__.py', reloading
 * Detected change in '/root/repo/tensile-search-with-strands/api/venv_api/lib/python3.12/site-packages/pip/_vendor/certifi/__main__.py', reloading
 * Detected change in '/root/repo/tensile-search-with-strands/api/venv_api/lib/python3.12/site-packages/pip/_vendor/certifi/core.py', reloading
 * Detected change in '/root/repo/tensile-search-with-strands/api/venv_api/lib/python3.12/site-packages/pip/_vendor/chardet/__init__.py', reloading
 * Detected change in '/root/repo/tensile-search-with-strands/api/venv_api/lib/python3.12/site-packages/pip/_vendor/chardet/big5freq.py', reloading
 * Detected change in '/root/repo/tensile-search-with-strands/api/venv_api/lib/python3.12/site-packages/pip/_vendor/chardet/big5prober.py', reloading
 * Detected change in '/root/repo/tensile-search-with-strands/api/venv_api/lib/python3.12/site-packages/pip/_vendor/chardet/chardistribution.py', reloading
 * Detected change in '/root/repo/tensile-search-with-strands/api/venv_api/lib/python3.12/site-packages/pip/_vendor/chardet/charsetgroupprober.py', reloading
 * Detected change in '/root/repo/tensile-search-with-strands/api/venv_api/lib/python3.12/site-packages/pip/_vendor/chardet/charsetprober.py', reloading
 * Detected change in '/root/repo/tensile-search-with-strands/api/venv_api/lib/python3.12/site-packages/pip/_vendor/chardet/cli/chardetect.py', reloading
 * Detected change in '/root/repo/tensile-search-with-strands/api/venv_api/lib/python3.12/site-packages/pip/_vendor/chardet/codingstatemachine.py', reloading
 * Detected change in '/root/repo/tensile-search-with-strands/api/venv_api/lib/python3.12/site-packages/pip/_vendor/chardet/codingstatemachinedict.py', reloading
 * Detected change in '/root/repo/tensile-search-with-strands/api/venv_api/lib/python3.12/site-packages/pip/_vendor/chardet/cp949prober.py', reloading
 * Detected change in '/root/repo/tensile-search-with-strands/api/venv_api/lib/python3.12/site-packages/pip/_vendor/chardet/enums.py', reloading
 * Detected change in '/root/repo/tensile-search-with-strands/api/venv_api/lib/python3.12/site-packages/pip/_vendor/chardet/escprober.py', reloading
 * Detected change in '/root/repo/tensile-search-with-strands/api/venv_api/lib/python3.12/site-packages/pip/_vendor/chardet/escsm.py', reloading
 * Detected change in '/root/repo/tensile-search-with-strands/api/venv_api/lib/python3.12/site-packages/pip/_vendor/chardet/eucjpprober.py', reloading
 * Detected change in '/root/repo/tensile-search-with-strands/api/venv_api/lib/python3.12/site-packages/pip/_vendor/chardet/euckrfreq.py', reloading
 * Detected change in '/root/repo/tensile-search-with-strands/api/venv_api/lib/python3.12/site-packages/pip/_vendor/chardet/euckrprober.py', reloading
 * Detected change in '/root/repo/tensile-search-with-strands/api/venv_api/lib/python3.12/site-packages/pip/_vendor/chardet/euctwfreq.py', reloading
 * Detected change in '/root/repo/tensile-search-with-strands/api/venv_api/lib/python3.12/site-packages/pip/_vendor/chardet/euctwprober.py', reloading
 * Detected change in '/root/repo/tensile-search-with-strands/api/venv_api/lib/python3.12/site-packages/pip/_vendor/chardet/gb2312freq.py', reloading
 * Detected change in '/root/repo/tensile-search-with-strands/api/venv_api/lib/python3.12/site-packages/pip/_vendor/chardet/gb2312prober.py', reloading
 * Detected change in '/root/repo/tensile-search-with-strands/api/venv_api/lib/python3.12/site-packages/pip/_vendor/chardet/hebrewprober.py', reloading
 * Detected change in '/root/repo/tensile-search-with-strands/api/venv_api/lib/python3.12/site-packages/pip/_vendor/chardet/jisfreq.py', reloading
 * Detected change in '/root/repo/tensile-search-with-strands/api/venv_api/lib/python3.12/site-packages/pip/_vendor/chardet/johabfreq.py', reloading
 * Detected change in '/root/repo/tensile-search-with-strands/api/venv_api/lib/python3.12/site-packages/pip/_vendor/chardet/johabprober.py', reloading
 * Detected change in '/root/repo/tensile-search-with-strands/api/venv_api/lib/python3.12/site-packages/pip/_vendor/chardet/jpcntx.py', reloading
 * Detected change in '/root/repo/tensile-search-with-strands/api/venv_api/lib/python3.12/site-packages/pip/_vendor/chardet/langbulgarianmodel.py', reloading
 * Detected change in '/root/repo/tensile-search-with-strands/api/venv_api/lib/python3.12/site-packages/pip/_vendor/chardet/langgreekmodel.py', reloading
 * Detected change in '/root/repo/tensile-search-with-strands/api/venv_api/lib/python3.12/site-packages/pip/_vendor/chardet/langhebrewmodel.py', reloading
 * Detected change in '/root/repo/tensile-search-with-strands/api/venv_api/lib/python3.12/site-packages/pip/_vendor/chardet/langhungarianmodel.py', reloading
 * Detected change in '/root/repo/tensile-search-with-strands/api/venv_api/lib/python3.12/site-packages/pip/_vendor/chardet/langrussianmodel.py', reloading
 * Detected change in '/root/repo/tensile-search-with-strands/api/venv_api/lib/python3.12/site-packages/pip/_vendor/chardet/langthaimodel.py', reloading
 * Detected change in '/root/repo/tensile-search-with-strands/api/venv_api/lib/python3.12/site-packages/pip/_vendor/chardet/langturkishmodel.py', reloading
 * Detected change in '/root/repo/tensile-search-with-strands/api/venv_api/lib/python3.12/site-packages/pip/_vendor/chardet/latin1prober.py', reloading
 * Detected change in '/root/repo/tensile-search-with-strands/api/venv_api/lib/python3.12/site-packages/pip/_vendor/chardet/macromanprober.py', reloading
 * Detected change in '/root/repo/tensile-search-with-strands/api/venv_api/lib/python3.12/site-packages/pip/_vendor/chardet/mbcharsetprober.py', reloading
 * Detected change in '/root/repo/tensile-search-with-strands/api/venv_api/lib/python3.12/site-packages/pip/_vendor/chardet/mbcsgroupprober.py', reloading
 * Detected change in '/root/repo/tensile-search-with-strands/api/venv_api/lib/python3.12/site-packages/pip/_vendor/chardet/mbcssm.py', reloading
 * Detected change in '/root/repo/tensile-search-with-strands/api/venv_api/lib/python3.12/site-packages/pip/_vendor/chardet/metadata/languages.py', reloading
 * Detected change in '/root/repo/tensile-search-with-strands/api/venv_api/lib/python3.12/site-packages/pip/_vendor/chardet/resultdict.py', reloading
 * Detected change in '/root/repo/tensile-search-with-strands/api/venv_api/lib/python3.12/site-packages/pip/_vendor/chardet/sbcharsetprober.py', reloading
 * Detected change in '/root/repo/tensile-search-with-strands/api/venv_api/lib/python3.12/site-packages/pip/_vendor/chardet/sbcsgroupprober.py', reloading
 * Detected change in '/root/repo/tensile-search-with-strands/api/venv_api/lib/python3.12/site-packages/pip/_vendor/chardet/sjisprober.py', reloading
 * Detected change in '/root/repo/tensile-search-with-strands/api/venv_api/lib/python3.12/site-packages/pip/_vendor/chardet/universaldetector.py', reloading
 * Detected change in '/root/repo/tensile-search-with-strands/api/venv_api/lib/python3.12/site-packages/pip/_vendor/chardet/utf1632prober.py', reloading
 * Detected change in '/root/repo/tensile-search-with-strands/api/venv_api/lib/python3.12/site-packages/pip/_vendor/chardet/utf8prober.py', reloading
 * Detected change in '/root/repo/tensile-search-with-strands/api/venv_api/lib/python3.12/site-packages/pip/_vendor/chardet/version.py', reloading
 * Detected change in '/root/repo/tensile-search-with-strands/api/venv_api/lib/python3.12/site-packages/pip/_vendor/colorama/__init__.py', reloading
 * Detected change in '/root/repo/tensile-search-with-strands/api/venv_api/lib/python3.12/site-packages/pip/_vendor/colorama/ansi.py', reloading
 * Detected change in '/root/repo/tensile-search-with-strands/api/venv_api/lib/python3.12/site-packages/pip/_vendor/colorama/ansitowin32.py', reloading
 * Detected change in '/root/repo/tensile-search-with-strands/api/venv_api/lib/python3.12/site-packages/pip/_vendor/colorama/initialise.py', reloading
 * Detected change in '/root/repo/tensile-search-with-strands/api/venv_api/lib/python3.12/site-packages/pip/_vendor/colorama/tests/__init__.py', reloading
 * Detected change in '/root/repo/tensile-search-with-strands/api/venv_api/lib/python3.12/site-packages/pip/_vendor/colorama/tests/ansi_test.py', reloading
 * Detected change in '/root/repo/tensile-search-with-strands/api/venv_api/lib/python3.12/site-packages/pip/_vendor/colorama/tests/ansitowin32_test.py', reloading
 * Detected change in '/root/repo/tensile-search-with-strands/api/venv_api/lib/python3.12/site-packages/pip/_vendor/colorama/tests/initialise_test.py', reloading
 * Detected change in '/root/repo/tensile-search-with-strands/api/venv_api/lib/python3.12/site-packages/pip/_vendor/colorama/tests/isatty_test.py', reloading
 * Detected change in '/root/repo/tensile-search-with-strands/api/venv_api/lib/python3.12/site-packages/pip/_vendor/colorama/tests/utils.py', reloading
 * Detected change in '/root/repo/tensile-search-with-strands/api/venv_api/lib/python3.12/site-packages/pip/_vendor/colorama/tests/winterm_test.py', reloading
 * Detected change in '/root/repo/tensile-search-with-strands/api/venv_api/lib/python3.12/site-packages/pip/_vendor/colorama/win32.py', reloading
 * Detected change in '/root/repo/tensile-search-with-strands/api/venv_api/lib/python3.12/site-packages/pip/_vendor/colorama/winterm.py', reloading
 * Detected change in '/root/repo/tensile-search-with-strands/api/venv_api/lib/python3.12/site-packages/pip/_vendor/distlib/__init__.py', reloading
 * Detected change in '/root/repo/tensile-search-with-strands/api/venv_api/lib/python3.12/site-packages/pip/_vendor/distlib/compat.py', reloading
 * Detected change in '/root/repo/tensile-search-with-strands/api/venv_api/lib/python3.12/site-packages/pip/_vendor/distlib/database.py', reloading
 * Detected change in '/root/repo/tensile-search-with-strands/api/venv_api/lib/python3.12/site-packages/pip/_vendor/distlib/index.py', reloading
 * Detected change in '/root/repo/tensile-search-with-strands/api/venv_api/lib/python3.12/site-packages/pip/_vendor/distlib/locators.py', reloading
 * Detected change in '/root/repo/tensile-search-with-strands/api/venv_api/lib/python3.12/site-packages/pip/_vendor/distlib/manifest.py', reloading
 * Detected change in '/root/repo/tensile-search-with-strands/api/venv_api/lib/python3.12/site-packages/pip/_vendor/distlib/markers.py', reloading
 * Detected change in '/root/repo/tensile-search-with-strands/api/venv_api/lib/python3.12/site-packages/pip/_vendor/distlib/metadata.py', reloading
 * Detected change in '/root/repo/tensile-search-with-strands/api/venv_api/lib/python3.12/site-packages/pip/_vendor/distlib/resources.py', reloading
 * Detected change in '/root/repo/tensile-search-with-strands/api/venv_api/lib/python3.12/site-packages/pip/_vendor/distlib/scripts.py', reloading
 * Detected change in '/root/repo/tensile-search-with-strands/api/venv_api/lib/python3.12/site-packages/pip/_vendor/distlib/util.py', reloading
 * Detected change in '/root/repo/tensile-search-with-strands/api/venv_api/lib/python3.12/site-packages/pip/_vendor/distlib/version.py', reloading
 * Detected change in '/root/repo/tensile-search-with-strands/api/venv_api/lib/python3.12/site-packages/pip/_vendor/distlib/wheel.py', reloading
 * Detected change in '/root/repo/tensile-search-with-strands/api/venv_api/lib/python3.12/site-packages/pip/_vendor/distro/__init__.py', reloading
 * Detected change in '/root/repo/tensile-search-with-strands/api/venv_api/lib/python3.12/site-packages/pip/_vendor/distro/__main__.py', reloading
 * Detected change in '/root/repo/tensile-search-with-strands/api/venv_api/lib/python3.12/site-packages/pip/_vendor/distro/distro.py', reloading
 * Detected change in '/root/repo/tensile-search-with-strands/api/venv_api/lib/python3.12/site-packages/pip/_vendor/idna/__init__.py', reloading
 * Detected change in '/root/repo/tensile-search-with-strands/api/venv_api/lib/python3.12/site-packages/pip/_vendor/idna/codec.py', reloading
 * Detected change in '/root/repo/tensile-search-with-strands/api/venv_api/lib/python3.12/site-packages/pip/_vendor/idna/compat.py', reloading
 * Detected change in '/root/repo/tensile-search-with-strands/api/venv_api/lib/python3.12/site-packages/pip/_vendor/idna/core.py', reloading
 * Detected change in '/root/repo/tensile-search-with-strands/api/venv_api/lib/python3.12/site-packages/pip/_vendor/idna/idnadata.py', reloading
 * Detected change in '/root/repo/tensile-search-with-strands/api/venv_api/lib/python3.12/site-packages/pip/_vendor/idna/intranges.py', reloading
 * Detected change in '/root/repo/tensile-search-with-strands/api/venv_api/lib/python3.12/site-packages/pip/_vendor/idna/package_data.py', reloading
 * Detected change in '/root/repo/tensile-search-with-strands/api/venv_api/lib/python3.12/site-packages/pip/_vendor/idna/uts46data.py', reloading
 * Detected change in '/root/repo/tensile-search-with-strands/api/venv_api/lib/python3.12/site-packages/pip/_vendor/msgpack/__init__.py', reloading
 * Detected change in '/root/repo/tensile-search-with-strands/api/venv_api/lib/python3.12/site-packages/pip/_vendor/msgpack/exceptions.py', reloading
 * Detected change in '/root/repo/tensile-search-with-strands/api/venv_api/lib/python3.12/site-packages/pip/_vendor/msgpack/ext.py', reloading
 * Detected change in '/root/repo/tensile-search-with-strands/api/venv_api/lib/python3.12/site-packages/pip/_vendor/msgpack/fallback.py', reloading
 * Detected change in '/root/repo/tensile-search-with-strands/api/venv_api/lib/python3.12/site-packages/pip/_vendor/packaging/__about__.py', reloading
 * Detected change in '/root/repo/tensile-search-with-strands/api/venv_api/lib/python3.12/site-packages/pip/_vendor/packaging/__init__.py', reloading
 * Detected change in '/root/repo/tensile-search-with-strands/api/venv_api/lib/python3.12/site-packages/pip/_vendor/packaging/_manylinux.py', reloading
 * Detected change in '/root/repo/tensile-search-with-strands/api/venv_api/lib/python3.12/site-packages/pip/_vendor/packaging/_musllinux.py', reloading
 * Detected change in '/root/repo/tensile-search-with-strands/api/venv_api/lib/python3.12/site-packages/pip/_vendor/packaging/_structures.py', reloading
 * Detected change in '/root/repo/tensile-search-with-strands/api/venv_api/lib/python3.12/site-packages/pip/_vendor/packaging/markers.py', reloading
 * Detected change in '/root/repo/tensile-search-with-strands/api/venv_api/lib/python3.12/site-packages/pip/_vendor/packaging/requirements.py', reloading
 * Detected change in '/root/repo/tensile-search-with-strands/api/venv_api/lib/python3.12/site-packages/pip/_vendor/packaging/specifiers.py', reloading
 * Detected change in '/root/repo/tensile-search-with-strands/api/venv_api/lib/python3.12/site-packages/pip/_vendor/packaging/tags.py', reloading
 * Detected change in '/root/repo/tensile-search-with-strands/api/venv_api/lib/python3.12/site-packages/pip/_vendor/packaging/utils.py', reloading
 * Detected change in '/root/repo/tensile-search-with-strands/api/venv_api/lib/python3.12/site-packages/pip/_vendor/packaging/version.py', reloading
 * Detected change in '/root/repo/tensile-search-with-strands/api/venv_api/lib/python3.12/site-packages/pip/_vendor/pkg_resources/__init__.py', reloading
 * Detected change in '/root/repo/tensile-search-with-strands/api/venv_api/lib/python3.12/site-packages/pip/_vendor/platformdirs/__init__.py', reloading
 * Detected change in '/root/repo/tensile-search-with-strands/api/venv_api/lib/python3.12/site-packages/pip/_vendor/platformdirs/__main__.py', reloading
 * Detected change in '/root/repo/tensile-search-with-strands/api/venv_api/lib/python3.12/site-packages/pip/_vendor/platformdirs/android.py', reloading
 * Detected change in '/root/repo/tensile-search-with-strands/api/venv_api/lib/python3.12/site-packages/pip/_vendor/platformdirs/api.py', reloading
 * Detected change in '/root/repo/tensile-search-with-strands/api/venv_api/lib/python3.12/site-packages/pip/_vendor/platformdirs/macos.py', reloading
 * Detected change in '/root/repo/tensile-search-with-strands/api/venv_api/lib/python3.12/site-packages/pip/_vendor/platformdirs/unix.py', reloading
 * Detected change in '/root/repo/tensile-search-with-strands/api/venv_api/lib/python3.12/site-packages/pip/_vendor/platformdirs/version.py', reloading
 * Detected change in '/root/repo/tensile-search-with-strands/api/venv_api/lib/python3.12/site-packages/pip/_vendor/platformdirs/windows.py', reloading
 * Detected change in '/root/repo/tensile-search-with-strands/api/venv_api/lib/python3.12/site-packages/pip/_vendor/pygments/__init__.py', reloading
 * Detected change in '/root/repo/tensile-search-with-strands/api/venv_api/lib/python3.12/site-packages/pip/_vendor/pygments/__main__.py', reloading
 * Detected change in '/root/repo/tensile-search-with-strands/api/venv_api/lib/python3.12/site-packages/pip/_vendor/pygments/cmdline.py', reloading
 * Detected change in '/root/repo/tensile-search-with-strands/api/venv_api/lib/python3.12/site-packages/pip/_vendor/pygments/console.py', reloading
 * Detected change in '/root/repo/tensile-search-with-strands/api/venv_api/lib/python3.12/site-packages/pip/_vendor/pygments/filter.py', reloading
 * Detected change in '/root/repo/tensile-search-with-strands/api/venv_api/lib/python3.12/site-packages/pip/_vendor/pygments/filters/__init__.py', reloading
 * Detected change in '/root/repo/tensile-search-with-strands/api/venv_api/lib/python3.12/site-packages/pip/_vendor/pygments/formatter.py', reloading
 * Detected change in '/root/repo/tensile-search-with-strands/api/venv_api/lib/python3.12/site-packages/pip/_vendor/pygments/formatters/__init__.py', reloading
 * Detected change in '/root/repo/tensile-search-with-strands/api/venv_api/lib/python3.12/site-packages/pip/_vendor/pygments/formatters/_mapping.py', reloading
 * Detected change in '/root/repo/tensile-search-with-strands/api/venv_api/lib/python3.12/site-packages/pip/_vendor/pygments/formatters/bbcode.py', reloading
 * Detected change in '/root/repo/tensile-search-with-strands/api/venv_api/lib/python3.12/site-packages/pip/_vendor/pygments/formatters/groff.py', reloading
 * Detected change in '/root/repo/tensile-search-with-strands/api/venv_api/lib/python3.12/site-packages/pip/_vendor/pygments/formatters/html.py', reloading
 * Detected change in '/root/repo/tensile-search-with-strands/api/venv_api/lib/python3.12/site-packages/pip/_vendor/pygments/formatters/img.py', reloading
 * Detected change in '/root/repo/tensile-search-with-strands/api/venv_api/lib/python3.12/site-packages/pip/_vendor/pygments/formatters/irc.py', reloading
 * Detected change in '/root/repo/tensile-search-with-strands/api/venv_api/lib/python3.12/site-packages/pip/_vendor/pygments/formatters/latex.py', reloading
 * Detected change in '/root/repo/tensile-search-with-strands/api/venv_api/lib/python3.12/site-packages/pip/_vendor/pygments/formatters/other.py', reloading
 * Detected change in '/root/repo/tensile-search-with-strands/api/venv_api/lib/python3.12/site-packages/pip/_vendor/pygments/formatters/pangomarkup.py', reloading
 * Detected change in '/root/repo/tensile-search-with-strands/api/venv_api/lib/python3.12/site-packages/pip/_vendor/pygments/formatters/rtf.py', reloading
 * Detected change in '/root/repo/tensile-search-with-strands/api/venv_api/lib/python3.12/site-packages/pip/_vendor/pygments/formatters/svg.py', reloading
 * Detected change in '/root/repo/tensile-search-with-strands/api/venv_api/lib/python3.12/site-packages/pip/_vendor/pygments/formatters/terminal.py', reloading
 * Detected change in '/root/repo/tensile-search-with-strands/api/venv_api/lib/python3.12/site-packages/pip/_vendor/pygments/formatters/terminal256.py', reloading
 * Detected change in '/root/repo/tensile-search-with-strands/api/venv_api/lib/python3.12/site-packages/pip/_vendor/pygments/lexer.py', reloading
 * Detected change in '/root/repo/tensile-search-with-strands/api/venv_api/lib/python3.12/site-packages/pip/_vendor/pygments/lexers/__init__.py', reloading
 * Detected change in '/root/repo/tensile-search-with-strands/api/venv_api/lib/python3.12/site-packages/pip/_vendor/pygments/lexers/_mapping.py', reloading
 * Detected change in '/root/repo/tensile-search-with-strands/api/venv_api/lib/python3.12/site-packages/pip/_vendor/pygments/lexers/python.py', reloading
 * Detected change in '/root/repo/tensile-search-with-strands/api/venv_api/lib/python3.12/site-packages/pip/_vendor/pygments/modeline.py', reloading
 * Detected change in '/root/repo/tensile-search-with-strands/api/venv_api/lib/python3.12/site-packages/pip/_vendor/pygments/plugin.py', reloading
 * Detected change in '/root/repo/tensile-search-with-strands/api/venv_api/lib/python3.12/site-packages/pip/_vendor/pygments/regexopt.py', reloading
 * Detected change in '/root/repo/tensile-search-with-strands/api/venv_api/lib/python3.12/site-packages/pip/_vendor/pygments/scanner.py', reloading
 * Detected change in '/root/repo/tensile-search-with-strands/api/venv_api/lib/python3.12/site-packages/pip/_vendor/pygments/sphinxext.py', reloading
 * Detected change in '/root/repo/tensile-search-with-strands/api/venv_api/lib/python3.12/site-packages/pip/_vendor/pygments/style.py', reloading
 * Detected change in '/root/repo/tensile-search-with-strands/api/venv_api/lib/python3.12/site-packages/pip/_vendor/pygments/styles/__init__.py', reloading
 * Detected change in '/root/repo/tensile-search-with-strands/api/venv_api/lib/python3.12/site-packages/pip/_vendor/pygments/token.py', reloading
 * Detected change in '/root/repo/tensile-search-with-strands/api/venv_api/lib/python3.12/site-packages/pip/_vendor/pygments/unistring.py', reloading
 * Detected change in '/root/repo/tensile-search-with-strands/api/venv_api/lib/python3.12/site-packages/pip/_vendor/pygments/util.py', reloading
 * Detected change in '/root/repo/tensile-search-with-strands/api/venv_api/lib/python3.12/site-packages/pip/_vendor/pyparsing/__init__.py', reloading
 * Detected change in '/root/repo/tensile-search-with-strands/api/venv_api/lib/python3.12/site-packages/pip/_vendor/pyparsing/actions.py', reloading
 * Detected change in '/root/repo/tensile-search-with-strands/api/venv_api/lib/python3.12/site-packages/pip/_vendor/pyparsing/common.py', reloading
 * Detected change in '/root/repo/tensile-search-with-strands/api/venv_api/lib/python3.12/site-packages/pip/_vendor/pyparsing/core.py', reloading
 * Detected change in '/root/repo/tensile-search-with-strands/api/venv_api/lib/python3.12/site-packages/pip/_vendor/pyparsing/diagram/__init__.py', reloading
 * Detected change in '/root/repo/tensile-search-with-strands/api/venv_api/lib/python3.12/site-packages/pip/_vendor/pyparsing/exceptions.py', reloading
 * Detected change in '/root/repo/tensile-search-with-strands/api/venv_api/lib/python3.12/site-packages/pip/_vendor/pyparsing/helpers.py', reloading
 * Detected change in '/root/repo/tensile-search-with-strands/api/venv_api/lib/python3.12/site-packages/pip/_vendor/pyparsing/results.py', reloading
 * Detected change in '/root/repo/tensile-search-with-strands/api/venv_api/lib/python3.12/site-packages/pip/_vendor/pyparsing/testing.py', reloading
 * Detected change in '/root/repo/tensile-search-with-strands/api/venv_api/lib/python3.12/site-packages/pip/_vendor/pyparsing/unicode.py', reloading
 * Detected change in '/root/repo/tensile-search-with-strands/api/venv_api/lib/python3.12/site-packages/pip/_vendor/pyparsing/util.py', reloading
 * Detected change in '/root/repo/tensile-search-with-strands/api/venv_api/lib/python3.12/site-packages/pip/_vendor/pyproject_hooks/__init__.py', reloading
 * Detected change in '/root/repo/tensile-search-with-strands/api/venv_api/lib/python3.12/site-packages/pip/_vendor/pyproject_hooks/_compat.py', reloading
 * Detected change in '/root/repo/tensile-search-with-strands/api/venv_api/lib/python3.12/site-packages/pip/_vendor/pyproject_hooks/_impl.py', reloading
 * Detected change in '/root/repo/tensile-search-with-strands/api/venv_api/lib/python3.12/site-packages/pip/_vendor/pyproject_hooks/_in_process/__init__.py', reloading
 * Detected change in '/root/repo/tensile-search-with-strands/api/venv_api/lib/python3.12/site-packages/pip/_vendor/pyproject_hooks/_in_process/_in_process.py', reloading
 * Detected change in '/root/repo/tensile-search-with-strands/api/venv_api/lib/python3.12/site-packages/pip/_vendor/requests/__init__.py', reloading
 * Detected change in '/root/repo/tensile-search-with-strands/api/venv_api/lib/python3.12/site-packages/pip/_vendor/requests/__version__.py', reloading
 * Detected change in '/root/repo/tensile-search-with-strands/api/venv_api/lib/python3.12/site-packages/pip/_vendor/requests/_internal_utils.py', reloading
 * Detected change in '/root/repo/tensile-search-with-strands/api/venv_api/lib/python3.12/site-packages/pip/_vendor/requests/adapters.py', reloading
 * Detected change in '/root/repo/tensile-search-with-strands/api/venv_api/lib/python3.12/site-packages/pip/_vendor/requests/api.py', reloading
 * Detected change in '/root/repo/tensile-search-with-strands/api/venv_api/lib/python3.12/site-packages/pip/_vendor/requests/auth.py', reloading
 * Detected change in '/root/repo/tensile-search-with-strands/api/venv_api/lib/python3.12/site-packages/pip/_vendor/requests/certs.py', reloading
 * Detected change in '/root/repo/tensile-search-with-strands/api/venv_api/lib/python3.12/site-packages/pip/_vendor/requests/compat.py', reloading
 * Detected change in '/root/repo/tensile-search-with-strands/api/venv_api/lib/python3.12/site-packages/pip/_vendor/requests/cookies.py', reloading
 * Detected change in '/root/repo/tensile-search-with-strands/api/venv_api/lib/python3.12/site-packages/pip/_vendor/requests/exceptions.py', reloading
 * Detected change in '/root/repo/tensile-search-with-strands/api/venv_api/lib/python3.12/site-packages/pip/_vendor/requests/help.py', reloading
 * Detected change in '/root/repo/tensile-search-with-strands/api/venv_api/lib/python3.12/site-packages/pip/_vendor/requests/hooks.py', reloading
 * Detected change in '/root/repo/tensile-search-with-strands/api/venv_api/lib/python3.12/site-packages/pip/_vendor/requests/models.py', reloading
 * Detected change in '/root/repo/tensile-search-with-strands/api/venv_api/lib/python3.12/site-packages/pip/_vendor/requests/packages.py', reloading
 * Detected change in '/root/repo/tensile-search-with-strands/api/venv_api/lib/python3.12/site-packages/pip/_vendor/requests/sessions.py', reloading
 * Detected change in '/root/repo/tensile-search-with-strands/api/venv_api/lib/python3.12/site-packages/pip/_vendor/requests/status_codes.py', reloading
 * Detected change in '/root/repo/tensile-search-with-strands/api/venv_api/lib/python3.12/site-packages/pip/_vendor/requests/structures.py', reloading
 * Detected change in '/root/repo/tensile-search-with-strands/api/venv_api/lib/python3.12/site-packages/pip/_vendor/requests/utils.py', reloading
 * Detected change in '/root/repo/tensile-search-with-strands/api/venv_api/lib/python3.12/site-packages/pip/_vendor/resolvelib/__init__.py', reloading
 * Detected change in '/root/repo/tensile-search-with-strands/api/venv_api/lib/python3.12/site-packages/pip/_vendor/resolvelib/compat/collections_abc.py', reloading
 * Detected change in '/root/repo/tensile-search-with-strands/api/venv_api/lib/python3.12/site-packages/pip/_vendor/resolvelib/providers.py', reloading
 * Detected change in '/root/repo/tensile-search-with-strands/api/venv_api/lib/python3.12/site-packages/pip/_vendor/resolvelib/reporters.py', reloading
 * Detected change in '/root/repo/tensile-search-with-strands/api/venv_api/lib/python3.12/site-packages/pip/_vendor/resolvelib/resolvers.py', reloading
 * Detected change in '/root/repo/tensile-search-with-strands/api/venv_api/lib/python3.12/site-packages/pip/_vendor/resolvelib/structs.py', reloading
 * Detected change in '/root/repo/tensile-search-with-strands/api/venv_api/lib/python3.12/site-packages/pip/_vendor/rich/__init__.py', reloading
 * Detected change in '/root/repo/tensile-search-with-strands/api/venv_api/lib/python3.12/site-packages/pip/_vendor/rich/__main__.py', reloading
 * Detected change in '/root/repo/tensile-search-with-strands/api/venv_api/lib/python3.12/site-packages/pip/_vendor/rich/_cell_widths.py', reloading
 * Detected change in '/root/repo/tensile-search-with-strands/api/venv_api/lib/python3.12/site-packages/pip/_vendor/rich/_emoji_codes.py', reloading
 * Detected change in '/root/repo/tensile-search-with-strands/api/venv_api/lib/python3.12/site-packages/pip/_vendor/rich/_emoji_replace.py', reloading
 * Detected change in '/root/repo/tensile-search-with-strands/api/venv_api/lib/python3.12/site-packages/pip/_vendor/rich/_export_format.py', reloading
 * Detected change in '/root/repo/tensile-search-with-strands/api/venv_api/lib/python3.12/site-packages/pip/_vendor/rich/_extension.py', reloading
 * Detected change in '/root/repo/tensile-search-with-strands/api/venv_api/lib/python3.12/site-packages/pip/_vendor/rich/_fileno.py', reloading
 * Detected change in '/root/repo/tensile-search-with-strands/api/venv_api/lib/python3.12/site-packages/pip/_vendor/rich/_inspect.py', reloading
 * Detected change in '/root/repo/tensile-search-with-strands/api/venv_api/lib/python3.12/site-packages/pip/_vendor/rich/_log_render.py', reloading
 * Detected change in '/root/repo/tensile-search-with-strands/api/venv_api/lib/python3.12/site-packages/pip/_vendor/rich/_loop.py', reloading
 * Detected change in '/root/repo/tensile-search-with-strands/api/venv_api/lib/python3.12/site-packages/pip/_vendor/rich/_null_file.py', reloading
 * Detected change in '/root/repo/tensile-search-with-strands/api/venv_api/lib/python3.12/site-packages/pip/_vendor/rich/_palettes.py', reloading
 * Detected change in '/root/repo/tensile-search-with-strands/api/venv_api/lib/python3.12/site-packages/pip/_vendor/rich/_pick.py', reloading
 * Detected change in '/root/repo/tensile-search-with-strands/api/venv_api/lib/python3.12/site-packages/pip/_vendor/rich/_ratio.py', reloading
 * Detected change in '/root/repo/tensile-search-with-strands/api/venv_api/lib/python3.12/site-packages/pip/_vendor/rich/_spinners.py', reloading
 * Detected change in '/root/repo/tensile-search-with-strands/api/venv_api/lib/python3.12/site-packages/pip/_vendor/rich/_stack.py', reloading
 * Detected change in '/root/repo/tensile-search-with-strands/api/venv_api/lib/python3.12/site-packages/pip/_vendor/rich/_timer.py', reloading
 * Detected change in '/root/repo/tensile-search-with-strands/api/venv_api/lib/python3.12/site-packages/pip/_vendor/rich/_win32_console.py', reloading
 * Detected change in '/root/repo/tensile-search-with-strands/api/venv_api/lib/python3.12/site-packages/pip/_vendor/rich/_windows.py', reloading
 * Detected change in '/root/repo/tensile-search-with-strands/api/venv_api/lib/python3.12/site-packages/pip/_vendor/rich/_windows_renderer.py', reloading
 * Detected change in '/root/repo/tensile-search-with-strands/api/venv_api/lib/python3.12/site-packages/pip/_vendor/rich/_wrap.py', reloading
 * Detected change in '/root/repo/tensile-search-with-strands/api/venv_api/lib/python3.12/site-packages/pip/_vendor/rich/abc.py', reloading
 * Detected change in '/root/repo/tensile-search-with-strands/api/venv_api/lib/python3.12/site-packages/pip/_vendor/rich/align.py', reloading
 * Detected change in '/root/repo/tensile-search-with-strands/api/venv_api/lib/python3.12/site-packages/pip/_vendor/rich/ansi.py', reloading
 * Detected change in '/root/repo/tensile-search-with-strands/api/venv_api/lib/python3.12/site-packages/pip/_vendor/rich/bar.py', reloading
 * Detected change in '/root/repo/tensile-search-with-strands/api/venv_api/lib/python3.12/site-packages/pip/_vendor/rich/box.py', reloading
 * Detected change in '/root/repo/tensile-search-with-strands/api/venv_api/lib/python3.12/site-packages/pip/_vendor/rich/cells.py', reloading
 * Detected change in '/root/repo/tensile-search-with-strands/api/venv_api/lib/python3.12/site-packages/pip/_vendor/rich/color.py', reloading
 * Detected change in '/root/repo/tensile-search-with-strands/api/venv_api/lib/python3.12/site-packages/pip/_vendor/rich/color_triplet.py', reloading
 * Detected change in '/root/repo/tensile-search-with-strands/api/venv_api/lib/python3.12/site-packages/pip/_vendor/rich/columns.py', reloading
 * Detected change in '/root/repo/tensile-search-with-strands/api/venv_api/lib/python3.12/site-packages/pip/_vendor/rich/console.py', reloading
 * Detected change in '/root/repo/tensile-search-with-strands/api/venv_api/lib/python3.12/site-packages/pip/_vendor/rich/constrain.py', reloading
 * Detected change in '/root/repo/tensile-search-with-strands/api/venv_api/lib/python3.12/site-packages/pip/_vendor/rich/containers.py', reloading
 * Detected change in '/root/repo/tensile-search-with-strands/api/venv_api/lib/python3.12/site-packages/pip/_vendor/rich/control.py', reloading
 * Detected change in '/root/repo/tensile-search-with-strands/api/venv_api/lib/python3.12/site-packages/pip/_vendor/rich/default_styles.py', reloading
 * Detected change in '/root/repo/tensile-search-with-strands/api/venv_api/lib/python3.12/site-packages/pip/_vendor/rich/diagnose.py', reloading
 * Detected change in '/root/repo/tensile-search-with-strands/api/venv_api/lib/python3.12/site-packages/pip/_vendor/rich/emoji.py', reloading
 * Detected change in '/root/repo/tensile-search-with-strands/api/venv_api/lib/python3.12/site-packages/pip/_vendor/rich/errors.py', reloading
 * Detected change in '/root/repo/tensile-search-with-strands/api/venv_api/lib/python3.12/site-packages/pip/_vendor/rich/file_proxy.py', reloading
 * Detected change in '/root/repo/tensile-search-with-strands/api/venv_api/lib/python3.12/site-packages/pip/_vendor/rich/filesize.py', reloading
 * Detected change in '/root/repo/tensile-search-with-strands/api/venv_api/lib/python3.12/site-packages/pip/_vendor/rich/highlighter.py', reloading
 * Detected change in '/root/repo/tensile-search-with-strands/api/venv_api/lib/python3.12/site-packages/pip/_vendor/rich/json.py', reloading
 * Detected change in '/root/repo/tensile-search-with-strands/api/venv_api/lib/python3.12/site-packages/pip/_vendor/rich/jupyter.py', reloading
 * Detected change in '/root/repo/tensile-search-with-strands/api/venv_api/lib/python3.12/site-packages/pip/_vendor/rich/layout.py', reloading
 * Detected change in '/root/repo/tensile-search-with-strands/api/venv_api/lib/python3.12/site-packages/pip/_vendor/rich/live.py', reloading
 * Detected change in '/root/repo/tensile-search-with-strands/api/venv_api/lib/python3.12/site-packages/pip/_vendor/rich/live_render.py', reloading
 * Detected change in '/root/repo/tensile-search-with-strands/api/venv_api/lib/python3.12/site-packages/pip/_vendor/rich/logging.py', reloading
 * Detected change in '/root/repo/tensile-search-with-strands/api/venv_api/lib/python3.12/site-packages/pip/_vendor/rich/markup.py', reloading
 * Detected change in '/root/repo/tensile-search-with-strands/api/venv_api/lib/python3.12/site-packages/pip/_vendor/rich/measure.py', reloading
 * Detected change in '/root/repo/tensile-search-with-strands/api/venv_api/lib/python3.12/site-packages/pip/_vendor/rich/padding.py', reloading
 * Detected change in '/root/repo/tensile-search-with-strands/api/venv_api/lib/python3.12/site-packages/pip/_vendor/rich/pager.py', reloading
 * Detected change in '/root/repo/tensile-search-with-strands/api/venv_api/lib/python3.12/site-packages/pip/_vendor/rich/palette.py', reloading
 * Detected change in '/root/repo/tensile-search-with-strands/api/venv_api/lib/python3.12/site-packages/pip/_vendor/rich/panel.py', reloading
 * Detected change in '/root/repo/tensile-search-with-strands/api/venv_api/lib/python3.12/site-packages/pip/_vendor/rich/pretty.py', reloading
 * Detected change in '/root/repo/tensile-search-with-strands/api/venv_api/lib/python3.12/site-packages/pip/_vendor/rich/progress.py', reloading
 * Detected change in '/root/repo/tensile-search-with-strands/api/venv_api/lib/python3.12/site-packages/pip/_vendor/rich/progress_bar.py', reloading
 * Detected change in '/root/repo/tensile-search-with-strands/api/venv_api/lib/python3.12/site-packages/pip/_vendor/rich/prompt.py', reloading
 * Detected change in '/root/repo/tensile-search-with-strands/api/venv_api/lib/python3.12/site-packages/pip/_vendor/rich/protocol.py', reloading
 * Detected change in '/root/repo/tensile-search-with-strands/api/venv_api/lib/python3.12/site-packages/pip/_vendor/rich/region.py', reloading
 * Detected change in '/root/repo/tensile-search-with-strands/api/venv_api/lib/python3.12/site-packages/pip/_vendor/rich/repr.py', reloading
 * Detected change in '/root/repo/tensile-search-with-strands/api/venv_api/lib/python3.12/site-packages/pip/_vendor/rich/rule.py', reloading
 * Detected change in '/root/repo/tensile-search-with-strands/api/venv_api/lib/python3.12/site-packages/pip/_vendor/rich/scope.py', reloading
 * Detected change in '/root/repo/tensile-search-with-strands/api/venv_api/lib/python3.12/site-packages/pip/_vendor/rich/screen.py', reloading
 * Detected change in '/root/repo/tensile-search-with-strands/api/venv_api/lib/python3.12/site-packages/pip/_vendor/rich/segment.py', reloading
 * Detected change in '/root/repo/tensile-search-with-strands/api/venv_api/lib/python3.12/site-packages/pip/_vendor/rich/spinner.py', reloading
 * Detected change in '/root/repo/tensile-search-with-strands/api/venv_api/lib/python3.12/site-packages/pip/_vendor/rich/status.py', reloading
 * Detected change in '/root/repo/tensile-search-with-strands/api/venv_api/lib/python3.12/site-packages/pip/_vendor/rich/style.py', reloading
 * Detected change in '/root/repo/tensile-search-with-strands/api/venv_api/lib/python3.12/site-packages/pip/_vendor/rich/styled.py', reloading
 * Detected change in '/root/repo/tensile-search-with-strands/api/venv_api/lib/python3.12/site-packages/pip/_vendor/rich/syntax.py', reloading
 * Restarting with watchdog (inotify)
 * Debugger is active!
 * Debugger PIN: 740-969-780
